{"name":"SAMD00093766","accession":"SAMD00093766","domain":"self.BiosampleImportNCBI","taxId":2035411,"release":"2017-11-30T00:00:00Z","update":"2022-03-30T11:20:02.714Z","submitted":"2017-12-01T01:00:25.996Z","characteristics":{"External Id":[{"text":"SAMD00093766","tag":"Namespace:BioSample"}],"INSDC center name":[{"text":"Japan Agency for Marine-Earth Science and Technology"}],"INSDC first public":[{"text":"2017-11-30T00:00:00Z"}],"INSDC last update":[{"text":"2018-07-13T03:07:59Z"}],"INSDC status":[{"text":"live"}],"NCBI submission model":[{"text":"Generic"}],"NCBI submission package":[{"text":"Generic.1.0"}],"collection date":[{"text":"2017-06-13","tag":"attribute"}],"derived_from":[{"text":"SAMD00093579,SAMD00093580,SAMD00093581,SAMD00093582,SAMD00093583,SAMD00093584,SAMD00093585","tag":"attribute"}],"env biome":[{"text":"microbial mat","ontologyTerms":["http://purl.obolibrary.org/obo/ENVO_01000008"],"tag":"attribute"}],"environmental sample":[{"text":"TRUE","tag":"attribute"}],"geo loc name":[{"text":"Japan:Kanagawa, Yokosuka","tag":"attribute"}],"isolate":[{"text":"HRbin16","tag":"attribute"}],"isolation source":[{"text":"ammonia-oxidizing enrichment culture","tag":"attribute"}],"locus_tag_prefix":[{"text":"HRbin16","tag":"attribute"}],"metagenome source":[{"text":"ammonia-oxidizing enrichment culture","tag":"attribute"}],"metagenomic":[{"text":"TRUE","tag":"attribute"}],"note":[{"text":"This biosample is a metagenomic assembly obtained from the ammonia-oxidizing enrichment culture BioSample: SAMD00093579,SAMD00093580,SAMD00093581,SAMD00093582,SAMD00093583,SAMD00093584,SAMD00093585.","tag":"attribute"}],"organism":[{"text":"bacterium HR16","ontologyTerms":["http://purl.obolibrary.org/obo/NCBITaxon_2035411"]}],"sample name":[{"text":"HRbin16","tag":"attribute"}],"sample type":[{"text":"metagenomic assembly","tag":"attribute"}],"title":[{"text":"ammonia-oxidizing enrichment culture metagenomic bin HR16"}]},"submittedVia":"JSON_API","create":"2017-12-01T01:00:25.996Z","_links":{"self":{"href":"https://www.ebi.ac.uk/biosamples/samples/SAMD00093766"},"curationDomain":{"href":"https://www.ebi.ac.uk/biosamples/samples/SAMD00093766{?curationdomain}","templated":true},"curationLinks":{"href":"https://www.ebi.ac.uk/biosamples/samples/SAMD00093766/curationlinks"},"curationLink":{"href":"https://www.ebi.ac.uk/biosamples/samples/SAMD00093766/curationlinks/{hash}","templated":true},"structuredData":{"href":"https://www.ebi.ac.uk/biosamples/structureddata/SAMD00093766"}}}