{"name":"SAMD00081361","accession":"SAMD00081361","domain":"self.BiosampleImportNCBI","taxId":2005709,"release":"2017-12-15T00:00:00Z","update":"2022-03-30T11:44:13.383Z","submitted":"2017-12-16T01:10:44.962Z","characteristics":{"External Id":[{"text":"SAMD00081361","tag":"Namespace:BioSample"}],"INSDC center name":[{"text":"JAMSTEC"}],"INSDC first public":[{"text":"2017-12-15T00:00:00Z"}],"INSDC last update":[{"text":"2017-12-14T19:37:38Z"}],"INSDC status":[{"text":"live"}],"NCBI submission model":[{"text":"Generic"}],"NCBI submission package":[{"text":"Generic.1.0"}],"collection date":[{"text":"2010-06-16","tag":"attribute"}],"derived_from":[{"text":"SAMD00080626, SAMD00080628","tag":"attribute"}],"env biome":[{"text":"marine hydrothermal vent biome","tag":"attribute"}],"environmental sample":[{"text":"TRUE","tag":"attribute"}],"geo loc name":[{"text":"Pacific Ocean:Southern Mariana Trough","tag":"attribute"}],"isolate":[{"text":"BMS3Abin01","tag":"attribute"}],"isolation source":[{"text":"Sub-seafloor massive sulfide deposits","tag":"attribute"}],"locus_tag_prefix":[{"text":"BMS3Abin01","tag":"attribute"}],"metagenome source":[{"text":"marine metagenome","tag":"attribute"}],"metagenomic":[{"text":"TRUE","tag":"attribute"}],"note":[{"text":"This biosample is a metagenomic assembly obtained from the marine metagenome BioSample: SAMD00080626, SAMD00080628.","tag":"attribute"}],"organism":[{"text":"bacterium BMS3Abin01","ontologyTerms":["http://purl.obolibrary.org/obo/NCBITaxon_2005709"]}],"sample name":[{"text":"BMS3Abin01","tag":"attribute"}],"sample type":[{"text":"metagenomic assembly","tag":"attribute"}],"title":[{"text":"Sulfide deposis metagenomic bin BMS3Abin01"}]},"submittedVia":"JSON_API","create":"2017-12-16T01:10:44.962Z","_links":{"self":{"href":"https://www.ebi.ac.uk/biosamples/samples/SAMD00081361"},"curationDomain":{"href":"https://www.ebi.ac.uk/biosamples/samples/SAMD00081361{?curationdomain}","templated":true},"curationLinks":{"href":"https://www.ebi.ac.uk/biosamples/samples/SAMD00081361/curationlinks"},"curationLink":{"href":"https://www.ebi.ac.uk/biosamples/samples/SAMD00081361/curationlinks/{hash}","templated":true},"structuredData":{"href":"https://www.ebi.ac.uk/biosamples/structureddata/SAMD00081361"}}}