{"name":"SAMD00053944","accession":"SAMD00053944","domain":"self.BiosampleImportNCBI","taxId":1246530,"release":"2017-06-05T00:00:00Z","update":"2022-04-10T23:34:36.770Z","submitted":"2017-06-06T01:00:52.710Z","characteristics":{"External Id":[{"text":"SAMD00053944","tag":"Namespace:BioSample"}],"INSDC center name":[{"text":"Laboratory of Marine Microbiology, Graduate School of Agriculture, Kyoto University"}],"INSDC first public":[{"text":"2017-06-05T00:00:00Z"}],"INSDC last update":[{"text":"2022-04-05T05:27:04Z"}],"INSDC status":[{"text":"live"}],"NCBI submission model":[{"text":"MIGS.ba"}],"NCBI submission package":[{"text":"MIGS.ba.5.0"}],"collection date":[{"text":"2013","tag":"attribute"}],"description":[{"text":"Keywords: GSC:MIxS;MIGS:5.0"}],"env_broad_scale":[{"text":"marine biome","tag":"attribute"}],"env_local_scale":[{"text":"sea floor","tag":"attribute"}],"env_medium":[{"text":"marine sediment","tag":"attribute"}],"geo loc name":[{"text":"Japan: the southern coast of Kagoshima, Kikai Caldera","tag":"attribute"}],"isol_growth_condt":[{"text":"10.1099/ijs.0.050468-0","tag":"attribute"}],"lat lon":[{"text":"31.07 N 130.45 E","tag":"attribute"}],"locus_tag_prefix":[{"text":"KKC1","tag":"attribute"}],"num_replicons":[{"text":"1","tag":"attribute"}],"organism":[{"text":"Calderihabitans maritimus","ontologyTerms":["http://purl.obolibrary.org/obo/NCBITaxon_1246530"]}],"project name":[{"text":"Calderihabitans maritimus KKC1 Genome sequencing and assembly","tag":"attribute"}],"ref_biomaterial":[{"text":"10.1099/ijs.0.050468-0","tag":"attribute"}],"sample name":[{"text":"Calderihabitans maritimus KKC1 Genome sequencing and assembly","tag":"attribute"}],"strain":[{"text":"KKC1","tag":"attribute"}],"title":[{"text":"Genome sequence and assembly sample of Calderihabitans maritimus KKC1"}],"type material":[{"text":"type strain of Calderihabitans maritimus","tag":"attribute"}]},"submittedVia":"JSON_API","create":"2017-06-06T01:00:52.710Z","_links":{"self":{"href":"https://www.ebi.ac.uk/biosamples/samples/SAMD00053944"},"curationDomain":{"href":"https://www.ebi.ac.uk/biosamples/samples/SAMD00053944{?curationdomain}","templated":true},"curationLinks":{"href":"https://www.ebi.ac.uk/biosamples/samples/SAMD00053944/curationlinks"},"curationLink":{"href":"https://www.ebi.ac.uk/biosamples/samples/SAMD00053944/curationlinks/{hash}","templated":true},"structuredData":{"href":"https://www.ebi.ac.uk/biosamples/structureddata/SAMD00053944"}}}