{"name":"SAMD00036619","accession":"SAMD00036619","domain":"self.BiosampleImportNCBI","taxId":1197129,"release":"2015-09-15T14:24:14Z","update":"2022-03-29T13:46:37.255Z","submitted":"2015-09-16T16:10:29Z","characteristics":{"External Id":[{"text":"SAMD00036619","tag":"Namespace:BioSample"}],"INSDC center name":[{"text":"DDBJ"}],"INSDC first public":[{"text":"2015-09-15T14:24:14Z"}],"INSDC last update":[{"text":"2015-09-15T01:24:14Z"}],"INSDC status":[{"text":"live"}],"NCBI submission model":[{"text":"Generic"}],"NCBI submission package":[{"text":"Generic.1.0"}],"organism":[{"text":"Candidatus Brocadia sinica JPN1","ontologyTerms":["http://purl.obolibrary.org/obo/NCBITaxon_1197129"]}],"sample name":[{"text":"BAFN","tag":"attribute"}],"strain":[{"text":"JPN1","tag":"attribute"}],"title":[{"text":"Generic sample from Candidatus Brocadia sinica JPN1"}]},"submittedVia":"JSON_API","create":"2015-09-16T16:10:29Z","_links":{"self":{"href":"https://www.ebi.ac.uk/biosamples/samples/SAMD00036619"},"curationDomain":{"href":"https://www.ebi.ac.uk/biosamples/samples/SAMD00036619{?curationdomain}","templated":true},"curationLinks":{"href":"https://www.ebi.ac.uk/biosamples/samples/SAMD00036619/curationlinks"},"curationLink":{"href":"https://www.ebi.ac.uk/biosamples/samples/SAMD00036619/curationlinks/{hash}","templated":true},"structuredData":{"href":"https://www.ebi.ac.uk/biosamples/structureddata/SAMD00036619"}}}