{"name":"SAMD00061062","accession":"SAMD00061062","domain":"self.BiosampleImportNCBI","taxId":1298851,"release":"2016-09-27T00:00:00Z","update":"2022-03-29T21:37:39.809Z","submitted":"2016-09-28T01:02:17.360Z","characteristics":{"External Id":[{"text":"SAMD00061062","tag":"Namespace:BioSample"}],"INSDC center name":[{"text":"DDBJ"}],"INSDC first public":[{"text":"2016-09-27T00:00:00Z"}],"INSDC last update":[{"text":"2016-09-26T20:10:59Z"}],"INSDC status":[{"text":"live"}],"NCBI submission model":[{"text":"Generic"}],"NCBI submission package":[{"text":"Generic.1.0"}],"organism":[{"text":"Thermosulfidibacter takaii ABI70S6","ontologyTerms":["http://purl.obolibrary.org/obo/NCBITaxon_1298851"]}],"orgmod_note":[{"text":"strain coidentity: NBRC103674 = JCM13301 = DSM 17441","tag":"attribute"}],"sample name":[{"text":"AP013035","tag":"attribute"}],"strain":[{"text":"ABI70S6","tag":"attribute"}],"title":[{"text":"Generic sample from Thermosulfidibacter takaii ABI70S6"}],"type material":[{"text":"type strain of Thermosulfidibacter takaii","tag":"attribute"}]},"submittedVia":"JSON_API","create":"2016-09-28T01:02:17.360Z","_links":{"self":{"href":"https://www.ebi.ac.uk/biosamples/samples/SAMD00061062"},"curationDomain":{"href":"https://www.ebi.ac.uk/biosamples/samples/SAMD00061062{?curationdomain}","templated":true},"curationLinks":{"href":"https://www.ebi.ac.uk/biosamples/samples/SAMD00061062/curationlinks"},"curationLink":{"href":"https://www.ebi.ac.uk/biosamples/samples/SAMD00061062/curationlinks/{hash}","templated":true},"structuredData":{"href":"https://www.ebi.ac.uk/biosamples/structureddata/SAMD00061062"}}}