{"name":"SAMD00061096","accession":"SAMD00061096","domain":"self.BiosampleImportNCBI","taxId":273063,"release":"2016-09-27T00:00:00Z","update":"2022-03-29T21:37:40.351Z","submitted":"2016-09-28T01:02:46.380Z","characteristics":{"External Id":[{"text":"SAMD00061096","tag":"Namespace:BioSample"}],"INSDC center name":[{"text":"DDBJ"}],"INSDC first public":[{"text":"2016-09-27T00:00:00Z"}],"INSDC last update":[{"text":"2016-09-26T20:10:59Z"}],"INSDC status":[{"text":"live"}],"NCBI submission model":[{"text":"Generic"}],"NCBI submission package":[{"text":"Generic.1.0"}],"organism":[{"text":"Sulfurisphaera tokodaii str. 7","ontologyTerms":["http://purl.obolibrary.org/obo/NCBITaxon_273063"]}],"orgmod_note":[{"text":"strain coidentity: NBRC 100140","tag":"attribute"}],"sample name":[{"text":"BA000023","tag":"attribute"}],"strain":[{"text":"7","tag":"attribute"}],"title":[{"text":"Generic sample from Sulfolobus tokodaii str. 7"}],"type material":[{"text":"type strain of Sulfurisphaera tokodaii","tag":"attribute"}]},"submittedVia":"JSON_API","create":"2016-09-28T01:02:46.380Z","_links":{"self":{"href":"https://www.ebi.ac.uk/biosamples/samples/SAMD00061096"},"curationDomain":{"href":"https://www.ebi.ac.uk/biosamples/samples/SAMD00061096{?curationdomain}","templated":true},"curationLinks":{"href":"https://www.ebi.ac.uk/biosamples/samples/SAMD00061096/curationlinks"},"curationLink":{"href":"https://www.ebi.ac.uk/biosamples/samples/SAMD00061096/curationlinks/{hash}","templated":true},"structuredData":{"href":"https://www.ebi.ac.uk/biosamples/structureddata/SAMD00061096"}}}