{"name":"SAMD00000444","accession":"SAMD00000444","domain":"self.BiosampleImportNCBI","taxId":1294024,"release":"2015-10-01T00:00:00Z","update":"2022-04-10T23:11:35.941Z","submitted":"2015-10-07T01:01:12Z","characteristics":{"External Id":[{"text":"SAMD00000444","tag":"Namespace:BioSample"}],"INSDC center name":[{"text":"Hattori Laboratory, Center for Omics and Bioinformatics, Graduate School of Frontier Sciences, The University of Tokyo"}],"INSDC first public":[{"text":"2015-10-01T00:00:00Z"}],"INSDC last update":[{"text":"2022-04-05T04:36:12Z"}],"INSDC status":[{"text":"live"}],"NCBI submission model":[{"text":"MIGS.ba"}],"NCBI submission package":[{"text":"MIGS.ba.5.0"}],"culture collection":[{"text":"JCM: 14719","tag":"attribute"}],"description":[{"text":"Keywords: GSC:MIxS;MIGS:5.0"}],"env_broad_scale":[{"text":"bacteria","ontologyTerms":["http://purl.obolibrary.org/obo/NCBITaxon_2"],"tag":"attribute"}],"locus_tag prefix":[{"text":"JCM14719","tag":"attribute"}],"organism":[{"text":"Calditerricola satsumensis JCM 14719","ontologyTerms":["http://purl.obolibrary.org/obo/NCBITaxon_1294024"]}],"project name":[{"text":"NBRP : Genome information of microbial organism related human and environment","tag":"attribute"}],"sample name":[{"text":"JCM 14719","tag":"attribute"}],"strain":[{"text":"JCM 14719","tag":"attribute"}],"title":[{"text":"MIGS Cultured Bacterial/Archaeal sample from Calditerricola satsumensis JCM 14719"}],"type material":[{"text":"type strain of Calditerricola satsumensis","tag":"attribute"}]},"submittedVia":"JSON_API","create":"2015-10-07T01:01:12Z","_links":{"self":{"href":"https://www.ebi.ac.uk/biosamples/samples/SAMD00000444"},"curationDomain":{"href":"https://www.ebi.ac.uk/biosamples/samples/SAMD00000444{?curationdomain}","templated":true},"curationLinks":{"href":"https://www.ebi.ac.uk/biosamples/samples/SAMD00000444/curationlinks"},"curationLink":{"href":"https://www.ebi.ac.uk/biosamples/samples/SAMD00000444/curationlinks/{hash}","templated":true},"structuredData":{"href":"https://www.ebi.ac.uk/biosamples/structureddata/SAMD00000444"}}}