{"name":"SAMD00081395","accession":"SAMD00081395","domain":"self.BiosampleImportNCBI","taxId":1348429,"release":"2017-09-13T00:00:00Z","update":"2022-04-10T23:35:58.348Z","submitted":"2017-09-14T01:00:42.913Z","characteristics":{"External Id":[{"text":"SAMD00081395","tag":"Namespace:BioSample"}],"INSDC center name":[{"text":"The Institute of Low Temperature Science, Hokkaido University"}],"INSDC first public":[{"text":"2017-09-13T00:00:00Z"}],"INSDC last update":[{"text":"2022-04-04T05:41:23Z"}],"INSDC status":[{"text":"live"}],"NCBI submission model":[{"text":"MIGS.ba.sediment"}],"NCBI submission package":[{"text":"MIGS.ba.sediment.5.0"}],"description":[{"text":"Keywords: GSC:MIxS;MIGS:5.0"}],"env_broad_scale":[{"text":"lake sediment","tag":"attribute"}],"env_local_scale":[{"text":"freshwater lake","tag":"attribute"}],"env_medium":[{"text":"freshwater lake sediment","tag":"attribute"}],"geo loc name":[{"text":"Japan:Yamanashi, Lake Mizugaki","tag":"attribute"}],"locus_tag_prefix":[{"text":"EFBL","tag":"attribute"}],"organism":[{"text":"Effusibacillus lacus","ontologyTerms":["http://purl.obolibrary.org/obo/NCBITaxon_1348429"]}],"project name":[{"text":"Draft genome sequence of Effusibacillus lacus strain skLN1","tag":"attribute"}],"sample name":[{"text":"Effusibacillus lacus strain skLN1","tag":"attribute"}],"strain":[{"text":"skLN1","tag":"attribute"}],"title":[{"text":"Genomic DNA of Effusibacillus lacus strain skLN1"}],"type material":[{"text":"type strain of Effusibacillus lacus","tag":"attribute"}]},"submittedVia":"JSON_API","create":"2017-09-14T01:00:42.913Z","_links":{"self":{"href":"https://www.ebi.ac.uk/biosamples/samples/SAMD00081395"},"curationDomain":{"href":"https://www.ebi.ac.uk/biosamples/samples/SAMD00081395{?curationdomain}","templated":true},"curationLinks":{"href":"https://www.ebi.ac.uk/biosamples/samples/SAMD00081395/curationlinks"},"curationLink":{"href":"https://www.ebi.ac.uk/biosamples/samples/SAMD00081395/curationlinks/{hash}","templated":true},"structuredData":{"href":"https://www.ebi.ac.uk/biosamples/structureddata/SAMD00081395"}}}