{"name":"SAMD00016904","accession":"SAMD00016904","domain":"self.BiosampleImportNCBI","taxId":1499966,"release":"2014-08-05T00:00:00Z","update":"2022-04-10T23:07:53.996Z","submitted":"2014-08-05T00:00:00Z","characteristics":{"External Id":[{"text":"SAMD00016904","tag":"Namespace:BioSample"}],"INSDC center name":[{"text":"National Institute of Advanced Industrial Science and Technology (AIST)"}],"INSDC first public":[{"text":"2014-08-05T00:00:00Z"}],"INSDC last update":[{"text":"2022-04-05T05:49:00Z"}],"INSDC status":[{"text":"live"}],"NCBI submission model":[{"text":"MIMS.me.microbial"}],"NCBI submission package":[{"text":"MIMS.me.microbial.5.0"}],"collection date":[{"text":"2013","tag":"attribute"}],"depth":[{"text":"cannot be opened","tag":"attribute"}],"description":[{"text":"Keywords: GSC:MIxS;MIMS:5.0"}],"elev":[{"text":"cannot be opened","tag":"attribute"}],"env_broad_scale":[{"text":"wastewater treatment system","tag":"attribute"}],"env_local_scale":[{"text":"methanogenic","tag":"attribute"}],"env_medium":[{"text":"sludge","tag":"attribute"}],"geo loc name":[{"text":"Japan","tag":"attribute"}],"lat lon":[{"text":"cannot be opened","tag":"attribute"}],"locu_tag_prefix":[{"text":"U14","tag":"attribute"}],"organism":[{"text":"Candidatus Moduliflexus flocculans","ontologyTerms":["http://purl.obolibrary.org/obo/NCBITaxon_1499966"]}],"project name":[{"text":"Analysis of uncultured KSB3 bacterium UASB14 population genome","tag":"attribute"}],"sample name":[{"text":"UASB14","tag":"attribute"}],"strain":[{"text":"UASB14","tag":"attribute"}],"title":[{"text":"Uncultured KSB3 bacterium UASB14"}]},"submittedVia":"JSON_API","create":"2014-08-05T00:00:00Z","_links":{"self":{"href":"https://www.ebi.ac.uk/biosamples/samples/SAMD00016904"},"curationDomain":{"href":"https://www.ebi.ac.uk/biosamples/samples/SAMD00016904{?curationdomain}","templated":true},"curationLinks":{"href":"https://www.ebi.ac.uk/biosamples/samples/SAMD00016904/curationlinks"},"curationLink":{"href":"https://www.ebi.ac.uk/biosamples/samples/SAMD00016904/curationlinks/{hash}","templated":true},"structuredData":{"href":"https://www.ebi.ac.uk/biosamples/structureddata/SAMD00016904"}}}