{"name":"SAMD00019276","accession":"SAMD00019276","domain":"self.BiosampleImportNCBI","taxId":29554,"release":"2014-08-26T00:00:00Z","update":"2022-04-10T23:08:03.774Z","submitted":"2014-08-26T00:00:00Z","characteristics":{"External Id":[{"text":"SAMD00019276","tag":"Namespace:BioSample"}],"INSDC center name":[{"text":"National Institute of Animal Health, National Agriculture and Food Research Organization"}],"INSDC first public":[{"text":"2014-08-26T00:00:00Z"}],"INSDC last update":[{"text":"2022-04-05T04:55:20Z"}],"INSDC status":[{"text":"live"}],"NCBI submission model":[{"text":"MIGS.ba"}],"NCBI submission package":[{"text":"MIGS.ba.5.0"}],"collection date":[{"text":"2008-11","tag":"attribute"}],"description":[{"text":"Keywords: GSC:MIxS;MIGS:5.0"}],"env_broad_scale":[{"text":"livestock-associated habitat (ENVO:02000005)","tag":"attribute"}],"env_local_scale":[{"text":"cow shed (ENVO:00003041)","tag":"attribute"}],"env_medium":[{"text":"cow's milk (ENVO:0010035)","tag":"attribute"}],"estimated size":[{"text":"693,241-bp","tag":"attribute"}],"geo loc name":[{"text":"Japan: Hokkaido","tag":"attribute"}],"health_disease_stat":[{"text":"bovine mastitis causal agent","tag":"attribute"}],"host":[{"text":"ruminants (bovine)","tag":"attribute"}],"host_spec_range":[{"text":"pathogenicity","ontologyTerms":["http://purl.obolibrary.org/obo/NCBITaxon_102793"],"tag":"attribute"}],"isol_growth_condt":[{"text":"3146169","tag":"attribute"}],"isolate":[{"text":"Mycoplasma canadense #HAZ360_1","tag":"attribute"}],"label":[{"text":"563","tag":"attribute"}],"organism":[{"text":"Metamycoplasma canadense","ontologyTerms":["http://purl.obolibrary.org/obo/NCBITaxon_29554"]}],"project name":[{"text":"Complete genome sequenceing of Mycoplasma canadense, Global studies of bacterium involved in mycoplasmal bovine mastitis.","tag":"attribute"}],"sample name":[{"text":"Mycoplasma canadense #HAZ360_1","tag":"attribute"}],"strain":[{"text":"HAZ360_1","tag":"attribute"}],"title":[{"text":"Mycoplasma canadense str. HAZ360_1 bovine mastitis isolate 2008_Nov"}]},"submittedVia":"JSON_API","create":"2014-08-26T00:00:00Z","_links":{"self":{"href":"https://www.ebi.ac.uk/biosamples/samples/SAMD00019276"},"curationDomain":{"href":"https://www.ebi.ac.uk/biosamples/samples/SAMD00019276{?curationdomain}","templated":true},"curationLinks":{"href":"https://www.ebi.ac.uk/biosamples/samples/SAMD00019276/curationlinks"},"curationLink":{"href":"https://www.ebi.ac.uk/biosamples/samples/SAMD00019276/curationlinks/{hash}","templated":true},"structuredData":{"href":"https://www.ebi.ac.uk/biosamples/structureddata/SAMD00019276"}}}