{"name":"egemina21","accession":"SAMEA3913525","webinSubmissionAccountId":"Webin-42819","taxId":93172,"release":"2016-04-22T17:01:25Z","update":"2021-08-21T14:51:13.366Z","submitted":"2016-03-31T14:40:34Z","characteristics":{"ENA first public":[{"text":"2016-04-22","tag":"attribute"}],"ENA last update":[{"text":"2016-10-21","tag":"attribute"}],"ENA-CHECKLIST":[{"text":"ERC000013","tag":"attribute"}],"External Id":[{"text":"SAMEA3913525","tag":"Namespace:BioSample"}],"INSDC center alias":[{"text":"GeneWiz"}],"INSDC center name":[{"text":"GeneWiz"}],"INSDC first public":[{"text":"2016-04-22T17:01:25Z"}],"INSDC last update":[{"text":"2016-10-21T09:40:11Z"}],"INSDC status":[{"text":"public"}],"SRA accession":[{"text":"ERS1100659"}],"Submitter Id":[{"text":"egemina21","tag":"Namespace:GeneWiz"}],"collection date":[{"text":"2013-07","tag":"attribute"}],"description":[{"text":"For a better understanding of Entotheonella symbionts in sponges"}],"environment (biome)":[{"text":"coral reef","ontologyTerms":["http://purl.obolibrary.org/obo/ENVO_00000150"],"tag":"attribute"}],"environment (feature)":[{"text":"harbor","tag":"attribute"}],"environment (material)":[{"text":"water","ontologyTerms":["http://purl.obolibrary.org/obo/CHEBI_15377"],"tag":"attribute"}],"geographic location (country and/or sea)":[{"text":"China","tag":"attribute"}],"geographic location (latitude)":[{"text":"16.50","unit":"DD","tag":"attribute"}],"geographic location (longitude)":[{"text":"112.20","unit":"DD","tag":"attribute"}],"host-associated environmental package":[{"text":"host-associated","tag":"attribute"}],"investigation type":[{"text":"metagenome","tag":"attribute"}],"organism":[{"text":"Candidatus Entotheonella palauensis","ontologyTerms":["http://purl.obolibrary.org/obo/NCBITaxon_93172"]}],"project name":[{"text":"metagenome binning of Entothonella gemina","tag":"attribute"}],"sequencing method":[{"text":"pyrosequencing","tag":"attribute"}],"title":[{"text":"metagenome binning of Entotheonella spp."}]},"externalReferences":[{"url":"https://www.ebi.ac.uk/ena/browser/view/SAMEA3913525","duo":[]}],"submittedVia":"JSON_API","create":"2018-12-07T06:01:59.198Z","_links":{"self":{"href":"https://www.ebi.ac.uk/biosamples/samples/SAMEA3913525"},"curationDomain":{"href":"https://www.ebi.ac.uk/biosamples/samples/SAMEA3913525{?curationdomain}","templated":true},"curationLinks":{"href":"https://www.ebi.ac.uk/biosamples/samples/SAMEA3913525/curationlinks"},"curationLink":{"href":"https://www.ebi.ac.uk/biosamples/samples/SAMEA3913525/curationlinks/{hash}","templated":true},"structuredData":{"href":"https://www.ebi.ac.uk/biosamples/structureddata/SAMEA3913525"}}}