{"name":"GCA_000427095","accession":"SAMEA2272150","webinSubmissionAccountId":"Webin-22","taxId":1303518,"release":"2013-12-19T12:09:22Z","update":"2021-08-20T10:56:05.132Z","submitted":"2013-12-09T15:23:53Z","characteristics":{"ENA first public":[{"text":"2013-12-19","tag":"attribute"}],"ENA last update":[{"text":"2013-12-09","tag":"attribute"}],"ENA-CHECKLIST":[{"text":"ERC000011","tag":"attribute"}],"External Id":[{"text":"SAMEA2272150","tag":"Namespace:BioSample"}],"INSDC center alias":[{"text":"EBI"}],"INSDC center name":[{"text":"European Bioinformatics Institute"}],"INSDC first public":[{"text":"2013-12-19T12:09:22Z"}],"INSDC last update":[{"text":"2013-12-09T15:23:53Z"}],"INSDC status":[{"text":"public"}],"SRA accession":[{"text":"ERS379604"}],"Submitter Id":[{"text":"GCA_000427095","tag":"Namespace:EBI"}],"broker name":[{"text":"European Nucleotide Archive"}],"individual name":[{"text":"GCA_000427095"}],"organism":[{"text":"Chthonomonas calidirosea T49","ontologyTerms":["http://purl.obolibrary.org/obo/NCBITaxon_1303518"]}],"strain":[{"text":"T49","tag":"attribute"}],"title":[{"text":"BioSample entry for genome collection GCA_000427095"}]},"externalReferences":[{"url":"https://www.ebi.ac.uk/ena/browser/view/SAMEA2272150","duo":[]}],"submittedVia":"JSON_API","create":"2019-03-28T15:24:16.259Z","_links":{"self":{"href":"https://www.ebi.ac.uk/biosamples/samples/SAMEA2272150"},"curationDomain":{"href":"https://www.ebi.ac.uk/biosamples/samples/SAMEA2272150{?curationdomain}","templated":true},"curationLinks":{"href":"https://www.ebi.ac.uk/biosamples/samples/SAMEA2272150/curationlinks"},"curationLink":{"href":"https://www.ebi.ac.uk/biosamples/samples/SAMEA2272150/curationlinks/{hash}","templated":true},"structuredData":{"href":"https://www.ebi.ac.uk/biosamples/structureddata/SAMEA2272150"}}}