{"name":"ERS617223","accession":"SAMEA3146267","domain":"self.BiosampleImportENA","taxId":1400863,"release":"2014-11-29T01:31:33Z","update":"2019-03-28T17:31:14.044Z","characteristics":{"ENA checklist":[{"text":"ERC000011"}],"INSDC center alias":[{"text":"EBI"}],"INSDC center name":[{"text":"European Bioinformatics Institute"}],"INSDC first public":[{"text":"2014-11-29T01:31:33Z"}],"INSDC last update":[{"text":"2014-11-27T16:28:03Z"}],"INSDC status":[{"text":"public"}],"SRA accession":[{"text":"ERS617223"}],"alias":[{"text":"CBTJ"}],"broker name":[{"text":"European Nucleotide Archive"}],"organism":[{"text":"Candidatus Competibacter denitrificans Run_A_D11","ontologyTerms":["http://purl.obolibrary.org/obo/NCBITaxon_1400863"]}],"strain":[{"text":"Run_A_D11"}],"synonym":[{"text":"CBTJ"}],"title":[{"text":"BioSample entry for WGS set CBTJ"}]},"externalReferences":[{"url":"https://www.ebi.ac.uk/ena/data/view/SAMEA3146267","duo":[]}],"submittedVia":"JSON_API","create":"2019-03-28T17:31:14.044Z","_links":{"self":{"href":"https://www.ebi.ac.uk/biosamples/samples/SAMEA3146267"},"curationDomain":{"href":"https://www.ebi.ac.uk/biosamples/samples/SAMEA3146267{?curationdomain}","templated":true},"curationLinks":{"href":"https://www.ebi.ac.uk/biosamples/samples/SAMEA3146267/curationlinks"},"curationLink":{"href":"https://www.ebi.ac.uk/biosamples/samples/SAMEA3146267/curationlinks/{hash}","templated":true},"structuredData":{"href":"https://www.ebi.ac.uk/biosamples/structureddata/SAMEA3146267"}}}