{"name":"c5","accession":"SAMEA3730008","webinSubmissionAccountId":"Webin-41541","taxId":244328,"release":"2016-01-20T17:01:29Z","update":"2021-08-21T13:46:32.187Z","submitted":"2016-01-20T08:48:53Z","characteristics":{"ENA first public":[{"text":"2016-01-20","tag":"attribute"}],"ENA last update":[{"text":"2016-10-21","tag":"attribute"}],"ENA-CHECKLIST":[{"text":"ERC000011","tag":"attribute"}],"External Id":[{"text":"SAMEA3730008","tag":"Namespace:BioSample"}],"INSDC center alias":[{"text":"Center for Microbial Communities"}],"INSDC center name":[{"text":"Center for Microbial Communities"}],"INSDC first public":[{"text":"2016-01-20T17:01:29Z"}],"INSDC last update":[{"text":"2016-10-21T09:49:10Z"}],"INSDC status":[{"text":"public"}],"SRA accession":[{"text":"ERS1037157"}],"Submitter Id":[{"text":"c5","tag":"Namespace:Center for Microbial Communities"}],"description":[{"text":"Clostridia C5 bin genome"}],"isolation source":[{"text":"anaerobic digester metagenome","tag":"attribute"}],"organism":[{"text":"uncultured Clostridia bacterium","ontologyTerms":["http://purl.obolibrary.org/obo/NCBITaxon_244328"]}],"title":[{"text":"Clostridia C5 bin genome"}]},"externalReferences":[{"url":"https://www.ebi.ac.uk/ena/browser/view/SAMEA3730008","duo":[]}],"submittedVia":"JSON_API","create":"2018-12-07T05:42:40.768Z","_links":{"self":{"href":"https://www.ebi.ac.uk/biosamples/samples/SAMEA3730008"},"curationDomain":{"href":"https://www.ebi.ac.uk/biosamples/samples/SAMEA3730008{?curationdomain}","templated":true},"curationLinks":{"href":"https://www.ebi.ac.uk/biosamples/samples/SAMEA3730008/curationlinks"},"curationLink":{"href":"https://www.ebi.ac.uk/biosamples/samples/SAMEA3730008/curationlinks/{hash}","templated":true},"structuredData":{"href":"https://www.ebi.ac.uk/biosamples/structureddata/SAMEA3730008"}}}