{"name":"CIP107455T","accession":"SAMEA4644770","webinSubmissionAccountId":"Webin-39067","taxId":153267,"release":"2018-06-22T17:02:51Z","update":"2021-08-22T02:22:08.761Z","submitted":"2018-05-04T13:35:59Z","characteristics":{"ENA first public":[{"text":"2018-06-22","tag":"attribute"}],"ENA last update":[{"text":"2018-05-04","tag":"attribute"}],"ENA-CHECKLIST":[{"text":"ERC000011","tag":"attribute"}],"External Id":[{"text":"SAMEA4644770","tag":"Namespace:BioSample"}],"INSDC center alias":[{"text":"INSTITUT PASTEUR"}],"INSDC center name":[{"text":"Institut Pasteur"}],"INSDC first public":[{"text":"2018-06-22T17:02:51Z"}],"INSDC last update":[{"text":"2018-05-04T13:35:59Z"}],"INSDC status":[{"text":"public"}],"SRA accession":[{"text":"ERS2465417"}],"Submitter Id":[{"text":"CIP107455T","tag":"Namespace:INSTITUT PASTEUR"}],"organism":[{"text":"Aequorivita lipolytica","ontologyTerms":["http://purl.obolibrary.org/obo/NCBITaxon_153267"]}],"strain":[{"text":"CIP107455T","tag":"attribute"}],"title":[{"text":"Aequorivita lipolytica CIP107455T genome"}]},"externalReferences":[{"url":"https://www.ebi.ac.uk/ena/browser/view/SAMEA4644770","duo":[]}],"submittedVia":"JSON_API","create":"2019-03-30T04:58:43.968Z","_links":{"self":{"href":"https://www.ebi.ac.uk/biosamples/samples/SAMEA4644770"},"curationDomain":{"href":"https://www.ebi.ac.uk/biosamples/samples/SAMEA4644770{?curationdomain}","templated":true},"curationLinks":{"href":"https://www.ebi.ac.uk/biosamples/samples/SAMEA4644770/curationlinks"},"curationLink":{"href":"https://www.ebi.ac.uk/biosamples/samples/SAMEA4644770/curationlinks/{hash}","templated":true},"structuredData":{"href":"https://www.ebi.ac.uk/biosamples/structureddata/SAMEA4644770"}}}