{"name":"GCA_000294655","accession":"SAMEA2272023","webinSubmissionAccountId":"Webin-22","taxId":1150626,"release":"2013-12-19T12:09:22Z","update":"2021-08-20T10:56:01.314Z","submitted":"2013-12-09T15:23:49Z","characteristics":{"ENA first public":[{"text":"2013-12-19","tag":"attribute"}],"ENA last update":[{"text":"2013-12-09","tag":"attribute"}],"ENA-CHECKLIST":[{"text":"ERC000011","tag":"attribute"}],"External Id":[{"text":"SAMEA2272023","tag":"Namespace:BioSample"}],"INSDC center alias":[{"text":"EBI"}],"INSDC center name":[{"text":"European Bioinformatics Institute"}],"INSDC first public":[{"text":"2013-12-19T12:09:22Z"}],"INSDC last update":[{"text":"2013-12-09T15:23:49Z"}],"INSDC status":[{"text":"public"}],"SRA accession":[{"text":"ERS379484"}],"Submitter Id":[{"text":"GCA_000294655","tag":"Namespace:EBI"}],"broker name":[{"text":"European Nucleotide Archive"}],"individual name":[{"text":"GCA_000294655"}],"organism":[{"text":"Phaeospirillum molischianum DSM 120","ontologyTerms":["http://purl.obolibrary.org/obo/NCBITaxon_1150626"]}],"strain":[{"text":"DSM 120","tag":"attribute"}],"title":[{"text":"BioSample entry for genome collection GCA_000294655"}]},"externalReferences":[{"url":"https://www.ebi.ac.uk/ena/browser/view/SAMEA2272023","duo":[]}],"submittedVia":"JSON_API","create":"2019-03-28T15:24:13.977Z","_links":{"self":{"href":"https://www.ebi.ac.uk/biosamples/samples/SAMEA2272023"},"curationDomain":{"href":"https://www.ebi.ac.uk/biosamples/samples/SAMEA2272023{?curationdomain}","templated":true},"curationLinks":{"href":"https://www.ebi.ac.uk/biosamples/samples/SAMEA2272023/curationlinks"},"curationLink":{"href":"https://www.ebi.ac.uk/biosamples/samples/SAMEA2272023/curationlinks/{hash}","templated":true},"structuredData":{"href":"https://www.ebi.ac.uk/biosamples/structureddata/SAMEA2272023"}}}