{"name":"RUG770","accession":"SAMEA104666321","webinSubmissionAccountId":"Webin-44082","taxId":77133,"release":"2018-03-06T17:05:16Z","update":"2021-08-21T04:23:00.382Z","submitted":"2018-03-05T16:06:52Z","characteristics":{"ENA first public":[{"text":"2018-03-06","tag":"attribute"}],"ENA last update":[{"text":"2018-03-05","tag":"attribute"}],"ENA-CHECKLIST":[{"text":"ERC000011","tag":"attribute"}],"External Id":[{"text":"SAMEA104666321","tag":"Namespace:BioSample"}],"INSDC center alias":[{"text":"THE ROSLIN INSTITUTE"}],"INSDC center name":[{"text":"THE ROSLIN INSTITUTE"}],"INSDC first public":[{"text":"2018-03-06T17:05:16Z"}],"INSDC last update":[{"text":"2018-03-05T16:06:52Z"}],"INSDC status":[{"text":"public"}],"SRA accession":[{"text":"ERS2267704"}],"Submitter Id":[{"text":"RUG770","tag":"Namespace:THE ROSLIN INSTITUTE"}],"common name":[{"text":"uncultured bacterium"}],"description":[{"text":"Metagenome assembled genome (MAG) Rumen Uncultured Genome (RUG) uncultured bacterium RUG770. Assembled from metagenomics samples ERS1812979 - ERS1813020"}],"isolate":[{"text":"RUG770","tag":"attribute"}],"organism":[{"text":"uncultured bacterium","ontologyTerms":["http://purl.obolibrary.org/obo/NCBITaxon_77133"]}],"title":[{"text":"uncultured bacterium RUG770"}]},"externalReferences":[{"url":"https://www.ebi.ac.uk/ena/browser/view/SAMEA104666321","duo":[]}],"submittedVia":"JSON_API","create":"2019-03-28T14:10:25.567Z","_links":{"self":{"href":"https://www.ebi.ac.uk/biosamples/samples/SAMEA104666321"},"curationDomain":{"href":"https://www.ebi.ac.uk/biosamples/samples/SAMEA104666321{?curationdomain}","templated":true},"curationLinks":{"href":"https://www.ebi.ac.uk/biosamples/samples/SAMEA104666321/curationlinks"},"curationLink":{"href":"https://www.ebi.ac.uk/biosamples/samples/SAMEA104666321/curationlinks/{hash}","templated":true},"structuredData":{"href":"https://www.ebi.ac.uk/biosamples/structureddata/SAMEA104666321"}}}