{"name":"GCA_000433675","accession":"SAMEA3138571","webinSubmissionAccountId":"Webin-22","taxId":1262806,"release":"2014-11-20T12:20:15Z","update":"2021-08-21T07:53:12.319Z","submitted":"2014-11-20T11:55:17Z","characteristics":{"ENA first public":[{"text":"2014-11-20","tag":"attribute"}],"ENA last update":[{"text":"2016-10-21","tag":"attribute"}],"ENA-CHECKLIST":[{"text":"ERC000011","tag":"attribute"}],"External Id":[{"text":"SAMEA3138571","tag":"Namespace:BioSample"}],"INSDC center alias":[{"text":"EBI"}],"INSDC center name":[{"text":"European Bioinformatics Institute"}],"INSDC first public":[{"text":"2014-11-20T12:20:15Z"}],"INSDC last update":[{"text":"2016-10-21T09:48:32Z"}],"INSDC status":[{"text":"public"}],"SRA accession":[{"text":"ERS610506"}],"Submitter Id":[{"text":"GCA_000433675","tag":"Namespace:EBI"}],"broker name":[{"text":"European Nucleotide Archive"}],"isolation source":[{"text":"derived from human gut metagenome","tag":"attribute"}],"note":[{"text":"Y","tag":"attribute"}],"organism":[{"text":"Clostridium sp. CAG:433","ontologyTerms":["http://purl.obolibrary.org/obo/NCBITaxon_1262806"]}],"title":[{"text":"BioSample entry for genome collection GCA_000433675"}]},"externalReferences":[{"url":"https://www.ebi.ac.uk/ena/browser/view/SAMEA3138571","duo":[]}],"submittedVia":"JSON_API","create":"2019-03-28T17:23:25.215Z","_links":{"self":{"href":"https://www.ebi.ac.uk/biosamples/samples/SAMEA3138571"},"curationDomain":{"href":"https://www.ebi.ac.uk/biosamples/samples/SAMEA3138571{?curationdomain}","templated":true},"curationLinks":{"href":"https://www.ebi.ac.uk/biosamples/samples/SAMEA3138571/curationlinks"},"curationLink":{"href":"https://www.ebi.ac.uk/biosamples/samples/SAMEA3138571/curationlinks/{hash}","templated":true},"structuredData":{"href":"https://www.ebi.ac.uk/biosamples/structureddata/SAMEA3138571"}}}