{"name":"Kocevje_1","accession":"SAMEA3627641","webinSubmissionAccountId":"Webin-274","taxId":1806508,"release":"2016-05-11T17:01:40Z","update":"2021-08-21T12:21:42.007Z","submitted":"2015-10-19T10:45:50Z","characteristics":{"ENA first public":[{"text":"2016-05-11","tag":"attribute"}],"ENA last update":[{"text":"2017-08-16","tag":"attribute"}],"ENA-CHECKLIST":[{"text":"ERC000023","tag":"attribute"}],"External Id":[{"text":"SAMEA3627641","tag":"Namespace:BioSample"}],"INSDC center alias":[{"text":"Department of Biotechnology, Chemistry and Environmental Engineering, Aalborg University"}],"INSDC center name":[{"text":"Aalborg University"}],"INSDC first public":[{"text":"2016-05-11T17:01:40Z"}],"INSDC last update":[{"text":"2017-08-16T13:49:33Z"}],"INSDC status":[{"text":"public"}],"SRA accession":[{"text":"ERS934790"}],"Submitter Id":[{"text":"Kocevje_1","tag":"Namespace:Department of Biotechnology, Chemistry and Environmental Engineering, Aalborg University"}],"collection date":[{"text":"2012-09-24","tag":"attribute"}],"environment (biome)":[{"text":"Wastewater","tag":"attribute"}],"environment (feature)":[{"text":"WWTP","tag":"attribute"}],"environment (material)":[{"text":"Activated sludge biomass","tag":"attribute"}],"geographic location (country and/or sea)":[{"text":"Slovenia","tag":"attribute"}],"geographic location (latitude)":[{"text":"45.6430","unit":"DD","tag":"attribute"}],"geographic location (longitude)":[{"text":"14.8594","unit":"DD","tag":"attribute"}],"investigation type":[{"text":"metagenome","tag":"attribute"}],"organism":[{"text":"Candidatus Promineofilum breve","ontologyTerms":["http://purl.obolibrary.org/obo/NCBITaxon_1806508"]}],"project name":[{"text":"Genome sequence for Candidatus Promineofilum breve","tag":"attribute"}],"sequencing method":[{"text":"Illumina","tag":"attribute"}],"strain":[{"text":"Cfx-K","tag":"attribute"}],"title":[{"text":"Kocevje WWTP"}],"wastewater/sludge environmental package":[{"text":"wastewater/sludge","tag":"attribute"}]},"externalReferences":[{"url":"https://www.ebi.ac.uk/ena/browser/view/SAMEA3627641","duo":[]}],"submittedVia":"JSON_API","create":"2018-12-07T05:14:48.028Z","_links":{"self":{"href":"https://www.ebi.ac.uk/biosamples/samples/SAMEA3627641"},"curationDomain":{"href":"https://www.ebi.ac.uk/biosamples/samples/SAMEA3627641{?curationdomain}","templated":true},"curationLinks":{"href":"https://www.ebi.ac.uk/biosamples/samples/SAMEA3627641/curationlinks"},"curationLink":{"href":"https://www.ebi.ac.uk/biosamples/samples/SAMEA3627641/curationlinks/{hash}","templated":true},"structuredData":{"href":"https://www.ebi.ac.uk/biosamples/structureddata/SAMEA3627641"}}}