{"name":"RUG251","accession":"SAMEA104666539","webinSubmissionAccountId":"Webin-44082","taxId":172733,"release":"2018-03-06T17:05:16Z","update":"2021-08-21T04:23:04.521Z","submitted":"2018-03-05T16:06:56Z","characteristics":{"ENA first public":[{"text":"2018-03-06","tag":"attribute"}],"ENA last update":[{"text":"2018-03-05","tag":"attribute"}],"ENA-CHECKLIST":[{"text":"ERC000011","tag":"attribute"}],"External Id":[{"text":"SAMEA104666539","tag":"Namespace:BioSample"}],"INSDC center alias":[{"text":"THE ROSLIN INSTITUTE"}],"INSDC center name":[{"text":"THE ROSLIN INSTITUTE"}],"INSDC first public":[{"text":"2018-03-06T17:05:16Z"}],"INSDC last update":[{"text":"2018-03-05T16:06:56Z"}],"INSDC status":[{"text":"public"}],"SRA accession":[{"text":"ERS2267922"}],"Submitter Id":[{"text":"RUG251","tag":"Namespace:THE ROSLIN INSTITUTE"}],"common name":[{"text":"uncultured Clostridiales bacterium"}],"description":[{"text":"Metagenome assembled genome (MAG) Rumen Uncultured Genome (RUG) uncultured Clostridiales bacterium RUG251. Assembled from metagenomics samples ERS1812979 - ERS1813020"}],"isolate":[{"text":"RUG251","tag":"attribute"}],"organism":[{"text":"uncultured Clostridiales bacterium","ontologyTerms":["http://purl.obolibrary.org/obo/NCBITaxon_172733"]}],"title":[{"text":"uncultured Clostridiales bacterium RUG251"}]},"externalReferences":[{"url":"https://www.ebi.ac.uk/ena/browser/view/SAMEA104666539","duo":[]}],"submittedVia":"JSON_API","create":"2019-03-28T14:10:27.582Z","_links":{"self":{"href":"https://www.ebi.ac.uk/biosamples/samples/SAMEA104666539"},"curationDomain":{"href":"https://www.ebi.ac.uk/biosamples/samples/SAMEA104666539{?curationdomain}","templated":true},"curationLinks":{"href":"https://www.ebi.ac.uk/biosamples/samples/SAMEA104666539/curationlinks"},"curationLink":{"href":"https://www.ebi.ac.uk/biosamples/samples/SAMEA104666539/curationlinks/{hash}","templated":true},"structuredData":{"href":"https://www.ebi.ac.uk/biosamples/structureddata/SAMEA104666539"}}}