{"name":"Dehalococcoidia bacterium UBA2247","accession":"SAMN06452696","domain":"self.BiosampleImportNCBI","taxId":1948484,"release":"2017-02-27T00:00:00Z","update":"2022-03-30T01:29:42.146Z","submitted":"2017-02-27T11:09:40.930Z","characteristics":{"External Id":[{"text":"SAMN06452696","tag":"Namespace:BioSample"}],"INSDC center name":[{"text":"University of Queensland"}],"INSDC first public":[{"text":"2017-02-27T00:00:00Z"}],"INSDC secondary accession":[{"text":"SRS2034191"}],"INSDC status":[{"text":"live"}],"NCBI submission model":[{"text":"Microbe, viral or environmental"}],"SRA accession":[{"text":"SRS2034191"}],"assembly method":[{"text":"CLC de novo assembler","tag":"attribute"}],"assembly_method_version":[{"text":"4.4.1","tag":"attribute"}],"completeness_estimated":[{"text":"93.73%","tag":"attribute"}],"contamination_estimated":[{"text":"0.00%","tag":"attribute"}],"environmental sample":[{"text":"true","tag":"attribute"}],"genome coverage":[{"text":"58.27","tag":"attribute"}],"geo loc name":[{"text":"Canada:Athabasca Oil Sands","tag":"attribute"}],"isolate":[{"text":"UBA2247","tag":"attribute"}],"isolation-source":[{"text":"waste water","tag":"attribute"}],"mapping_method":[{"text":"BWA (BWA-MEM)","tag":"attribute"}],"mapping_method_version":[{"text":"0.7.12-r1039","tag":"attribute"}],"metagenome source":[{"text":"hydrocarbon metagenome","tag":"attribute"}],"metagenomic":[{"text":"true","tag":"attribute"}],"organism":[{"text":"Dehalococcoidia bacterium UBA2247","ontologyTerms":["http://purl.obolibrary.org/obo/NCBITaxon_1948484"]}],"quality_assessment_method":[{"text":"CheckM","tag":"attribute"}],"quality_assessment_method_version":[{"text":"1.0.6","tag":"attribute"}],"sample type":[{"text":"metagenomic assembly","tag":"attribute"}],"subsrc_note":[{"text":"Genome binned from sequencing reads available in SRX559894 metagenome","tag":"attribute"}],"title":[{"text":"Uncultivated Dehalococcoidia bacterium UBA2247 genome recovered from SRX559894"}],"value":[{"text":"This BioSample is a metagenomic assembly obtained from the hydrocarbon metagenome reads: SRR1313242,SRR1313243.","tag":"attribute"}]},"externalReferences":[{"url":"https://www.ebi.ac.uk/ena/data/view/SAMN06452696","duo":null}],"submittedVia":"JSON_API","create":"2017-02-27T11:09:40.930Z","_links":{"self":{"href":"https://www.ebi.ac.uk/biosamples/samples/SAMN06452696"},"curationDomain":{"href":"https://www.ebi.ac.uk/biosamples/samples/SAMN06452696{?curationdomain}","templated":true},"curationLinks":{"href":"https://www.ebi.ac.uk/biosamples/samples/SAMN06452696/curationlinks"},"curationLink":{"href":"https://www.ebi.ac.uk/biosamples/samples/SAMN06452696/curationlinks/{hash}","templated":true},"structuredData":{"href":"https://www.ebi.ac.uk/biosamples/structureddata/SAMN06452696"}}}