{"name":"Ferrovibrio EaCA","accession":"SAMN07945863","domain":"self.BiosampleImportNCBI","taxId":1917215,"release":"2017-10-30T00:00:00Z","update":"2022-03-30T10:06:32.216Z","submitted":"2017-10-30T05:47:03.383Z","characteristics":{"External Id":[{"text":"SAMN07945863","tag":"Namespace:BioSample"}],"INSDC center name":[{"text":"Aarhus University"}],"INSDC first public":[{"text":"2017-10-30T00:00:00Z"}],"INSDC last update":[{"text":"2018-02-07T17:11:13.611Z"}],"INSDC status":[{"text":"live"}],"NCBI submission model":[{"text":"Microbe, viral or environmental"}],"NCBI submission package":[{"text":"Microbe.1.0"}],"collection date":[{"text":"2014","tag":"attribute"}],"environmental sample":[{"text":"TRUE","tag":"attribute"}],"geo loc name":[{"text":"Denmark: Aarhus","tag":"attribute"}],"host":[{"text":"Eisenia andrei","tag":"attribute"}],"isolate":[{"text":"EaCA-1","tag":"attribute"}],"isolation source":[{"text":"cocoon mucus of kanamycin treated earthworm","tag":"attribute"}],"lat lon":[{"text":"56.1681 N 10.203 E","tag":"attribute"}],"metagenome source":[{"text":"annelid metagenome","tag":"attribute"}],"metagenomic":[{"text":"TRUE","tag":"attribute"}],"note":[{"text":"This BioSample is a metagenomic assembly obtained from the annelid metagenome BioSample: SAMN04870466.","tag":"attribute"}],"organism":[{"text":"Ferrovibrio sp.","ontologyTerms":["http://purl.obolibrary.org/obo/NCBITaxon_1917215"]}],"sample type":[{"text":"metagenomic assembly","tag":"attribute"}],"title":[{"text":"Microbe sample from Ferrovibrio sp."}]},"submittedVia":"JSON_API","create":"2017-10-30T05:47:03.383Z","_links":{"self":{"href":"https://www.ebi.ac.uk/biosamples/samples/SAMN07945863"},"curationDomain":{"href":"https://www.ebi.ac.uk/biosamples/samples/SAMN07945863{?curationdomain}","templated":true},"curationLinks":{"href":"https://www.ebi.ac.uk/biosamples/samples/SAMN07945863/curationlinks"},"curationLink":{"href":"https://www.ebi.ac.uk/biosamples/samples/SAMN07945863/curationlinks/{hash}","templated":true},"structuredData":{"href":"https://www.ebi.ac.uk/biosamples/structureddata/SAMN07945863"}}}