{"name":"UBA11098","accession":"SAMN08020329","domain":"self.BiosampleImportNCBI","taxId":2045217,"release":"2017-12-15T09:50:20.053Z","update":"2022-03-30T10:42:24.331Z","submitted":"2017-11-13T20:27:22.457Z","characteristics":{"External Id":[{"text":"SAMN08020329","tag":"Namespace:BioSample"}],"INSDC center name":[{"text":"University of Queensland"}],"INSDC secondary accession":[{"text":"SRS2847245"}],"INSDC status":[{"text":"live"}],"NCBI submission model":[{"text":"Microbe, viral or environmental"}],"SRA accession":[{"text":"SRS2847245"}],"assembly method":[{"text":"CLC de novo assembler","tag":"attribute"}],"assembly_method_version":[{"text":"4.4.1","tag":"attribute"}],"completeness_estimated":[{"text":"52.06%","tag":"attribute"}],"contamination_estimated":[{"text":"0.00%","tag":"attribute"}],"environmental sample":[{"text":"true","tag":"attribute"}],"genome coverage":[{"text":"6.93x","tag":"attribute"}],"isolate":[{"text":"UBA11098","tag":"attribute"}],"isolation source":[{"text":"hydrocarbon","tag":"attribute"}],"mapping_method":[{"text":"BWA (BWA-MEM)","tag":"attribute"}],"mapping_method_version":[{"text":"0.7.12-r1039","tag":"attribute"}],"metagenome source":[{"text":"hydrocarbon metagenome","tag":"attribute"}],"metagenomic":[{"text":"true","tag":"attribute"}],"note":[{"text":"hydrocarbon metagenome","tag":"attribute"}],"organism":[{"text":"Candidatus Moranbacteria bacterium","ontologyTerms":["http://purl.obolibrary.org/obo/NCBITaxon_2045217"]}],"quality_assessment_method":[{"text":"CheckM","tag":"attribute"}],"quality_assessment_method_version":[{"text":"1.0.6","tag":"attribute"}],"sample type":[{"text":"metagenomic assembly","tag":"attribute"}],"title":[{"text":"Uncultivated Moranbacteria bacterium UBA11098 genome recovered from SRX211342"}],"value":[{"text":"This BioSample is a metagenomic assembly obtained from the hydrocarbon metagenome reads: SRR636569.","tag":"attribute"}]},"externalReferences":[{"url":"https://www.ebi.ac.uk/ena/data/view/SAMN08020329","duo":null}],"submittedVia":"JSON_API","create":"2017-11-13T20:27:22.457Z","_links":{"self":{"href":"https://www.ebi.ac.uk/biosamples/samples/SAMN08020329"},"curationDomain":{"href":"https://www.ebi.ac.uk/biosamples/samples/SAMN08020329{?curationdomain}","templated":true},"curationLinks":{"href":"https://www.ebi.ac.uk/biosamples/samples/SAMN08020329/curationlinks"},"curationLink":{"href":"https://www.ebi.ac.uk/biosamples/samples/SAMN08020329/curationlinks/{hash}","templated":true},"structuredData":{"href":"https://www.ebi.ac.uk/biosamples/structureddata/SAMN08020329"}}}