{"name":"73.20110800_E3D.111","accession":"SAMN08179068","domain":"self.BiosampleImportNCBI","taxId":2026735,"release":"2018-05-26T00:00:00Z","update":"2022-03-30T11:39:09.912Z","submitted":"2017-12-14T19:09:11.350Z","characteristics":{"External Id":[{"text":"SAMN08179068","tag":"Namespace:BioSample"}],"INSDC center name":[{"text":"The University of Queensland"}],"INSDC first public":[{"text":"2018-05-26T00:00:00Z"}],"INSDC last update":[{"text":"2021-02-28T05:12:46.359Z"}],"INSDC status":[{"text":"live"}],"NCBI submission model":[{"text":"Microbe, viral or environmental"}],"NCBI submission package":[{"text":"Microbe.1.0"}],"altitude":[{"text":"363 m","tag":"attribute"}],"collection date":[{"text":"2011-08-16","tag":"attribute"}],"depth":[{"text":"0.24-0.27","tag":"attribute"}],"environmental sample":[{"text":"1","tag":"attribute"}],"geo loc name":[{"text":"Sweden: Stordalen Mire","tag":"attribute"}],"isolate":[{"text":"fen_1099","tag":"attribute"}],"isolation source":[{"text":"permafrost active layer soil","tag":"attribute"}],"lat lon":[{"text":"68.3534 N 19.0467 E","tag":"attribute"}],"metagenome source":[{"text":"peat metagenome","tag":"attribute"}],"metagenomic":[{"text":"1","tag":"attribute"}],"name":[{"text":"note","tag":"attribute"}],"organism":[{"text":"Deltaproteobacteria bacterium","ontologyTerms":["http://purl.obolibrary.org/obo/NCBITaxon_2026735"]}],"sample type":[{"text":"metagenomic assembly","tag":"attribute"}],"title":[{"text":"MAG Deltaproteobacteria_fen_1099 from metagenome 20110800_E3D"}],"value":[{"text":"This BioSample is a metagenomic assembly obtained from the 20110800_E3D metagenome BioSample: SAMN07124956.","tag":"attribute"}]},"submittedVia":"JSON_API","create":"2017-12-14T19:09:11.350Z","_links":{"self":{"href":"https://www.ebi.ac.uk/biosamples/samples/SAMN08179068"},"curationDomain":{"href":"https://www.ebi.ac.uk/biosamples/samples/SAMN08179068{?curationdomain}","templated":true},"curationLinks":{"href":"https://www.ebi.ac.uk/biosamples/samples/SAMN08179068/curationlinks"},"curationLink":{"href":"https://www.ebi.ac.uk/biosamples/samples/SAMN08179068/curationlinks/{hash}","templated":true},"structuredData":{"href":"https://www.ebi.ac.uk/biosamples/structureddata/SAMN08179068"}}}