{"name":"Patescibacteria group bacterium UBA5147","accession":"SAMN06454080","domain":"self.BiosampleImportNCBI","taxId":1948825,"release":"2017-02-27T00:00:00Z","update":"2022-03-30T01:30:18.382Z","submitted":"2017-02-27T11:12:06.080Z","characteristics":{"External Id":[{"text":"SAMN06454080","tag":"Namespace:BioSample"}],"INSDC center name":[{"text":"University of Queensland"}],"INSDC first public":[{"text":"2017-02-27T00:00:00Z"}],"INSDC secondary accession":[{"text":"SRS2036159"}],"INSDC status":[{"text":"live"}],"NCBI submission model":[{"text":"Microbe, viral or environmental"}],"SRA accession":[{"text":"SRS2036159"}],"assembly method":[{"text":"CLC de novo assembler","tag":"attribute"}],"assembly_method_version":[{"text":"4.4.1","tag":"attribute"}],"completeness_estimated":[{"text":"70.68%","tag":"attribute"}],"contamination_estimated":[{"text":"0.50%","tag":"attribute"}],"environmental sample":[{"text":"true","tag":"attribute"}],"genome coverage":[{"text":"77.63","tag":"attribute"}],"geo loc name":[{"text":"Canada: Axel Heiberg Island,Nunavut","tag":"attribute"}],"isolate":[{"text":"UBA5147","tag":"attribute"}],"isolation-source":[{"text":"soil","tag":"attribute"}],"mapping_method":[{"text":"BWA (BWA-MEM)","tag":"attribute"}],"mapping_method_version":[{"text":"0.7.12-r1039","tag":"attribute"}],"metagenome source":[{"text":"soil metagenome","ontologyTerms":["http://purl.obolibrary.org/obo/NCBITaxon_410658"],"tag":"attribute"}],"metagenomic":[{"text":"true","tag":"attribute"}],"organism":[{"text":"Patescibacteria group bacterium UBA5147","ontologyTerms":["http://purl.obolibrary.org/obo/NCBITaxon_1948825"]}],"quality_assessment_method":[{"text":"CheckM","tag":"attribute"}],"quality_assessment_method_version":[{"text":"1.0.6","tag":"attribute"}],"sample type":[{"text":"metagenomic assembly","tag":"attribute"}],"subsrc_note":[{"text":"Genome binned from sequencing reads available in SRX710574 metagenome","tag":"attribute"}],"title":[{"text":"Uncultivated Patescibacteria group bacterium UBA5147 genome recovered from SRX710574"}],"value":[{"text":"This BioSample is a metagenomic assembly obtained from the soil metagenome reads: SRR1586270.","tag":"attribute"}]},"externalReferences":[{"url":"https://www.ebi.ac.uk/ena/data/view/SAMN06454080","duo":null}],"submittedVia":"JSON_API","create":"2017-02-27T11:12:06.080Z","_links":{"self":{"href":"https://www.ebi.ac.uk/biosamples/samples/SAMN06454080"},"curationDomain":{"href":"https://www.ebi.ac.uk/biosamples/samples/SAMN06454080{?curationdomain}","templated":true},"curationLinks":{"href":"https://www.ebi.ac.uk/biosamples/samples/SAMN06454080/curationlinks"},"curationLink":{"href":"https://www.ebi.ac.uk/biosamples/samples/SAMN06454080/curationlinks/{hash}","templated":true},"structuredData":{"href":"https://www.ebi.ac.uk/biosamples/structureddata/SAMN06454080"}}}