{"name":"Candidatus Marinimicrobia bacterium UBA2242","accession":"SAMN06452693","domain":"self.BiosampleImportNCBI","taxId":1953229,"release":"2017-02-27T00:00:00Z","update":"2022-03-30T01:29:42.076Z","submitted":"2017-02-27T11:09:40.796Z","characteristics":{"External Id":[{"text":"SAMN06452693","tag":"Namespace:BioSample"}],"INSDC center name":[{"text":"University of Queensland"}],"INSDC first public":[{"text":"2017-02-27T00:00:00Z"}],"INSDC last update":[{"text":"2017-08-15T13:16:47.480Z"}],"INSDC secondary accession":[{"text":"SRS2034185"}],"INSDC status":[{"text":"live"}],"NCBI submission model":[{"text":"Microbe, viral or environmental"}],"NCBI submission package":[{"text":"Microbe.1.0"}],"SRA accession":[{"text":"SRS2034185"}],"assembly method":[{"text":"CLC de novo assembler","tag":"attribute"}],"assembly_method_version":[{"text":"4.4.1","tag":"attribute"}],"completeness_estimated":[{"text":"97.80%","tag":"attribute"}],"contamination_estimated":[{"text":"2.20%","tag":"attribute"}],"description":[{"text":"Uncultivated genome recovered from an assembly of the SRX559894 metagenome."}],"environmental sample":[{"text":"true","tag":"attribute"}],"genome coverage":[{"text":"122.43","tag":"attribute"}],"geo loc name":[{"text":"Canada:Athabasca Oil Sands","tag":"attribute"}],"isolate":[{"text":"UBA2242","tag":"attribute"}],"isolation-source":[{"text":"waste water","tag":"attribute"}],"mapping_method":[{"text":"BWA (BWA-MEM)","tag":"attribute"}],"mapping_method_version":[{"text":"0.7.12-r1039","tag":"attribute"}],"metagenome source":[{"text":"hydrocarbon metagenome","tag":"attribute"}],"metagenomic":[{"text":"true","tag":"attribute"}],"organism":[{"text":"Candidatus Marinimicrobia bacterium UBA2242","ontologyTerms":["http://purl.obolibrary.org/obo/NCBITaxon_1953229"]}],"quality_assessment_method":[{"text":"CheckM","tag":"attribute"}],"quality_assessment_method_version":[{"text":"1.0.6","tag":"attribute"}],"sample type":[{"text":"metagenomic assembly","tag":"attribute"}],"subsrc_note":[{"text":"Genome binned from sequencing reads available in SRX559894 metagenome","tag":"attribute"}],"title":[{"text":"Uncultivated Candidatus Marinimicrobia bacterium UBA2242 genome recovered from SRX559894"}],"value":[{"text":"This BioSample is a metagenomic assembly obtained from the hydrocarbon metagenome reads: SRR1313242,SRR1313243.","tag":"attribute"}]},"externalReferences":[{"url":"https://www.ebi.ac.uk/ena/data/view/SAMN06452693","duo":null}],"submittedVia":"JSON_API","create":"2017-02-27T11:09:40.796Z","_links":{"self":{"href":"https://www.ebi.ac.uk/biosamples/samples/SAMN06452693"},"curationDomain":{"href":"https://www.ebi.ac.uk/biosamples/samples/SAMN06452693{?curationdomain}","templated":true},"curationLinks":{"href":"https://www.ebi.ac.uk/biosamples/samples/SAMN06452693/curationlinks"},"curationLink":{"href":"https://www.ebi.ac.uk/biosamples/samples/SAMN06452693/curationlinks/{hash}","templated":true},"structuredData":{"href":"https://www.ebi.ac.uk/biosamples/structureddata/SAMN06452693"}}}