{"name":"Euryarchaeota archaeon UBA287","accession":"SAMN06027064","domain":"self.BiosampleImportNCBI","taxId":1915766,"release":"2016-11-16T00:00:00Z","update":"2022-03-29T22:45:49.957Z","submitted":"2016-11-16T17:04:22.653Z","characteristics":{"External Id":[{"text":"SAMN06027064","tag":"Namespace:BioSample"}],"INSDC center name":[{"text":"University of Queensland"}],"INSDC first public":[{"text":"2016-11-16T00:00:00Z"}],"INSDC last update":[{"text":"2017-08-15T14:13:29.274Z"}],"INSDC secondary accession":[{"text":"SRS1809251"}],"INSDC status":[{"text":"live"}],"NCBI submission model":[{"text":"Microbe, viral or environmental"}],"NCBI submission package":[{"text":"Microbe.1.0"}],"SRA accession":[{"text":"SRS1809251"}],"assembly method":[{"text":"CLC de novo assembler","tag":"attribute"}],"assembly_method_version":[{"text":"4.4.1","tag":"attribute"}],"completeness_estimated":[{"text":"65.03%","tag":"attribute"}],"contamination_estimated":[{"text":"0.86%","tag":"attribute"}],"description":[{"text":"Uncultivated genome recovered from an assembly of the SRX559915 metagenome."}],"environmental sample":[{"text":"TRUE","tag":"attribute"}],"genome coverage":[{"text":"8.47","tag":"attribute"}],"geo loc name":[{"text":"Canada: North Alberta","tag":"attribute"}],"isolate":[{"text":"UBA287","tag":"attribute"}],"isolation-source":[{"text":"waste water","tag":"attribute"}],"mapping_method":[{"text":"BWA (BWA-MEM)","tag":"attribute"}],"mapping_method_version":[{"text":"0.7.12-r1039","tag":"attribute"}],"metagenome source":[{"text":"hydrocarbon metagenome","tag":"attribute"}],"metagenomic":[{"text":"TRUE","tag":"attribute"}],"organism":[{"text":"Euryarchaeota archaeon UBA287","ontologyTerms":["http://purl.obolibrary.org/obo/NCBITaxon_1915766"]}],"quality_assessment_method":[{"text":"CheckM","tag":"attribute"}],"quality_assessment_method_version":[{"text":"1.0.6","tag":"attribute"}],"sample type":[{"text":"metagenomic assembly","tag":"attribute"}],"subsrc_note":[{"text":"Genome binned from sequencing reads available in SRX559915","tag":"attribute"}],"title":[{"text":"Uncultivated Euryarchaeota archaeon UBA287 genome recovered from SRX559915"}]},"externalReferences":[{"url":"https://www.ebi.ac.uk/ena/data/view/SAMN06027064","duo":null}],"submittedVia":"JSON_API","create":"2016-11-16T17:04:22.653Z","_links":{"self":{"href":"https://www.ebi.ac.uk/biosamples/samples/SAMN06027064"},"curationDomain":{"href":"https://www.ebi.ac.uk/biosamples/samples/SAMN06027064{?curationdomain}","templated":true},"curationLinks":{"href":"https://www.ebi.ac.uk/biosamples/samples/SAMN06027064/curationlinks"},"curationLink":{"href":"https://www.ebi.ac.uk/biosamples/samples/SAMN06027064/curationlinks/{hash}","templated":true},"structuredData":{"href":"https://www.ebi.ac.uk/biosamples/structureddata/SAMN06027064"}}}