{"name":"culture SK","accession":"SAMN07426283","domain":"self.BiosampleImportNCBI","taxId":1792311,"release":"2017-07-31T00:00:00Z","update":"2022-03-30T06:38:22.387Z","submitted":"2017-07-29T23:33:03.063Z","characteristics":{"External Id":[{"text":"SAMN07426283","tag":"Namespace:BioSample"}],"INSDC center name":[{"text":"Biogas Institute of Ministry of Agriculture"}],"INSDC first public":[{"text":"2017-07-31T00:00:00Z"}],"INSDC last update":[{"text":"2019-06-20T18:06:25.700Z"}],"INSDC status":[{"text":"live"}],"NCBI submission model":[{"text":"Microbe, viral or environmental"}],"NCBI submission package":[{"text":"Microbe.1.0"}],"collection date":[{"text":"2013-02-01","tag":"attribute"}],"geo loc name":[{"text":"China: Shengli oilfield","tag":"attribute"}],"isolation source":[{"text":"methanogenic hexadecane-degrading culture","tag":"attribute"}],"organism":[{"text":"Petroclostridium xylanilyticum","ontologyTerms":["http://purl.obolibrary.org/obo/NCBITaxon_1792311"]}],"sample type":[{"text":"whole organism","ontologyTerms":["http://purl.obolibrary.org/obo/UBERON_0000468"],"tag":"attribute"}],"strain":[{"text":"SK-Y3","tag":"attribute"}],"title":[{"text":"draft genome of stain SK-Y3, a xylan-degrading bacterium isolated from Shengli oilfield"}],"type material":[{"text":"type strain of Petroclostridium xylanilyticum","tag":"attribute"}]},"submittedVia":"JSON_API","create":"2017-07-29T23:33:03.063Z","_links":{"self":{"href":"https://www.ebi.ac.uk/biosamples/samples/SAMN07426283"},"curationDomain":{"href":"https://www.ebi.ac.uk/biosamples/samples/SAMN07426283{?curationdomain}","templated":true},"curationLinks":{"href":"https://www.ebi.ac.uk/biosamples/samples/SAMN07426283/curationlinks"},"curationLink":{"href":"https://www.ebi.ac.uk/biosamples/samples/SAMN07426283/curationlinks/{hash}","templated":true},"structuredData":{"href":"https://www.ebi.ac.uk/biosamples/structureddata/SAMN07426283"}}}