{"name":"bacterium UBP14_UBA6098","accession":"SAMN06453689","domain":"self.BiosampleImportNCBI","taxId":1953417,"release":"2017-02-27T00:00:00Z","update":"2022-03-30T01:30:08.199Z","submitted":"2017-02-27T11:11:46.503Z","characteristics":{"External Id":[{"text":"SAMN06453689","tag":"Namespace:BioSample"}],"INSDC center name":[{"text":"University of Queensland"}],"INSDC first public":[{"text":"2017-02-27T00:00:00Z"}],"INSDC secondary accession":[{"text":"SRS2033336"}],"INSDC status":[{"text":"live"}],"NCBI submission model":[{"text":"Microbe, viral or environmental"}],"SRA accession":[{"text":"SRS2033336"}],"assembly method":[{"text":"CLC de novo assembler","tag":"attribute"}],"assembly_method_version":[{"text":"4.4.1","tag":"attribute"}],"completeness_estimated":[{"text":"94.44%","tag":"attribute"}],"contamination_estimated":[{"text":"0.00%","tag":"attribute"}],"environmental sample":[{"text":"true","tag":"attribute"}],"genome coverage":[{"text":"80.57","tag":"attribute"}],"geo loc name":[{"text":"Canada: Syncrude tailings pond, Wood Buffalo, Alberta","tag":"attribute"}],"isolate":[{"text":"UBA6098","tag":"attribute"}],"isolation-source":[{"text":"waste water","tag":"attribute"}],"mapping_method":[{"text":"BWA (BWA-MEM)","tag":"attribute"}],"mapping_method_version":[{"text":"0.7.12-r1039","tag":"attribute"}],"metagenome source":[{"text":"hydrocarbon metagenome","tag":"attribute"}],"metagenomic":[{"text":"true","tag":"attribute"}],"organism":[{"text":"bacterium UBP14_UBA6098","ontologyTerms":["http://purl.obolibrary.org/obo/NCBITaxon_1953417"]}],"quality_assessment_method":[{"text":"CheckM","tag":"attribute"}],"quality_assessment_method_version":[{"text":"1.0.6","tag":"attribute"}],"sample type":[{"text":"metagenomic assembly","tag":"attribute"}],"subsrc_note":[{"text":"Genome binned from sequencing reads available in SRX327521 metagenome","tag":"attribute"}],"title":[{"text":"Uncultivated bacterium UBP14_UBA6098 genome recovered from SRX327521"}],"value":[{"text":"This BioSample is a metagenomic assembly obtained from the hydrocarbon metagenome reads: SRR943315,SRR943314,SRR943313,SRR943312,SRR942927,SRR943311,SRR943309.","tag":"attribute"}]},"externalReferences":[{"url":"https://www.ebi.ac.uk/ena/data/view/SAMN06453689","duo":null}],"submittedVia":"JSON_API","create":"2017-02-27T11:11:46.503Z","_links":{"self":{"href":"https://www.ebi.ac.uk/biosamples/samples/SAMN06453689"},"curationDomain":{"href":"https://www.ebi.ac.uk/biosamples/samples/SAMN06453689{?curationdomain}","templated":true},"curationLinks":{"href":"https://www.ebi.ac.uk/biosamples/samples/SAMN06453689/curationlinks"},"curationLink":{"href":"https://www.ebi.ac.uk/biosamples/samples/SAMN06453689/curationlinks/{hash}","templated":true},"structuredData":{"href":"https://www.ebi.ac.uk/biosamples/structureddata/SAMN06453689"}}}