{"name":"1048660","accession":"SAMN03080614","domain":"self.BiosampleImportNCBI","taxId":1120990,"release":"2014-09-25T00:00:00Z","update":"2022-03-29T06:59:44.290Z","submitted":"2014-09-25T20:09:21.193Z","characteristics":{"External Id":[{"text":"SAMN03080614","tag":"Namespace:BioSample"}],"INSDC center name":[{"text":"DOE Joint Genome Institute"}],"INSDC first public":[{"text":"2014-09-25T00:00:00Z"}],"INSDC last update":[{"text":"2019-06-20T17:06:43Z"}],"INSDC secondary accession":[{"text":"SRS1667861"}],"INSDC status":[{"text":"live"}],"NCBI submission model":[{"text":"MIGS.ba"}],"NCBI submission package":[{"text":"MIGS.ba.5.0"}],"SRA accession":[{"text":"SRS1667861"}],"description":[{"text":"Keywords: GSC:MIxS;MIGS:5.0"}],"geo loc name":[{"text":"Kenya:Lake Bogoria","tag":"attribute"}],"investigation type":[{"text":"bacteria_archaea","tag":"attribute"}],"organism":[{"text":"Anaerobranca gottschalkii DSM 13577","ontologyTerms":["http://purl.obolibrary.org/obo/NCBITaxon_1120990"]}],"project name":[{"text":"Anaerobranca gottschalkii DSM 13577","tag":"attribute"}],"strain":[{"text":"DSM 13577","tag":"attribute"}],"title":[{"text":"Anaerobranca gottschalkii DSM 13577"}],"type material":[{"text":"type strain of Anaerobranca gottschalkii","tag":"attribute"}]},"externalReferences":[{"url":"https://www.ebi.ac.uk/ena/data/view/SAMN03080614","duo":null}],"submittedVia":"JSON_API","create":"2014-09-25T20:09:21.193Z","_links":{"self":{"href":"https://www.ebi.ac.uk/biosamples/samples/SAMN03080614"},"curationDomain":{"href":"https://www.ebi.ac.uk/biosamples/samples/SAMN03080614{?curationdomain}","templated":true},"curationLinks":{"href":"https://www.ebi.ac.uk/biosamples/samples/SAMN03080614/curationlinks"},"curationLink":{"href":"https://www.ebi.ac.uk/biosamples/samples/SAMN03080614/curationlinks/{hash}","templated":true},"structuredData":{"href":"https://www.ebi.ac.uk/biosamples/structureddata/SAMN03080614"}}}