{"name":"CP000828","accession":"SAMN02604308","domain":"self.BiosampleImportNCBI","taxId":329726,"release":"2014-01-30T00:00:00Z","update":"2022-03-29T03:42:05.708Z","submitted":"2014-01-30T15:13:24.010Z","characteristics":{"External Id":[{"text":"SAMN02604308","tag":"Namespace:BioSample"}],"INSDC center name":[{"text":"NCBI"}],"INSDC first public":[{"text":"2014-01-30T00:00:00Z"}],"INSDC last update":[{"text":"2019-06-20T16:49:54.225Z"}],"INSDC status":[{"text":"live"}],"NCBI submission model":[{"text":"Generic"}],"NCBI submission package":[{"text":"Generic.1.0"}],"note":[{"text":"type strain of Acaryochloris marina","tag":"attribute"}],"organism":[{"text":"Acaryochloris marina MBIC11017","ontologyTerms":["http://purl.obolibrary.org/obo/NCBITaxon_329726"]}],"strain":[{"text":"MBIC11017","tag":"attribute"}],"title":[{"text":"Sample from Acaryochloris marina MBIC11017"}],"type material":[{"text":"type strain of Acaryochloris marina","tag":"attribute"}]},"submittedVia":"JSON_API","create":"2014-01-30T15:13:24.010Z","_links":{"self":{"href":"https://www.ebi.ac.uk/biosamples/samples/SAMN02604308"},"curationDomain":{"href":"https://www.ebi.ac.uk/biosamples/samples/SAMN02604308{?curationdomain}","templated":true},"curationLinks":{"href":"https://www.ebi.ac.uk/biosamples/samples/SAMN02604308/curationlinks"},"curationLink":{"href":"https://www.ebi.ac.uk/biosamples/samples/SAMN02604308/curationlinks/{hash}","templated":true},"structuredData":{"href":"https://www.ebi.ac.uk/biosamples/structureddata/SAMN02604308"}}}