{"name":"Chloroflexi bacterium UBA5177","accession":"SAMN06451869","domain":"self.BiosampleImportNCBI","taxId":1947833,"release":"2017-02-27T00:00:00Z","update":"2022-03-30T01:29:23.562Z","submitted":"2017-02-27T11:08:12.910Z","characteristics":{"External Id":[{"text":"SAMN06451869","tag":"Namespace:BioSample"}],"INSDC center name":[{"text":"University of Queensland"}],"INSDC first public":[{"text":"2017-02-27T00:00:00Z"}],"INSDC secondary accession":[{"text":"SRS2036187"}],"INSDC status":[{"text":"live"}],"NCBI submission model":[{"text":"Microbe, viral or environmental"}],"SRA accession":[{"text":"SRS2036187"}],"assembly method":[{"text":"CLC de novo assembler","tag":"attribute"}],"assembly_method_version":[{"text":"4.4.1","tag":"attribute"}],"completeness_estimated":[{"text":"84.43%","tag":"attribute"}],"contamination_estimated":[{"text":"2.97%","tag":"attribute"}],"environmental sample":[{"text":"true","tag":"attribute"}],"genome coverage":[{"text":"15.86","tag":"attribute"}],"geo loc name":[{"text":"Canada: Axel Heiberg Island,Nunavut","tag":"attribute"}],"isolate":[{"text":"UBA5177","tag":"attribute"}],"isolation-source":[{"text":"soil","tag":"attribute"}],"mapping_method":[{"text":"BWA (BWA-MEM)","tag":"attribute"}],"mapping_method_version":[{"text":"0.7.12-r1039","tag":"attribute"}],"metagenome source":[{"text":"soil metagenome","ontologyTerms":["http://purl.obolibrary.org/obo/NCBITaxon_410658"],"tag":"attribute"}],"metagenomic":[{"text":"true","tag":"attribute"}],"organism":[{"text":"Chloroflexi bacterium UBA5177","ontologyTerms":["http://purl.obolibrary.org/obo/NCBITaxon_1947833"]}],"quality_assessment_method":[{"text":"CheckM","tag":"attribute"}],"quality_assessment_method_version":[{"text":"1.0.6","tag":"attribute"}],"sample type":[{"text":"metagenomic assembly","tag":"attribute"}],"subsrc_note":[{"text":"Genome binned from sequencing reads available in SRX710602 metagenome","tag":"attribute"}],"title":[{"text":"Uncultivated Chloroflexi bacterium UBA5177 genome recovered from SRX710602"}],"value":[{"text":"This BioSample is a metagenomic assembly obtained from the soil metagenome reads: SRR1586298.","tag":"attribute"}]},"externalReferences":[{"url":"https://www.ebi.ac.uk/ena/data/view/SAMN06451869","duo":null}],"submittedVia":"JSON_API","create":"2017-02-27T11:08:12.910Z","_links":{"self":{"href":"https://www.ebi.ac.uk/biosamples/samples/SAMN06451869"},"curationDomain":{"href":"https://www.ebi.ac.uk/biosamples/samples/SAMN06451869{?curationdomain}","templated":true},"curationLinks":{"href":"https://www.ebi.ac.uk/biosamples/samples/SAMN06451869/curationlinks"},"curationLink":{"href":"https://www.ebi.ac.uk/biosamples/samples/SAMN06451869/curationlinks/{hash}","templated":true},"structuredData":{"href":"https://www.ebi.ac.uk/biosamples/structureddata/SAMN06451869"}}}