{"name":"Planctomycetes bacterium UBA4800","accession":"SAMN06453310","domain":"self.BiosampleImportNCBI","taxId":1948129,"release":"2017-02-27T00:00:00Z","update":"2022-03-30T01:29:57.768Z","submitted":"2017-02-27T11:10:15.420Z","characteristics":{"External Id":[{"text":"SAMN06453310","tag":"Namespace:BioSample"}],"INSDC center name":[{"text":"University of Queensland"}],"INSDC first public":[{"text":"2017-02-27T00:00:00Z"}],"INSDC secondary accession":[{"text":"SRS2034265"}],"INSDC status":[{"text":"live"}],"NCBI submission model":[{"text":"Microbe, viral or environmental"}],"SRA accession":[{"text":"SRS2034265"}],"assembly method":[{"text":"CLC de novo assembler","tag":"attribute"}],"assembly_method_version":[{"text":"4.4.1","tag":"attribute"}],"completeness_estimated":[{"text":"86.02%","tag":"attribute"}],"contamination_estimated":[{"text":"2.69%","tag":"attribute"}],"environmental sample":[{"text":"true","tag":"attribute"}],"genome coverage":[{"text":"29.92","tag":"attribute"}],"geo loc name":[{"text":"Canada: North Alberta","tag":"attribute"}],"isolate":[{"text":"UBA4800","tag":"attribute"}],"isolation-source":[{"text":"Suncor tailing pond sample","tag":"attribute"}],"mapping_method":[{"text":"BWA (BWA-MEM)","tag":"attribute"}],"mapping_method_version":[{"text":"0.7.12-r1039","tag":"attribute"}],"metagenome source":[{"text":"hydrocarbon metagenome","tag":"attribute"}],"metagenomic":[{"text":"true","tag":"attribute"}],"organism":[{"text":"Planctomycetes bacterium UBA4800","ontologyTerms":["http://purl.obolibrary.org/obo/NCBITaxon_1948129"]}],"quality_assessment_method":[{"text":"CheckM","tag":"attribute"}],"quality_assessment_method_version":[{"text":"1.0.6","tag":"attribute"}],"sample type":[{"text":"metagenomic assembly","tag":"attribute"}],"subsrc_note":[{"text":"Genome binned from sequencing reads available in SRX559915 metagenome","tag":"attribute"}],"title":[{"text":"Uncultivated Planctomycetes bacterium UBA4800 genome recovered from SRX559915"}],"value":[{"text":"This BioSample is a metagenomic assembly obtained from the hydrocarbon metagenome reads: SRR1313281,SRR1313282,SRR1313285,SRR1313283,SRR1313287,SRR1313284.","tag":"attribute"}]},"externalReferences":[{"url":"https://www.ebi.ac.uk/ena/data/view/SAMN06453310","duo":null}],"submittedVia":"JSON_API","create":"2017-02-27T11:10:15.420Z","_links":{"self":{"href":"https://www.ebi.ac.uk/biosamples/samples/SAMN06453310"},"curationDomain":{"href":"https://www.ebi.ac.uk/biosamples/samples/SAMN06453310{?curationdomain}","templated":true},"curationLinks":{"href":"https://www.ebi.ac.uk/biosamples/samples/SAMN06453310/curationlinks"},"curationLink":{"href":"https://www.ebi.ac.uk/biosamples/samples/SAMN06453310/curationlinks/{hash}","templated":true},"structuredData":{"href":"https://www.ebi.ac.uk/biosamples/structureddata/SAMN06453310"}}}