{"name":"UBA9217","accession":"SAMN08018980","domain":"self.BiosampleImportNCBI","taxId":2026770,"release":"2017-11-13T00:00:00Z","update":"2022-03-30T10:41:58.196Z","submitted":"2017-11-13T20:25:16.557Z","characteristics":{"External Id":[{"text":"SAMN08018980","tag":"Namespace:BioSample"}],"INSDC center name":[{"text":"University of Queensland"}],"INSDC first public":[{"text":"2017-11-13T00:00:00Z"}],"INSDC secondary accession":[{"text":"SRS2845413"}],"INSDC status":[{"text":"live"}],"NCBI submission model":[{"text":"Microbe, viral or environmental"}],"SRA accession":[{"text":"SRS2845413"}],"assembly method":[{"text":"CLC de novo assembler","tag":"attribute"}],"assembly_method_version":[{"text":"4.4.1","tag":"attribute"}],"completeness_estimated":[{"text":"78.46%","tag":"attribute"}],"contamination_estimated":[{"text":"1.04%","ontologyTerms":["http://purl.obolibrary.org/obo/PO_0007115"],"tag":"attribute"}],"environmental sample":[{"text":"true","tag":"attribute"}],"genome coverage":[{"text":"4.31x","tag":"attribute"}],"isolate":[{"text":"UBA9217","tag":"attribute"}],"isolation source":[{"text":"marine","tag":"attribute"}],"mapping_method":[{"text":"BWA (BWA-MEM)","tag":"attribute"}],"mapping_method_version":[{"text":"0.7.12-r1039","tag":"attribute"}],"metagenome source":[{"text":"marine metagenome","tag":"attribute"}],"metagenomic":[{"text":"true","tag":"attribute"}],"note":[{"text":"marine metagenome","tag":"attribute"}],"organism":[{"text":"Nitrospiraceae bacterium","ontologyTerms":["http://purl.obolibrary.org/obo/NCBITaxon_2026770"]}],"quality_assessment_method":[{"text":"CheckM","tag":"attribute"}],"quality_assessment_method_version":[{"text":"1.0.6","tag":"attribute"}],"sample type":[{"text":"metagenomic assembly","tag":"attribute"}],"title":[{"text":"Uncultivated Nitrospiraceae bacterium UBA9217 genome recovered from SRX560108"}],"value":[{"text":"This BioSample is a metagenomic assembly obtained from the marine metagenome reads: SRR1313734.","tag":"attribute"}]},"externalReferences":[{"url":"https://www.ebi.ac.uk/ena/data/view/SAMN08018980","duo":null}],"submittedVia":"JSON_API","create":"2017-11-13T20:25:16.557Z","_links":{"self":{"href":"https://www.ebi.ac.uk/biosamples/samples/SAMN08018980"},"curationDomain":{"href":"https://www.ebi.ac.uk/biosamples/samples/SAMN08018980{?curationdomain}","templated":true},"curationLinks":{"href":"https://www.ebi.ac.uk/biosamples/samples/SAMN08018980/curationlinks"},"curationLink":{"href":"https://www.ebi.ac.uk/biosamples/samples/SAMN08018980/curationlinks/{hash}","templated":true},"structuredData":{"href":"https://www.ebi.ac.uk/biosamples/structureddata/SAMN08018980"}}}