{"name":"bacterium UBA2219","accession":"SAMN06454047","domain":"self.BiosampleImportNCBI","taxId":1947824,"release":"2017-02-27T00:00:00Z","update":"2022-03-30T01:30:17.644Z","submitted":"2017-02-27T11:12:04.463Z","characteristics":{"External Id":[{"text":"SAMN06454047","tag":"Namespace:BioSample"}],"INSDC center name":[{"text":"University of Queensland"}],"INSDC first public":[{"text":"2017-02-27T00:00:00Z"}],"INSDC secondary accession":[{"text":"SRS2033455"}],"INSDC status":[{"text":"live"}],"NCBI submission model":[{"text":"Microbe, viral or environmental"}],"SRA accession":[{"text":"SRS2033455"}],"assembly method":[{"text":"CLC de novo assembler","tag":"attribute"}],"assembly_method_version":[{"text":"4.4.1","tag":"attribute"}],"completeness_estimated":[{"text":"86.81%","tag":"attribute"}],"contamination_estimated":[{"text":"3.41%","tag":"attribute"}],"environmental sample":[{"text":"true","tag":"attribute"}],"genome coverage":[{"text":"19","tag":"attribute"}],"geo loc name":[{"text":"Canada: Suncor tailings pond 6","tag":"attribute"}],"isolate":[{"text":"UBA2219","tag":"attribute"}],"isolation-source":[{"text":"suncor tailing pond 6 meters","tag":"attribute"}],"mapping_method":[{"text":"BWA (BWA-MEM)","tag":"attribute"}],"mapping_method_version":[{"text":"0.7.12-r1039","tag":"attribute"}],"metagenome source":[{"text":"hydrocarbon metagenome","tag":"attribute"}],"metagenomic":[{"text":"true","tag":"attribute"}],"organism":[{"text":"bacterium UBA2219","ontologyTerms":["http://purl.obolibrary.org/obo/NCBITaxon_1947824"]}],"quality_assessment_method":[{"text":"CheckM","tag":"attribute"}],"quality_assessment_method_version":[{"text":"1.0.6","tag":"attribute"}],"sample type":[{"text":"metagenomic assembly","tag":"attribute"}],"subsrc_note":[{"text":"Genome binned from sequencing reads available in SRX327722 metagenome","tag":"attribute"}],"title":[{"text":"Uncultivated bacterium UBA2219 genome recovered from SRX327722"}],"value":[{"text":"This BioSample is a metagenomic assembly obtained from the hydrocarbon metagenome reads: SRR943330,SRR943329,SRR942941,SRR943334,SRR943332,SRR943333,SRR943331.","tag":"attribute"}]},"externalReferences":[{"url":"https://www.ebi.ac.uk/ena/data/view/SAMN06454047","duo":null}],"submittedVia":"JSON_API","create":"2017-02-27T11:12:04.463Z","_links":{"self":{"href":"https://www.ebi.ac.uk/biosamples/samples/SAMN06454047"},"curationDomain":{"href":"https://www.ebi.ac.uk/biosamples/samples/SAMN06454047{?curationdomain}","templated":true},"curationLinks":{"href":"https://www.ebi.ac.uk/biosamples/samples/SAMN06454047/curationlinks"},"curationLink":{"href":"https://www.ebi.ac.uk/biosamples/samples/SAMN06454047/curationlinks/{hash}","templated":true},"structuredData":{"href":"https://www.ebi.ac.uk/biosamples/structureddata/SAMN06454047"}}}