{"name":"TCS60","accession":"SAMN04423165","domain":"self.BiosampleImportNCBI","taxId":1781251,"release":"2016-01-20T12:50:20.780Z","update":"2022-03-29T15:41:56.687Z","submitted":"2016-01-20T00:21:04.043Z","characteristics":{"External Id":[{"text":"SAMN04423165","tag":"Namespace:BioSample"}],"INSDC center name":[{"text":"Hong Kong University of Science And Technology"}],"INSDC first public":[{"text":"2016-01-20T12:50:20.780Z"}],"INSDC last update":[{"text":"2016-02-29T08:38:46.580Z"}],"INSDC status":[{"text":"live"}],"NCBI submission model":[{"text":"MIMS.me"},{"text":"MIGS/MIMS/MIMARKS.water"}],"NCBI submission package":[{"text":"MIMS.me.water.5.0"}],"collection date":[{"text":"2015-05-31","tag":"attribute"}],"depth":[{"text":"858 m","tag":"attribute"}],"description":[{"text":"Keywords: GSC:MIxS;MIMS:5.0"}],"env biome":[{"text":"deep sea","tag":"attribute"}],"env feature":[{"text":"brine pool","tag":"attribute"}],"env_material":[{"text":"biofilm","ontologyTerms":["http://purl.obolibrary.org/obo/BTO_0002690"],"tag":"attribute"}],"environmental sample":[{"text":"TRUE","tag":"attribute"}],"geo loc name":[{"text":"Saudi Arabia: Red Sea","tag":"attribute"}],"isolate":[{"text":"TCS60","ontologyTerms":["http://www.ebi.ac.uk/efo/EFO_0002865"],"tag":"attribute"}],"isolation-source":[{"text":"biofilm from deap sea brine pool","tag":"attribute"}],"lat lon":[{"text":"21.16 N 38.53 E","tag":"attribute"}],"metagenome-assembly":[{"text":"marine metagenome","tag":"attribute"}],"metagenomic":[{"text":"TRUE","tag":"attribute"}],"note":[{"text":"This biosample is a metagenomic assembly obtained from the marine metagenome BioSample: SAMN04451711.","tag":"attribute"}],"organism":[{"text":"Cloacimonetes bacterium TCS60","ontologyTerms":["http://purl.obolibrary.org/obo/NCBITaxon_1781251"]}],"sample-type":[{"text":"metagenomic assembly","tag":"attribute"}],"title":[{"text":"MIMS Environmental/Metagenome sample from Cloacimonetes bacterium TCS60"}]},"submittedVia":"JSON_API","create":"2016-01-20T00:21:04.043Z","_links":{"self":{"href":"https://www.ebi.ac.uk/biosamples/samples/SAMN04423165"},"curationDomain":{"href":"https://www.ebi.ac.uk/biosamples/samples/SAMN04423165{?curationdomain}","templated":true},"curationLinks":{"href":"https://www.ebi.ac.uk/biosamples/samples/SAMN04423165/curationlinks"},"curationLink":{"href":"https://www.ebi.ac.uk/biosamples/samples/SAMN04423165/curationlinks/{hash}","templated":true},"structuredData":{"href":"https://www.ebi.ac.uk/biosamples/structureddata/SAMN04423165"}}}