{"name":"AGFB","accession":"SAMN02256529","domain":"self.BiosampleImportNCBI","taxId":713585,"release":"2013-07-17T00:00:00Z","update":"2022-03-29T01:49:09.400Z","submitted":"2013-07-17T10:56:21.866Z","characteristics":{"External Id":[{"text":"SAMN02256529","tag":"Namespace:BioSample"}],"GOLD Stamp ID":[{"text":"Gi07686","tag":"attribute"}],"Gram Staining":[{"text":"Gram-","tag":"attribute"}],"INSDC center name":[{"text":"Joint Genome Institute"}],"INSDC first public":[{"text":"2013-07-17T00:00:00Z"}],"INSDC last update":[{"text":"2019-06-20T16:34:26.101Z"}],"INSDC secondary accession":[{"text":"SRS662358"}],"INSDC status":[{"text":"live"}],"NCBI submission model":[{"text":"MIGS.ba"}],"NCBI submission package":[{"text":"MIGS.ba.5.0"}],"SRA accession":[{"text":"SRS662358"}],"Sporulation":[{"text":"Nonsporulating","tag":"attribute"}],"biome":[{"text":"not provided; submitted under MIGS 2.1","tag":"attribute"}],"biotic relationship":[{"text":"free living","tag":"attribute"}],"cell shape":[{"text":"Rod-shaped","tag":"attribute"}],"description":[{"text":"Keywords: GSC:MIxS;MIGS:5.0"}],"feature":[{"text":"not provided; submitted under MIGS 2.1","tag":"attribute"}],"investigation type":[{"text":"bacteria_archaea","tag":"attribute"}],"material":[{"text":"not provided; submitted under MIGS 2.1","tag":"attribute"}],"motility":[{"text":"Motile","tag":"attribute"}],"num_replicons":[{"text":"16","tag":"attribute"}],"organism":[{"text":"Thioalkalivibrio paradoxus ARh 1","ontologyTerms":["http://purl.obolibrary.org/obo/NCBITaxon_713585"]}],"phenotypes":[{"text":"Alkalophile","tag":"attribute"}],"project name":[{"text":"Thioalkalivibrio paradoxus ARh 1","tag":"attribute"}],"rel_to_oxygen":[{"text":"facultative","tag":"attribute"}],"salinity":[{"text":"Halophile","tag":"attribute"}],"strain":[{"text":"ARh 1","tag":"attribute"}],"temperature range":[{"text":"Mesophile","tag":"attribute"}],"title":[{"text":"MIGS Cultured Bacterial/Archaeal sample from Thioalkalivibrio paradoxus ARh 1"}],"trophic_level":[{"text":"chemolithoautotroph","tag":"attribute"}],"type material":[{"text":"type strain of Thioalkalivibrio paradoxus","tag":"attribute"}]},"externalReferences":[{"url":"https://www.ebi.ac.uk/ena/data/view/SAMN02256529","duo":null}],"submittedVia":"JSON_API","create":"2013-07-17T10:56:21.866Z","_links":{"self":{"href":"https://www.ebi.ac.uk/biosamples/samples/SAMN02256529"},"curationDomain":{"href":"https://www.ebi.ac.uk/biosamples/samples/SAMN02256529{?curationdomain}","templated":true},"curationLinks":{"href":"https://www.ebi.ac.uk/biosamples/samples/SAMN02256529/curationlinks"},"curationLink":{"href":"https://www.ebi.ac.uk/biosamples/samples/SAMN02256529/curationlinks/{hash}","templated":true},"structuredData":{"href":"https://www.ebi.ac.uk/biosamples/structureddata/SAMN02256529"}}}