{"name":"Metagenome or environmental sample from Candidatus Muirbacteria BM706","accession":"SAMN07982665","domain":"self.BiosampleImportNCBI","taxId":2053465,"release":"2017-11-06T00:00:00Z","update":"2022-03-30T10:23:51.765Z","submitted":"2017-11-06T17:56:05.203Z","characteristics":{"External Id":[{"text":"SAMN07982665","tag":"Namespace:BioSample"}],"INSDC center name":[{"text":"University of California, Berkeley"}],"INSDC first public":[{"text":"2017-11-06T00:00:00Z"}],"INSDC last update":[{"text":"2020-08-26T21:03:42.629Z"}],"INSDC status":[{"text":"live"}],"NCBI submission model":[{"text":"Microbe, viral or environmental"}],"NCBI submission package":[{"text":"Microbe.1.0"}],"collection date":[{"text":"2015","tag":"attribute"}],"description":[{"text":"Metagenome-assembled genome obtained from sample(s) SAMN07138186 and SAMN07138185"}],"enviromental-sample":[{"text":"TRUE","tag":"attribute"}],"geo loc name":[{"text":"USA: Berkeley, CA, marina","tag":"attribute"}],"isolate":[{"text":"BM706","ontologyTerms":["http://www.ebi.ac.uk/efo/EFO_0006612"],"tag":"attribute"}],"isolation source":[{"text":"enrichment from estuary sediment","tag":"attribute"}],"lat lon":[{"text":"37.8629 N 122.3132 W","tag":"attribute"}],"metagenome source":[{"text":"bioreactor metagenome","tag":"attribute"}],"metagenomic":[{"text":"TRUE","tag":"attribute"}],"organism":[{"text":"Candidatus Muirbacterium halophilum","ontologyTerms":["http://purl.obolibrary.org/obo/NCBITaxon_2053465"]}],"sample type":[{"text":"metagenomic assembly","tag":"attribute"}],"title":[{"text":"Microbe sample from Candidatus Muirbacterium halophilum"}]},"submittedVia":"JSON_API","create":"2017-11-06T17:56:05.203Z","_links":{"self":{"href":"https://www.ebi.ac.uk/biosamples/samples/SAMN07982665"},"curationDomain":{"href":"https://www.ebi.ac.uk/biosamples/samples/SAMN07982665{?curationdomain}","templated":true},"curationLinks":{"href":"https://www.ebi.ac.uk/biosamples/samples/SAMN07982665/curationlinks"},"curationLink":{"href":"https://www.ebi.ac.uk/biosamples/samples/SAMN07982665/curationlinks/{hash}","templated":true},"structuredData":{"href":"https://www.ebi.ac.uk/biosamples/structureddata/SAMN07982665"}}}