{"name":"Ga0077560","accession":"SAMN04254531","domain":"self.BiosampleImportNCBI","taxId":1752190,"release":"2015-11-10T00:00:00Z","update":"2022-03-29T14:47:48.350Z","submitted":"2015-11-10T12:00:11Z","characteristics":{"External Id":[{"text":"SAMN04254531","tag":"Namespace:BioSample"}],"INSDC center name":[{"text":"University of Glasgow"}],"INSDC first public":[{"text":"2015-11-10T00:00:00Z"}],"INSDC last update":[{"text":"2021-09-26T02:27:00.969Z"}],"INSDC status":[{"text":"live"}],"NCBI submission model":[{"text":"Microbe, viral or environmental"}],"NCBI submission package":[{"text":"Microbe.1.0"}],"biomaterial provider":[{"text":"Lutgarde Raskin, University of Michigan","tag":"attribute"}],"collected by":[{"text":"Ameet Pinto, Univerity of Glasgow","tag":"attribute"}],"env biome":[{"text":"drinking water (ENVO:00003064)","tag":"attribute"}],"environmental sample":[{"text":"TRUE","tag":"attribute"}],"geo loc name":[{"text":"USA: Ann Arbor","tag":"attribute"}],"isolate":[{"text":"Ga0077560","tag":"attribute"}],"isolation source":[{"text":"dual media filters at the Ann Arbor, Michigan drinking water treatment plant","tag":"attribute"}],"lat lon":[{"text":"42.2814 N 83.74829999 W","tag":"attribute"}],"metagenome source":[{"text":"activated carbon metagenome","tag":"attribute"}],"metagenomic":[{"text":"TRUE","tag":"attribute"}],"note":[{"text":"This biosample is a metagenomic assembly obtained from the activated carbon metagenome BioSamples: SAMN04231398, SAMN04231399, SAMN04231400, and SAMN04231401.","tag":"attribute"}],"organism":[{"text":"Actinobacteria bacterium Ga0077560","ontologyTerms":["http://purl.obolibrary.org/obo/NCBITaxon_1752190"]}],"sample type":[{"text":"metagenomic assembly","tag":"attribute"}],"title":[{"text":"Genome_bin_52"}]},"submittedVia":"JSON_API","create":"2015-11-10T12:00:11Z","_links":{"self":{"href":"https://www.ebi.ac.uk/biosamples/samples/SAMN04254531"},"curationDomain":{"href":"https://www.ebi.ac.uk/biosamples/samples/SAMN04254531{?curationdomain}","templated":true},"curationLinks":{"href":"https://www.ebi.ac.uk/biosamples/samples/SAMN04254531/curationlinks"},"curationLink":{"href":"https://www.ebi.ac.uk/biosamples/samples/SAMN04254531/curationlinks/{hash}","templated":true},"structuredData":{"href":"https://www.ebi.ac.uk/biosamples/structureddata/SAMN04254531"}}}