{"name":"RIFOXYB2_FULL_WOR-1_36_35_curated","accession":"SAMN04314411","domain":"self.BiosampleImportNCBI","taxId":1802578,"release":"2016-02-22T00:00:00Z","update":"2022-03-29T15:09:43.545Z","submitted":"2015-12-03T12:24:55Z","characteristics":{"External Id":[{"text":"SAMN04314411","tag":"Namespace:BioSample"}],"INSDC center name":[{"text":"Banfield Lab, University of California, Berkeley"}],"INSDC first public":[{"text":"2016-02-22T00:00:00Z"}],"INSDC last update":[{"text":"2021-02-28T03:00:33.350Z"}],"INSDC status":[{"text":"live"}],"NCBI submission model":[{"text":"Metagenome or environmental"}],"NCBI submission package":[{"text":"Metagenome.environmental.1.0"}],"collection date":[{"text":"2012-09-12","tag":"attribute"}],"environmental sample":[{"text":"true","tag":"attribute"}],"geo loc name":[{"text":"USA: Rifle, CO","tag":"attribute"}],"isolation source":[{"text":"Rifle well CD01 at 16ft depth; 0.2 micron filter at time point B","tag":"attribute"}],"lat lon":[{"text":"39.5369 N 107.7828 W","tag":"attribute"}],"metagenome source":[{"text":"subsurface metagenome","tag":"attribute"}],"metagenomic":[{"text":"true","tag":"attribute"}],"note":[{"text":"This biosample is a genome obtained from the metagenome sample SAMN03842446","tag":"attribute"}],"organism":[{"text":"candidate division WOR-1 bacterium RIFOXYB2_FULL_36_35","ontologyTerms":["http://purl.obolibrary.org/obo/NCBITaxon_1802578"]}],"title":[{"text":"Metagenome or environmental sample from candidate division WOR-1 bacterium RIFOXYB2_FULL_36_35"}]},"submittedVia":"JSON_API","create":"2015-12-03T12:24:55Z","_links":{"self":{"href":"https://www.ebi.ac.uk/biosamples/samples/SAMN04314411"},"curationDomain":{"href":"https://www.ebi.ac.uk/biosamples/samples/SAMN04314411{?curationdomain}","templated":true},"curationLinks":{"href":"https://www.ebi.ac.uk/biosamples/samples/SAMN04314411/curationlinks"},"curationLink":{"href":"https://www.ebi.ac.uk/biosamples/samples/SAMN04314411/curationlinks/{hash}","templated":true},"structuredData":{"href":"https://www.ebi.ac.uk/biosamples/structureddata/SAMN04314411"}}}