{"name":"GWF2_Lentisphaerae_49_21_curated","accession":"SAMN04313869","domain":"self.BiosampleImportNCBI","taxId":1798573,"release":"2016-02-22T00:00:00Z","update":"2022-03-29T15:09:30.462Z","submitted":"2015-12-03T12:24:37Z","characteristics":{"External Id":[{"text":"SAMN04313869","tag":"Namespace:BioSample"}],"INSDC center name":[{"text":"Banfield Lab, University of California, Berkeley"}],"INSDC first public":[{"text":"2016-02-22T00:00:00Z"}],"INSDC last update":[{"text":"2021-02-28T03:00:15.194Z"}],"INSDC status":[{"text":"live"}],"NCBI submission model":[{"text":"Metagenome or environmental"}],"NCBI submission package":[{"text":"Metagenome.environmental.1.0"}],"collection date":[{"text":"2011-11-28","tag":"attribute"}],"environmental sample":[{"text":"true","tag":"attribute"}],"geo loc name":[{"text":"USA: Rifle, CO","tag":"attribute"}],"isolation source":[{"text":"Rifle well CD01 at time point 6 / F; 5m depth; 0.2 filter","tag":"attribute"}],"lat lon":[{"text":"39.5369 N 107.7828 W","tag":"attribute"}],"metagenome source":[{"text":"subsurface metagenome","tag":"attribute"}],"metagenomic":[{"text":"true","tag":"attribute"}],"note":[{"text":"This biosample is a genome obtained from the metagenome sample SAMN03203005","tag":"attribute"}],"organism":[{"text":"Lentisphaerae bacterium GWF2_49_21","ontologyTerms":["http://purl.obolibrary.org/obo/NCBITaxon_1798573"]}],"title":[{"text":"Metagenome or environmental sample from Lentisphaerae bacterium GWF2_49_21"}]},"submittedVia":"JSON_API","create":"2015-12-03T12:24:37Z","_links":{"self":{"href":"https://www.ebi.ac.uk/biosamples/samples/SAMN04313869"},"curationDomain":{"href":"https://www.ebi.ac.uk/biosamples/samples/SAMN04313869{?curationdomain}","templated":true},"curationLinks":{"href":"https://www.ebi.ac.uk/biosamples/samples/SAMN04313869/curationlinks"},"curationLink":{"href":"https://www.ebi.ac.uk/biosamples/samples/SAMN04313869/curationlinks/{hash}","templated":true},"structuredData":{"href":"https://www.ebi.ac.uk/biosamples/structureddata/SAMN04313869"}}}