{"name":"73.20120700_E2X.343","accession":"SAMN08179746","domain":"self.BiosampleImportNCBI","taxId":2030811,"release":"2018-05-25T00:00:00Z","update":"2022-03-30T11:39:25.227Z","submitted":"2017-12-14T19:12:10.230Z","characteristics":{"External Id":[{"text":"SAMN08179746","tag":"Namespace:BioSample"}],"INSDC center name":[{"text":"The University of Queensland"}],"INSDC first public":[{"text":"2018-05-25T00:00:00Z"}],"INSDC last update":[{"text":"2021-02-28T05:13:01.908Z"}],"INSDC status":[{"text":"live"}],"NCBI submission model":[{"text":"Microbe, viral or environmental"}],"NCBI submission package":[{"text":"Microbe.1.0"}],"altitude":[{"text":"363 m","tag":"attribute"}],"collection date":[{"text":"2012-07-20","tag":"attribute"}],"depth":[{"text":"0.47-0.5","tag":"attribute"}],"environmental sample":[{"text":"1","tag":"attribute"}],"geo loc name":[{"text":"Sweden: Stordalen Mire","tag":"attribute"}],"isolate":[{"text":"fen_1329","tag":"attribute"}],"isolation source":[{"text":"permafrost active layer soil","tag":"attribute"}],"lat lon":[{"text":"68.3533 N 19.0467 E","tag":"attribute"}],"metagenome source":[{"text":"peat metagenome","tag":"attribute"}],"metagenomic":[{"text":"1","tag":"attribute"}],"name":[{"text":"note","tag":"attribute"}],"organism":[{"text":"Candidatus Peregrinibacteria bacterium","ontologyTerms":["http://purl.obolibrary.org/obo/NCBITaxon_2030811"]}],"sample type":[{"text":"metagenomic assembly","tag":"attribute"}],"title":[{"text":"MAG Patescibacteria_fen_1329 from metagenome 20120700_E2X"}],"value":[{"text":"This BioSample is a metagenomic assembly obtained from the 20120700_E2X metagenome BioSample: SAMN07125060.","tag":"attribute"}]},"submittedVia":"JSON_API","create":"2017-12-14T19:12:10.230Z","_links":{"self":{"href":"https://www.ebi.ac.uk/biosamples/samples/SAMN08179746"},"curationDomain":{"href":"https://www.ebi.ac.uk/biosamples/samples/SAMN08179746{?curationdomain}","templated":true},"curationLinks":{"href":"https://www.ebi.ac.uk/biosamples/samples/SAMN08179746/curationlinks"},"curationLink":{"href":"https://www.ebi.ac.uk/biosamples/samples/SAMN08179746/curationlinks/{hash}","templated":true},"structuredData":{"href":"https://www.ebi.ac.uk/biosamples/structureddata/SAMN08179746"}}}