{"name":"ARK11","accession":"SAMN08107304","domain":"self.BiosampleImportNCBI","taxId":2060323,"release":"2017-11-28T00:00:00Z","update":"2022-03-30T11:16:37.292Z","submitted":"2017-11-28T19:06:06.123Z","characteristics":{"External Id":[{"text":"SAMN08107304","tag":"Namespace:BioSample"}],"INSDC center name":[{"text":"UC Berkeley"}],"INSDC first public":[{"text":"2017-11-28T00:00:00Z"}],"INSDC last update":[{"text":"2021-02-28T05:09:17.273Z"}],"INSDC status":[{"text":"live"}],"NCBI submission model":[{"text":"Microbe, viral or environmental"}],"NCBI submission package":[{"text":"Microbe.1.0"}],"collected by":[{"text":"Elizabeth Burgess","tag":"attribute"}],"collection date":[{"text":"2004-08","tag":"attribute"}],"env biome":[{"text":"freshwater biome","tag":"attribute"}],"environmental sample":[{"text":"TRUE","tag":"attribute"}],"geo loc name":[{"text":"Russia: Uzon Caldera, Kamchatka, Arkashin hot spring","tag":"attribute"}],"isolate":[{"text":"ARK-11","tag":"attribute"}],"isolation source":[{"text":"hot spring","tag":"attribute"}],"lat lon":[{"text":"54.30 N 160.02 E","tag":"attribute"}],"metagenome source":[{"text":"hot springs metagenome","tag":"attribute"}],"metagenomic":[{"text":"TRUE","tag":"attribute"}],"misc_param":[{"text":"ARK-11_hot_spring_Kamchatka","tag":"attribute"}],"note":[{"text":"This BioSample is a metagenomic assembly obtained from the hot springs metagenome BioSamples: SAMN08105301.","tag":"attribute"}],"organism":[{"text":"Mesoaciditoga sp.","ontologyTerms":["http://purl.obolibrary.org/obo/NCBITaxon_2060323"]}],"sample type":[{"text":"metagenomic assembly","tag":"attribute"}],"title":[{"text":"Microbe sample from Mesoaciditoga sp."}]},"submittedVia":"JSON_API","create":"2017-11-28T19:06:06.123Z","_links":{"self":{"href":"https://www.ebi.ac.uk/biosamples/samples/SAMN08107304"},"curationDomain":{"href":"https://www.ebi.ac.uk/biosamples/samples/SAMN08107304{?curationdomain}","templated":true},"curationLinks":{"href":"https://www.ebi.ac.uk/biosamples/samples/SAMN08107304/curationlinks"},"curationLink":{"href":"https://www.ebi.ac.uk/biosamples/samples/SAMN08107304/curationlinks/{hash}","templated":true},"structuredData":{"href":"https://www.ebi.ac.uk/biosamples/structureddata/SAMN08107304"}}}