{"name":"UBA10108","accession":"SAMN08020234","domain":"self.BiosampleImportNCBI","taxId":2052139,"release":"2017-11-13T00:00:00Z","update":"2022-03-30T10:42:22.670Z","submitted":"2017-11-13T20:27:20.830Z","characteristics":{"External Id":[{"text":"SAMN08020234","tag":"Namespace:BioSample"}],"INSDC center name":[{"text":"University of Queensland"}],"INSDC first public":[{"text":"2017-11-13T00:00:00Z"}],"INSDC secondary accession":[{"text":"SRS2843309"}],"INSDC status":[{"text":"live"}],"NCBI submission model":[{"text":"Microbe, viral or environmental"}],"SRA accession":[{"text":"SRS2843309"}],"assembly method":[{"text":"CLC de novo assembler","tag":"attribute"}],"assembly_method_version":[{"text":"4.4.1","tag":"attribute"}],"completeness_estimated":[{"text":"55.01%","tag":"attribute"}],"contamination_estimated":[{"text":"0.00%","tag":"attribute"}],"environmental sample":[{"text":"true","tag":"attribute"}],"genome coverage":[{"text":"19.56x","tag":"attribute"}],"isolate":[{"text":"UBA10108","tag":"attribute"}],"isolation source":[{"text":"groundwater","tag":"attribute"}],"mapping_method":[{"text":"BWA (BWA-MEM)","tag":"attribute"}],"mapping_method_version":[{"text":"0.7.12-r1039","tag":"attribute"}],"metagenome source":[{"text":"groundwater metagenome","tag":"attribute"}],"metagenomic":[{"text":"true","tag":"attribute"}],"note":[{"text":"groundwater metagenome","tag":"attribute"}],"organism":[{"text":"Patescibacteria group bacterium","ontologyTerms":["http://purl.obolibrary.org/obo/NCBITaxon_2052139"]}],"quality_assessment_method":[{"text":"CheckM","tag":"attribute"}],"quality_assessment_method_version":[{"text":"1.0.6","tag":"attribute"}],"sample type":[{"text":"metagenomic assembly","tag":"attribute"}],"title":[{"text":"Uncultivated Patescibacteria group bacterium UBA10108 genome recovered from SRX764703"}],"value":[{"text":"This BioSample is a metagenomic assembly obtained from the groundwater metagenome reads: SRR1658343.","tag":"attribute"}]},"externalReferences":[{"url":"https://www.ebi.ac.uk/ena/data/view/SAMN08020234","duo":null}],"submittedVia":"JSON_API","create":"2017-11-13T20:27:20.830Z","_links":{"self":{"href":"https://www.ebi.ac.uk/biosamples/samples/SAMN08020234"},"curationDomain":{"href":"https://www.ebi.ac.uk/biosamples/samples/SAMN08020234{?curationdomain}","templated":true},"curationLinks":{"href":"https://www.ebi.ac.uk/biosamples/samples/SAMN08020234/curationlinks"},"curationLink":{"href":"https://www.ebi.ac.uk/biosamples/samples/SAMN08020234/curationlinks/{hash}","templated":true},"structuredData":{"href":"https://www.ebi.ac.uk/biosamples/structureddata/SAMN08020234"}}}