{"name":"Acidobacteria bacterium UBA6911","accession":"SAMN06451230","domain":"self.BiosampleImportNCBI","taxId":1953110,"release":"2017-02-27T00:00:00Z","update":"2022-03-30T01:29:09.778Z","submitted":"2017-02-27T11:04:27.250Z","characteristics":{"External Id":[{"text":"SAMN06451230","tag":"Namespace:BioSample"}],"INSDC center name":[{"text":"University of Queensland"}],"INSDC first public":[{"text":"2017-02-27T00:00:00Z"}],"INSDC secondary accession":[{"text":"SRS2031787"}],"INSDC status":[{"text":"live"}],"NCBI submission model":[{"text":"Microbe, viral or environmental"}],"SRA accession":[{"text":"SRS2031787"}],"assembly method":[{"text":"CLC de novo assembler","tag":"attribute"}],"assembly_method_version":[{"text":"4.4.1","tag":"attribute"}],"completeness_estimated":[{"text":"86.38%","tag":"attribute"}],"contamination_estimated":[{"text":"5.13%","tag":"attribute"}],"environmental sample":[{"text":"true","tag":"attribute"}],"genome coverage":[{"text":"12.32","tag":"attribute"}],"isolate":[{"text":"UBA6911","tag":"attribute"}],"isolation-source":[{"text":"Noosa River","tag":"attribute"}],"mapping_method":[{"text":"BWA (BWA-MEM)","tag":"attribute"}],"mapping_method_version":[{"text":"0.7.12-r1039","tag":"attribute"}],"metagenome source":[{"text":"Noosa River metagenome","tag":"attribute"}],"metagenomic":[{"text":"true","tag":"attribute"}],"organism":[{"text":"Acidobacteria bacterium UBA6911","ontologyTerms":["http://purl.obolibrary.org/obo/NCBITaxon_1953110"]}],"quality_assessment_method":[{"text":"CheckM","tag":"attribute"}],"quality_assessment_method_version":[{"text":"1.0.6","tag":"attribute"}],"sample type":[{"text":"metagenomic assembly","tag":"attribute"}],"subsrc_note":[{"text":"Genome binned from sequencing reads available in ERX633356 metagenome","tag":"attribute"}],"title":[{"text":"Uncultivated Acidobacteria bacterium UBA6911 genome recovered from ERX633356"}],"value":[{"text":"This BioSample is a metagenomic assembly obtained from the Noosa River metagenome reads: ERR688355.","tag":"attribute"}]},"externalReferences":[{"url":"https://www.ebi.ac.uk/ena/data/view/SAMN06451230","duo":null}],"submittedVia":"JSON_API","create":"2017-02-27T11:04:27.250Z","_links":{"self":{"href":"https://www.ebi.ac.uk/biosamples/samples/SAMN06451230"},"curationDomain":{"href":"https://www.ebi.ac.uk/biosamples/samples/SAMN06451230{?curationdomain}","templated":true},"curationLinks":{"href":"https://www.ebi.ac.uk/biosamples/samples/SAMN06451230/curationlinks"},"curationLink":{"href":"https://www.ebi.ac.uk/biosamples/samples/SAMN06451230/curationlinks/{hash}","templated":true},"structuredData":{"href":"https://www.ebi.ac.uk/biosamples/structureddata/SAMN06451230"}}}