{"name":"Candidatus Pacebacteria bacterium UBA1364","accession":"SAMN06456414","domain":"self.BiosampleImportNCBI","taxId":1953304,"release":"2017-02-27T00:00:00Z","update":"2022-03-30T01:31:18.251Z","submitted":"2017-02-27T11:16:30.333Z","characteristics":{"External Id":[{"text":"SAMN06456414","tag":"Namespace:BioSample"}],"INSDC center name":[{"text":"University of Queensland"}],"INSDC first public":[{"text":"2017-02-27T00:00:00Z"}],"INSDC secondary accession":[{"text":"SRS2030480"}],"INSDC status":[{"text":"live"}],"NCBI submission model":[{"text":"Microbe, viral or environmental"}],"SRA accession":[{"text":"SRS2030480"}],"assembly method":[{"text":"CLC de novo assembler","tag":"attribute"}],"assembly_method_version":[{"text":"4.4.1","tag":"attribute"}],"completeness_estimated":[{"text":"69.82%","tag":"attribute"}],"contamination_estimated":[{"text":"1.12%","tag":"attribute"}],"environmental sample":[{"text":"true","tag":"attribute"}],"genome coverage":[{"text":"167.08","tag":"attribute"}],"geo loc name":[{"text":"Malaysia","tag":"attribute"}],"isolate":[{"text":"UBA1364","tag":"attribute"}],"isolation-source":[{"text":"closed biodigester","tag":"attribute"}],"mapping_method":[{"text":"BWA (BWA-MEM)","tag":"attribute"}],"mapping_method_version":[{"text":"0.7.12-r1039","tag":"attribute"}],"metagenome source":[{"text":"palm oil mill effluent metagenome","tag":"attribute"}],"metagenomic":[{"text":"true","tag":"attribute"}],"organism":[{"text":"Candidatus Pacebacteria bacterium UBA1364","ontologyTerms":["http://purl.obolibrary.org/obo/NCBITaxon_1953304"]}],"quality_assessment_method":[{"text":"CheckM","tag":"attribute"}],"quality_assessment_method_version":[{"text":"1.0.6","tag":"attribute"}],"sample type":[{"text":"metagenomic assembly","tag":"attribute"}],"subsrc_note":[{"text":"Genome binned from sequencing reads available in ERX250271 metagenome","tag":"attribute"}],"title":[{"text":"Uncultivated Candidatus Pacebacteria bacterium UBA1364 genome recovered from ERX250271"}],"value":[{"text":"This BioSample is a metagenomic assembly obtained from the palm oil mill effluent metagenome reads: ERR276848.","tag":"attribute"}]},"externalReferences":[{"url":"https://www.ebi.ac.uk/ena/data/view/SAMN06456414","duo":null}],"submittedVia":"JSON_API","create":"2017-02-27T11:16:30.333Z","_links":{"self":{"href":"https://www.ebi.ac.uk/biosamples/samples/SAMN06456414"},"curationDomain":{"href":"https://www.ebi.ac.uk/biosamples/samples/SAMN06456414{?curationdomain}","templated":true},"curationLinks":{"href":"https://www.ebi.ac.uk/biosamples/samples/SAMN06456414/curationlinks"},"curationLink":{"href":"https://www.ebi.ac.uk/biosamples/samples/SAMN06456414/curationlinks/{hash}","templated":true},"structuredData":{"href":"https://www.ebi.ac.uk/biosamples/structureddata/SAMN06456414"}}}