{"name":"Bacterium SZUA-79 [Domain]","accession":"SAMN09240063","domain":"self.BiosampleImportNCBI","taxId":1869227,"release":"2018-05-23T00:00:00Z","update":"2022-03-30T18:41:36.648Z","submitted":"2018-05-23T02:00:07.120Z","characteristics":{"External Id":[{"text":"SAMN09240063","tag":"Namespace:BioSample"}],"INSDC center name":[{"text":"Environmental Microbiology Lab"}],"INSDC first public":[{"text":"2018-05-23T00:00:00Z"}],"INSDC last update":[{"text":"2021-02-28T05:55:20.096Z"}],"INSDC status":[{"text":"live"}],"NCBI submission model":[{"text":"Microbe, viral or environmental"}],"NCBI submission package":[{"text":"Microbe.1.0"}],"collection date":[{"text":"2012-08","tag":"attribute"}],"environmental sample":[{"text":"1","tag":"attribute"}],"geo loc name":[{"text":"Atlantic Ocean: Mid-Atlantic Ridge, Guaymas Basin, Black smoker hydrothermal vent","tag":"attribute"}],"isolate":[{"text":"SZUA-79","tag":"attribute"}],"isolation source":[{"text":"marine hydrothermal chimney wall TVG10","tag":"attribute"}],"lat lon":[{"text":"15.16 S 13.35 W","tag":"attribute"}],"metagenome source":[{"text":"hydrothermal vent metagenome","tag":"attribute"}],"metagenomic":[{"text":"1","tag":"attribute"}],"note":[{"text":"This BioSample is a metagenomic assembly obtained from the hydrothermal vent metagenome BioSamples: SAMN06909423","tag":"attribute"}],"organism":[{"text":"bacterium","ontologyTerms":["http://purl.obolibrary.org/obo/NCBITaxon_1869227"]}],"sample type":[{"text":"metagenomic assembly","tag":"attribute"}],"title":[{"text":"Microbe sample from bacterium"}]},"submittedVia":"JSON_API","create":"2018-05-23T02:00:07.120Z","_links":{"self":{"href":"https://www.ebi.ac.uk/biosamples/samples/SAMN09240063"},"curationDomain":{"href":"https://www.ebi.ac.uk/biosamples/samples/SAMN09240063{?curationdomain}","templated":true},"curationLinks":{"href":"https://www.ebi.ac.uk/biosamples/samples/SAMN09240063/curationlinks"},"curationLink":{"href":"https://www.ebi.ac.uk/biosamples/samples/SAMN09240063/curationlinks/{hash}","templated":true},"structuredData":{"href":"https://www.ebi.ac.uk/biosamples/structureddata/SAMN09240063"}}}