{"name":"Proteobacteria bacterium UBA1847","accession":"SAMN06456507","domain":"self.BiosampleImportNCBI","taxId":1948139,"release":"2017-02-27T00:00:00Z","update":"2022-03-30T01:31:21.476Z","submitted":"2017-02-27T11:16:34.646Z","characteristics":{"External Id":[{"text":"SAMN06456507","tag":"Namespace:BioSample"}],"INSDC center name":[{"text":"University of Queensland"}],"INSDC first public":[{"text":"2017-02-27T00:00:00Z"}],"INSDC secondary accession":[{"text":"SRS2032380"}],"INSDC status":[{"text":"live"}],"NCBI submission model":[{"text":"Microbe, viral or environmental"}],"SRA accession":[{"text":"SRS2032380"}],"assembly method":[{"text":"CLC de novo assembler","tag":"attribute"}],"assembly_method_version":[{"text":"4.4.1","tag":"attribute"}],"completeness_estimated":[{"text":"73.22%","tag":"attribute"}],"contamination_estimated":[{"text":"3.39%","tag":"attribute"}],"environmental sample":[{"text":"true","tag":"attribute"}],"genome coverage":[{"text":"10.61","tag":"attribute"}],"isolate":[{"text":"UBA1847","tag":"attribute"}],"isolation-source":[{"text":"Activated sludge form a lab-scale nitrification reactor","tag":"attribute"}],"mapping_method":[{"text":"BWA (BWA-MEM)","tag":"attribute"}],"mapping_method_version":[{"text":"0.7.12-r1039","tag":"attribute"}],"metagenome source":[{"text":"metagenome","tag":"attribute"}],"metagenomic":[{"text":"true","tag":"attribute"}],"organism":[{"text":"Proteobacteria bacterium UBA1847","ontologyTerms":["http://purl.obolibrary.org/obo/NCBITaxon_1948139"]}],"quality_assessment_method":[{"text":"CheckM","tag":"attribute"}],"quality_assessment_method_version":[{"text":"1.0.6","tag":"attribute"}],"sample type":[{"text":"metagenomic assembly","tag":"attribute"}],"subsrc_note":[{"text":"Genome binned from sequencing reads available in SRX201528 metagenome","tag":"attribute"}],"title":[{"text":"Uncultivated Proteobacteria bacterium UBA1847 genome recovered from SRX201528"}],"value":[{"text":"This BioSample is a metagenomic assembly obtained from the metagenome reads: SRR609198.","tag":"attribute"}]},"externalReferences":[{"url":"https://www.ebi.ac.uk/ena/data/view/SAMN06456507","duo":null}],"submittedVia":"JSON_API","create":"2017-02-27T11:16:34.646Z","_links":{"self":{"href":"https://www.ebi.ac.uk/biosamples/samples/SAMN06456507"},"curationDomain":{"href":"https://www.ebi.ac.uk/biosamples/samples/SAMN06456507{?curationdomain}","templated":true},"curationLinks":{"href":"https://www.ebi.ac.uk/biosamples/samples/SAMN06456507/curationlinks"},"curationLink":{"href":"https://www.ebi.ac.uk/biosamples/samples/SAMN06456507/curationlinks/{hash}","templated":true},"structuredData":{"href":"https://www.ebi.ac.uk/biosamples/structureddata/SAMN06456507"}}}