{"name":"PNA_olburgen","accession":"SAMN03326276","domain":"self.BiosampleImportNCBI","taxId":1617426,"release":"2015-02-19T00:00:00Z","update":"2022-03-29T08:12:18.607Z","submitted":"2015-02-03T11:43:48.493Z","characteristics":{"External Id":[{"text":"SAMN03326276","tag":"Namespace:BioSample"}],"INSDC center name":[{"text":"Radboud University Nijmegen"}],"INSDC first public":[{"text":"2015-02-19T00:00:00Z"}],"INSDC last update":[{"text":"2021-02-28T02:35:17.338Z"}],"INSDC secondary accession":[{"text":"SRS842611"}],"INSDC status":[{"text":"live"}],"NCBI submission model":[{"text":"MIMS.me"},{"text":"MIGS/MIMS/MIMARKS.wastewater"}],"NCBI submission package":[{"text":"MIMS.me.wastewater.5.0"}],"SRA accession":[{"text":"SRS842611"}],"collection date":[{"text":"2013-10","tag":"attribute"}],"description":[{"text":"The partial-nitritation anammox (PNA) reactor at olburgen, the Netherlands is a full scale (600m3) reactor for the removal of ammonium from wastewater from the potato processing industry. The operation of the reactor was described by abma et al in 2010 (PMID 20371929)"}],"env biome":[{"text":"wastewater treatment plan","tag":"attribute"}],"env feature":[{"text":"bioreactor","tag":"attribute"}],"env_material":[{"text":"wastewater","tag":"attribute"}],"environmental sample":[{"text":"TRUE","tag":"attribute"}],"geo loc name":[{"text":"Netherlands: Olburgen","tag":"attribute"}],"isolate":[{"text":"OLB20","tag":"attribute"}],"isolation source":[{"text":"partial-nitritation anammox (PNA) reactor; full scale (600m3) reactor for the removal of ammonium from wastewater from the potato processing industry","tag":"attribute"}],"lat lon":[{"text":"52.048138 N 6.144261 E","tag":"attribute"}],"metagenome source":[{"text":"bioreactor metagenome","tag":"attribute"}],"metagenomic":[{"text":"TRUE","tag":"attribute"}],"note":[{"text":"This biosample is a metagenomic assembly obtained from the bioreactor metagenome sample SAMN03351330","tag":"attribute"}],"organism":[{"text":"candidate division WS6 bacterium OLB20","ontologyTerms":["http://purl.obolibrary.org/obo/NCBITaxon_1617426"]}],"perturbation":[{"text":"continuous gas lift reactor","tag":"attribute"}],"ph":[{"text":"7.8","tag":"attribute"}],"reactor_type":[{"text":"gas lift reactor","tag":"attribute"}],"rel_to_oxygen":[{"text":"facultative","tag":"attribute"}],"samp mat process":[{"text":"subsample: washed granular sludge","tag":"attribute"}],"samp_size":[{"text":"2x 10 L","tag":"attribute"}],"samp_vol_we_dna_ext":[{"text":"8x 1 mL","tag":"attribute"}],"sample type":[{"text":"metagenomic assembly","tag":"attribute"}],"sewage_type":[{"text":"industrial","tag":"attribute"}],"temp":[{"text":"35 degrees celcius","tag":"attribute"}],"title":[{"text":"full scale partial nitritation anammox reactor"}],"wastewater_type":[{"text":"potato processing","tag":"attribute"}]},"externalReferences":[{"url":"https://www.ebi.ac.uk/ena/browser/view/SAMN03326276","duo":[]},{"url":"https://www.ebi.ac.uk/ena/data/view/SAMN03326276","duo":null}],"submittedVia":"JSON_API","create":"2015-02-03T11:43:48.493Z","_links":{"self":{"href":"https://www.ebi.ac.uk/biosamples/samples/SAMN03326276"},"curationDomain":{"href":"https://www.ebi.ac.uk/biosamples/samples/SAMN03326276{?curationdomain}","templated":true},"curationLinks":{"href":"https://www.ebi.ac.uk/biosamples/samples/SAMN03326276/curationlinks"},"curationLink":{"href":"https://www.ebi.ac.uk/biosamples/samples/SAMN03326276/curationlinks/{hash}","templated":true},"structuredData":{"href":"https://www.ebi.ac.uk/biosamples/structureddata/SAMN03326276"}}}