{"name":"LC231","accession":"SAMN02715779","domain":"self.BiosampleImportNCBI","taxId":1120679,"release":"2016-12-06T00:00:00Z","update":"2022-03-29T04:18:20.939Z","submitted":"2014-04-02T11:42:48.860Z","characteristics":{"External Id":[{"text":"SAMN02715779","tag":"Namespace:BioSample"}],"INSDC center name":[{"text":"McMaster University"}],"INSDC first public":[{"text":"2016-12-06T00:00:00Z"}],"INSDC last update":[{"text":"2019-06-20T16:54:40.667Z"}],"INSDC status":[{"text":"live"}],"NCBI submission model":[{"text":"MIGS.ba"}],"NCBI submission package":[{"text":"MIGS.ba.5.0"}],"biome":[{"text":"cave","tag":"attribute"}],"collection date":[{"text":"2007","tag":"attribute"}],"description":[{"text":"Keywords: GSC:MIxS;MIGS:5.0"}],"feature":[{"text":"Lechuguilla Cave","tag":"attribute"}],"geo loc name":[{"text":"USA: Lechuguilla Cave, Carlsbad Caverns National Park, New Mexico","tag":"attribute"}],"isol_growth_condt":[{"text":"22509370","tag":"attribute"}],"lat lon":[{"text":"32.174212 N 104.445855 W","tag":"attribute"}],"material":[{"text":"rock","tag":"attribute"}],"num_replicons":[{"text":"1","tag":"attribute"}],"organism":[{"text":"Paenibacillus sp. LC231","ontologyTerms":["http://purl.obolibrary.org/obo/NCBITaxon_1120679"]}],"ref_biomaterial":[{"text":"22509370","tag":"attribute"}],"strain":[{"text":"LC231","tag":"attribute"}],"title":[{"text":"MIGS Cultured Bacterial/Archaeal sample from Paenibacillus sp. LC231"}]},"submittedVia":"JSON_API","create":"2014-04-02T11:42:48.860Z","_links":{"self":{"href":"https://www.ebi.ac.uk/biosamples/samples/SAMN02715779"},"curationDomain":{"href":"https://www.ebi.ac.uk/biosamples/samples/SAMN02715779{?curationdomain}","templated":true},"curationLinks":{"href":"https://www.ebi.ac.uk/biosamples/samples/SAMN02715779/curationlinks"},"curationLink":{"href":"https://www.ebi.ac.uk/biosamples/samples/SAMN02715779/curationlinks/{hash}","templated":true},"structuredData":{"href":"https://www.ebi.ac.uk/biosamples/structureddata/SAMN02715779"}}}