{"name":"SubsurfaceFluids-23-24_U1362B_JdFR-76","accession":"SAMN06226393","domain":"self.BiosampleImportNCBI","taxId":1935133,"release":"2017-01-17T00:00:00Z","update":"2022-03-30T00:00:06.849Z","submitted":"2017-01-12T17:46:11.413Z","characteristics":{"External Id":[{"text":"SAMN06226393","tag":"Namespace:BioSample"}],"INSDC center name":[{"text":"University of Southern California"}],"INSDC first public":[{"text":"2017-01-17T00:00:00Z"}],"INSDC last update":[{"text":"2021-02-28T03:57:37.316Z"}],"INSDC status":[{"text":"live"}],"NCBI submission model":[{"text":"Microbe, viral or environmental"}],"NCBI submission package":[{"text":"Microbe.1.0"}],"collection date":[{"text":"2011-07-10","tag":"attribute"}],"depth":[{"text":"290","tag":"attribute"}],"env biome":[{"text":"hydrothermal fluid","tag":"attribute"}],"environmental sample":[{"text":"TRUE","tag":"attribute"}],"geo loc name":[{"text":"Pacific Ocean","tag":"attribute"}],"isolate":[{"text":"JdFR-76","tag":"attribute"}],"isolation source":[{"text":"basaltic crustal fluids","tag":"attribute"}],"lat lon":[{"text":"47.76 N 127.76 W","tag":"attribute"}],"metagenome source":[{"text":"subsurface metagenome","tag":"attribute"}],"metagenomic":[{"text":"TRUE","tag":"attribute"}],"note":[{"text":"This biosample is a metagenomic assembly obtained from the subsurface metagenome BioSample: SAMN03166138","tag":"attribute"}],"organism":[{"text":"Deferribacteres bacterium JdFR-76","ontologyTerms":["http://purl.obolibrary.org/obo/NCBITaxon_1935133"]}],"publication":[{"text":"Jungbluth_etal_ScientificData","tag":"attribute"}],"sample type":[{"text":"metagenomic assembly","tag":"attribute"}],"title":[{"text":"Microbe sample from Deferribacteres bacterium JdFR-76"}]},"submittedVia":"JSON_API","create":"2017-01-12T17:46:11.413Z","_links":{"self":{"href":"https://www.ebi.ac.uk/biosamples/samples/SAMN06226393"},"curationDomain":{"href":"https://www.ebi.ac.uk/biosamples/samples/SAMN06226393{?curationdomain}","templated":true},"curationLinks":{"href":"https://www.ebi.ac.uk/biosamples/samples/SAMN06226393/curationlinks"},"curationLink":{"href":"https://www.ebi.ac.uk/biosamples/samples/SAMN06226393/curationlinks/{hash}","templated":true},"structuredData":{"href":"https://www.ebi.ac.uk/biosamples/structureddata/SAMN06226393"}}}