{"name":"IMC4_SM1","accession":"SAMN05386354","domain":"self.BiosampleImportNCBI","taxId":1878999,"release":"2016-07-19T13:55:27.337Z","update":"2022-03-29T19:32:36.496Z","submitted":"2016-07-13T11:12:03.027Z","characteristics":{"External Id":[{"text":"SAMN05386354","tag":"Namespace:BioSample"}],"INSDC center name":[{"text":"University of Tennessee"}],"INSDC first public":[{"text":"2016-07-19T13:55:27.337Z"}],"INSDC last update":[{"text":"2016-08-04T16:23:13.297Z"}],"INSDC status":[{"text":"live"}],"NCBI submission model":[{"text":"Microbe, viral or environmental"}],"NCBI submission package":[{"text":"Microbe.1.0"}],"biomaterial provider":[{"text":"Alexander J. Probst","tag":"attribute"}],"collected by":[{"text":"Alexander J. Probst","tag":"attribute"}],"collection date":[{"text":"2011","tag":"attribute"}],"env biome":[{"text":"ENVO:00000126","tag":"attribute"}],"environmental sample":[{"text":"TRUE","tag":"attribute"}],"geo loc name":[{"text":"Germany: Muhlbacher Schwefelquelle","tag":"attribute"}],"isolate":[{"text":"IMC4_SM1","tag":"attribute"}],"isolation source":[{"text":"sulfidic groundwater","tag":"attribute"}],"metagenome source":[{"text":"groundwater metagenome","tag":"attribute"}],"metagenomic":[{"text":"TRUE","tag":"attribute"}],"note":[{"text":"This biosample is a metagenomic assembly obtained from the groundwater metagenome SAMEA2779768","tag":"attribute"}],"organism":[{"text":"Candidatus Altiarchaeales archaeon IMC4","ontologyTerms":["http://purl.obolibrary.org/obo/NCBITaxon_1878999"]}],"sample type":[{"text":"metagenomic assembly","tag":"attribute"}],"title":[{"text":"Microbe sample from Candidatus Altiarchaeales archaeon IMC4"}]},"submittedVia":"JSON_API","create":"2016-07-13T11:12:03.027Z","_links":{"self":{"href":"https://www.ebi.ac.uk/biosamples/samples/SAMN05386354"},"curationDomain":{"href":"https://www.ebi.ac.uk/biosamples/samples/SAMN05386354{?curationdomain}","templated":true},"curationLinks":{"href":"https://www.ebi.ac.uk/biosamples/samples/SAMN05386354/curationlinks"},"curationLink":{"href":"https://www.ebi.ac.uk/biosamples/samples/SAMN05386354/curationlinks/{hash}","templated":true},"structuredData":{"href":"https://www.ebi.ac.uk/biosamples/structureddata/SAMN05386354"}}}