{"name":"Candidatus Kryptonium thompsoni JGI-8","accession":"SAMN03435926","domain":"self.BiosampleImportNCBI","taxId":1633631,"release":"2015-04-17T13:48:49.870Z","update":"2022-03-29T08:55:04.983Z","submitted":"2015-03-20T14:34:33.683Z","characteristics":{"External Id":[{"text":"SAMN03435926","tag":"Namespace:BioSample"}],"INSDC center name":[{"text":"DOE Joint Genome Institute"}],"INSDC first public":[{"text":"2015-04-17T13:48:49.870Z"}],"INSDC last update":[{"text":"2015-11-10T10:49:20.340Z"}],"INSDC secondary accession":[{"text":"ERS1148649"}],"INSDC status":[{"text":"live"}],"NCBI submission model":[{"text":"Microbe, viral or environmental"}],"NCBI submission package":[{"text":"Microbe.1.0"}],"SRA accession":[{"text":"ERS1148649"}],"altitude":[{"text":"1349 m","tag":"attribute"}],"collection date":[{"text":"2012-09-28","tag":"attribute"}],"description":[{"text":"Single cells were sorted directly from the environment"}],"env biome":[{"text":"Hot Springs","tag":"attribute"}],"geo loc name":[{"text":"Canada:Dewar Creek","tag":"attribute"}],"isolate":[{"text":"JGI-8","tag":"attribute"}],"isolation source":[{"text":"single cell amplified by MDA; Dewar Creek hot spring","tag":"attribute"}],"lat lon":[{"text":"49.954267 N 116.515467 W","tag":"attribute"}],"organism":[{"text":"Candidatus Kryptonium thompsoni","ontologyTerms":["http://purl.obolibrary.org/obo/NCBITaxon_1633631"]}],"ph":[{"text":"8","tag":"attribute"}],"sample type":[{"text":"Single Cell Isolate","tag":"attribute"}],"temp":[{"text":"77C","tag":"attribute"}],"title":[{"text":"Microbe sample from Candidatus Kryptonium thompsoni"}]},"externalReferences":[{"url":"https://www.ebi.ac.uk/ena/data/view/SAMN03435926","duo":null}],"submittedVia":"JSON_API","create":"2015-03-20T14:34:33.683Z","_links":{"self":{"href":"https://www.ebi.ac.uk/biosamples/samples/SAMN03435926"},"curationDomain":{"href":"https://www.ebi.ac.uk/biosamples/samples/SAMN03435926{?curationdomain}","templated":true},"curationLinks":{"href":"https://www.ebi.ac.uk/biosamples/samples/SAMN03435926/curationlinks"},"curationLink":{"href":"https://www.ebi.ac.uk/biosamples/samples/SAMN03435926/curationlinks/{hash}","templated":true},"structuredData":{"href":"https://www.ebi.ac.uk/biosamples/structureddata/SAMN03435926"}}}