{"name":"Legionellales bacterium UBA4722","accession":"SAMN06455963","domain":"self.BiosampleImportNCBI","taxId":1951148,"release":"2017-02-27T00:00:00Z","update":"2022-03-30T01:31:07.361Z","submitted":"2017-02-27T11:16:08.873Z","characteristics":{"External Id":[{"text":"SAMN06455963","tag":"Namespace:BioSample"}],"INSDC center name":[{"text":"University of Queensland"}],"INSDC first public":[{"text":"2017-02-27T00:00:00Z"}],"INSDC secondary accession":[{"text":"SRS2036201"}],"INSDC status":[{"text":"live"}],"NCBI submission model":[{"text":"Microbe, viral or environmental"}],"SRA accession":[{"text":"SRS2036201"}],"assembly method":[{"text":"CLC de novo assembler","tag":"attribute"}],"assembly_method_version":[{"text":"4.4.1","tag":"attribute"}],"completeness_estimated":[{"text":"90.99%","tag":"attribute"}],"contamination_estimated":[{"text":"0.48%","tag":"attribute"}],"environmental sample":[{"text":"true","tag":"attribute"}],"genome coverage":[{"text":"28.78","tag":"attribute"}],"geo loc name":[{"text":"Canada: Axel Heiberg Island,Nunavut","tag":"attribute"}],"isolate":[{"text":"UBA4722","tag":"attribute"}],"isolation-source":[{"text":"soil","tag":"attribute"}],"mapping_method":[{"text":"BWA (BWA-MEM)","tag":"attribute"}],"mapping_method_version":[{"text":"0.7.12-r1039","tag":"attribute"}],"metagenome source":[{"text":"soil metagenome","ontologyTerms":["http://purl.obolibrary.org/obo/NCBITaxon_410658"],"tag":"attribute"}],"metagenomic":[{"text":"true","tag":"attribute"}],"organism":[{"text":"Legionellales bacterium UBA4722","ontologyTerms":["http://purl.obolibrary.org/obo/NCBITaxon_1951148"]}],"quality_assessment_method":[{"text":"CheckM","tag":"attribute"}],"quality_assessment_method_version":[{"text":"1.0.6","tag":"attribute"}],"sample type":[{"text":"metagenomic assembly","tag":"attribute"}],"subsrc_note":[{"text":"Genome binned from sequencing reads available in SRX710613 metagenome","tag":"attribute"}],"title":[{"text":"Uncultivated Legionellales bacterium UBA4722 genome recovered from SRX710613"}],"value":[{"text":"This BioSample is a metagenomic assembly obtained from the soil metagenome reads: SRR1586309.","tag":"attribute"}]},"externalReferences":[{"url":"https://www.ebi.ac.uk/ena/data/view/SAMN06455963","duo":null}],"submittedVia":"JSON_API","create":"2017-02-27T11:16:08.873Z","_links":{"self":{"href":"https://www.ebi.ac.uk/biosamples/samples/SAMN06455963"},"curationDomain":{"href":"https://www.ebi.ac.uk/biosamples/samples/SAMN06455963{?curationdomain}","templated":true},"curationLinks":{"href":"https://www.ebi.ac.uk/biosamples/samples/SAMN06455963/curationlinks"},"curationLink":{"href":"https://www.ebi.ac.uk/biosamples/samples/SAMN06455963/curationlinks/{hash}","templated":true},"structuredData":{"href":"https://www.ebi.ac.uk/biosamples/structureddata/SAMN06455963"}}}