{"name":"CSP1-4_Chloroflexi","accession":"SAMN03462093","domain":"self.BiosampleImportNCBI","taxId":1640513,"release":"2015-04-08T00:00:00Z","update":"2022-03-29T09:03:53.095Z","submitted":"2015-04-06T15:06:15Z","characteristics":{"External Id":[{"text":"SAMN03462093","tag":"Namespace:BioSample"}],"INSDC center name":[{"text":"Banfield Lab, University of California, Berkeley"}],"INSDC first public":[{"text":"2015-04-08T00:00:00Z"}],"INSDC last update":[{"text":"2021-02-28T02:39:42.020Z"}],"INSDC status":[{"text":"live"}],"NCBI submission model":[{"text":"Metagenome or environmental"}],"NCBI submission package":[{"text":"Metagenome.environmental.1.0"}],"collection date":[{"text":"2011-07-20","tag":"attribute"}],"environmental sample":[{"text":"TRUE","tag":"attribute"}],"geo loc name":[{"text":"USA: Rifle, Colorado","tag":"attribute"}],"isolate":[{"text":"CSP1-4","tag":"attribute"}],"isolation source":[{"text":"sediment at 5m depth","tag":"attribute"}],"lat lon":[{"text":"39.53 N 107.78 W","tag":"attribute"}],"metagenome source":[{"text":"sediment metagenome","tag":"attribute"}],"metagenomic":[{"text":"TRUE","tag":"attribute"}],"organism":[{"text":"Chloroflexi bacterium CSP1-4","ontologyTerms":["http://purl.obolibrary.org/obo/NCBITaxon_1640513"]}],"ref_biomaterial":[{"text":"sediment","tag":"attribute"}],"title":[{"text":"Metagenome or environmental sample from Chloroflexi bacterium CSP1-4"}]},"submittedVia":"JSON_API","create":"2015-04-06T15:06:15Z","_links":{"self":{"href":"https://www.ebi.ac.uk/biosamples/samples/SAMN03462093"},"curationDomain":{"href":"https://www.ebi.ac.uk/biosamples/samples/SAMN03462093{?curationdomain}","templated":true},"curationLinks":{"href":"https://www.ebi.ac.uk/biosamples/samples/SAMN03462093/curationlinks"},"curationLink":{"href":"https://www.ebi.ac.uk/biosamples/samples/SAMN03462093/curationlinks/{hash}","templated":true},"structuredData":{"href":"https://www.ebi.ac.uk/biosamples/structureddata/SAMN03462093"}}}