{"name":"Halorubrum ezzemoulense","accession":"SAMN06765717","domain":"self.BiosampleImportNCBI","taxId":1121945,"release":"2017-04-19T00:00:00Z","update":"2022-03-30T03:37:48.731Z","submitted":"2017-04-19T05:18:02.963Z","characteristics":{"External Id":[{"text":"SAMN06765717","tag":"Namespace:BioSample"}],"INSDC center name":[{"text":"University of Sevilla, Spain"}],"INSDC first public":[{"text":"2017-04-19T00:00:00Z"}],"INSDC last update":[{"text":"2019-06-20T18:01:14.085Z"}],"INSDC status":[{"text":"live"}],"NCBI submission model":[{"text":"Microbe, viral or environmental"}],"NCBI submission package":[{"text":"Microbe.1.0"}],"collection date":[{"text":"2005","tag":"attribute"}],"culture-collection":[{"text":"DSM:17463","tag":"attribute"}],"geo loc name":[{"text":"Algeria","tag":"attribute"}],"isolation source":[{"text":"water","ontologyTerms":["http://purl.obolibrary.org/obo/CHEBI_15377"],"tag":"attribute"}],"organism":[{"text":"Halorubrum ezzemoulense DSM 17463","ontologyTerms":["http://purl.obolibrary.org/obo/NCBITaxon_1121945"]}],"sample type":[{"text":"cell culture","ontologyTerms":["http://purl.obolibrary.org/obo/BTO_0000214"],"tag":"attribute"}],"strain":[{"text":"DSM 17463","tag":"attribute"}],"title":[{"text":"Microbe sample from Halorubrum ezzemoulense DSM 17463"}],"type material":[{"text":"type strain of Halorubrum ezzemoulense","tag":"attribute"}]},"submittedVia":"JSON_API","create":"2017-04-19T05:18:02.963Z","_links":{"self":{"href":"https://www.ebi.ac.uk/biosamples/samples/SAMN06765717"},"curationDomain":{"href":"https://www.ebi.ac.uk/biosamples/samples/SAMN06765717{?curationdomain}","templated":true},"curationLinks":{"href":"https://www.ebi.ac.uk/biosamples/samples/SAMN06765717/curationlinks"},"curationLink":{"href":"https://www.ebi.ac.uk/biosamples/samples/SAMN06765717/curationlinks/{hash}","templated":true},"structuredData":{"href":"https://www.ebi.ac.uk/biosamples/structureddata/SAMN06765717"}}}