{"name":"Genome for Chromatiales bacterium 21-64-14 from Waste_rock1_Sept mine wastewater metagenome","accession":"SAMN06622428","domain":"self.BiosampleImportNCBI","taxId":1970504,"release":"2017-03-20T00:00:00Z","update":"2022-03-30T02:40:20.179Z","submitted":"2017-03-20T17:33:22.896Z","characteristics":{"External Id":[{"text":"SAMN06622428","tag":"Namespace:BioSample"}],"INSDC center name":[{"text":"Jill Banfield's Lab at Berkeley"}],"INSDC first public":[{"text":"2017-03-20T00:00:00Z"}],"INSDC last update":[{"text":"2021-02-28T04:09:16.331Z"}],"INSDC status":[{"text":"live"}],"NCBI submission model":[{"text":"MIGS.ba"},{"text":"MIGS/MIMS/MIMARKS.wastewater"}],"NCBI submission package":[{"text":"MIGS.ba.wastewater.5.0"}],"collection date":[{"text":"2014-09","tag":"attribute"}],"depth":[{"text":"21","tag":"attribute"}],"description":[{"text":"Keywords: GSC:MIxS;MIGS:5.0"}],"env biome":[{"text":"Mine wastewater","tag":"attribute"}],"env feature":[{"text":"Oxidation reservoir","tag":"attribute"}],"env_material":[{"text":"Mine wastewater","tag":"attribute"}],"environmental sample":[{"text":"TRUE","tag":"attribute"}],"geo loc name":[{"text":"Canada: Ontario","tag":"attribute"}],"isolate":[{"text":"21-64-14","tag":"attribute"}],"isolation-source":[{"text":"Mine wastewater","tag":"attribute"}],"lat lon":[{"text":"46.65 N 81.32 W","tag":"attribute"}],"metagenome source":[{"text":"mine drainage metagenome","tag":"attribute"}],"metagenomic":[{"text":"TRUE","tag":"attribute"}],"note":[{"text":"This BioSample is a metagenomic assembly obtained from the mine drainage metagenome BioSample: SAMN06612081","tag":"attribute"}],"organism":[{"text":"Chromatiales bacterium 21-64-14","ontologyTerms":["http://purl.obolibrary.org/obo/NCBITaxon_1970504"]}],"ph":[{"text":"7.66","tag":"attribute"}],"temp":[{"text":"15.89","tag":"attribute"}],"title":[{"text":"Waste_rock1_Sept"}]},"submittedVia":"JSON_API","create":"2017-03-20T17:33:22.896Z","_links":{"self":{"href":"https://www.ebi.ac.uk/biosamples/samples/SAMN06622428"},"curationDomain":{"href":"https://www.ebi.ac.uk/biosamples/samples/SAMN06622428{?curationdomain}","templated":true},"curationLinks":{"href":"https://www.ebi.ac.uk/biosamples/samples/SAMN06622428/curationlinks"},"curationLink":{"href":"https://www.ebi.ac.uk/biosamples/samples/SAMN06622428/curationlinks/{hash}","templated":true},"structuredData":{"href":"https://www.ebi.ac.uk/biosamples/structureddata/SAMN06622428"}}}