{"name":"Heimdallarchaeote AB_125","accession":"SAMN04924818","domain":"self.BiosampleImportNCBI","taxId":1841596,"release":"2017-01-12T00:00:00Z","update":"2022-03-29T17:39:08.297Z","submitted":"2016-05-01T18:13:04Z","characteristics":{"External Id":[{"text":"SAMN04924818","tag":"Namespace:BioSample"}],"INSDC center name":[{"text":"Uppsala University"}],"INSDC first public":[{"text":"2017-01-12T00:00:00Z"}],"INSDC last update":[{"text":"2021-02-28T03:19:24.348Z"}],"INSDC status":[{"text":"live"}],"NCBI submission model":[{"text":"Microbe, viral or environmental"}],"NCBI submission package":[{"text":"Microbe.1.0"}],"collection date":[{"text":"2013-05","tag":"attribute"}],"description":[{"text":"This biosample is a metagenomic assembly obtained from the marine sediment metagenome PM3 BioSample: SAMN04328859."}],"environmental sample":[{"text":"TRUE","tag":"attribute"}],"geo loc name":[{"text":"Denmark: Aarhus Bay, Baltic Sea","tag":"attribute"}],"isolate":[{"text":"AB_125","tag":"attribute"}],"isolation source":[{"text":"marine sediment","tag":"attribute"}],"lat lon":[{"text":"56.1033 N 10.4578 E","tag":"attribute"}],"metagenome source":[{"text":"marine sediment metagenome","tag":"attribute"}],"metagenomic":[{"text":"TRUE","tag":"attribute"}],"note":[{"text":"This biosample is a metagenomic assembly obtained from the marine sediment metagenome PM3 BioSample: SAMN04328859.","tag":"attribute"}],"organism":[{"text":"Candidatus Heimdallarchaeota archaeon AB_125","ontologyTerms":["http://purl.obolibrary.org/obo/NCBITaxon_1841596"]}],"sample type":[{"text":"metagenomic assembly","tag":"attribute"}],"title":[{"text":"Metagenomic bin for Heimdallarchaeote AB_125 from marine sediments"}]},"submittedVia":"JSON_API","create":"2016-05-01T18:13:04Z","_links":{"self":{"href":"https://www.ebi.ac.uk/biosamples/samples/SAMN04924818"},"curationDomain":{"href":"https://www.ebi.ac.uk/biosamples/samples/SAMN04924818{?curationdomain}","templated":true},"curationLinks":{"href":"https://www.ebi.ac.uk/biosamples/samples/SAMN04924818/curationlinks"},"curationLink":{"href":"https://www.ebi.ac.uk/biosamples/samples/SAMN04924818/curationlinks/{hash}","templated":true},"structuredData":{"href":"https://www.ebi.ac.uk/biosamples/structureddata/SAMN04924818"}}}