{"name":"SAMN04316368","accession":"SAMN04316368","domain":"self.BiosampleImportNCBI","taxId":940294,"release":"2015-12-03T00:00:00Z","update":"2022-03-29T15:10:38.160Z","submitted":"2015-12-03T14:26:04Z","characteristics":{"Annotation Date":[{"text":"11/05/2013 13:41:14","tag":"attribute"}],"Annotation Method":[{"text":"Best-placed reference protein set; GeneMarkS+","tag":"attribute"}],"Annotation Pipeline":[{"text":"NCBI Prokaryotic Genome Annotation Pipeline","tag":"attribute"}],"Annotation Provider":[{"text":"NCBI","tag":"attribute"}],"Annotation Software revision":[{"text":"2.2 (rev. 415875)","tag":"attribute"}],"CDS":[{"text":"1,862","tag":"attribute"}],"CRISPR Arrays":[{"text":"9","tag":"attribute"}],"External Id":[{"text":"SAMN04316368","tag":"Namespace:BioSample"}],"Features Annotated":[{"text":"Gene; CDS; rRNA; tRNA; ncRNA; repeat_region","tag":"attribute"}],"Frameshifted Genes":[{"text":"16","tag":"attribute"}],"INSDC center name":[{"text":"Oak Ridge National Laboratory, Biosciences"}],"INSDC first public":[{"text":"2015-12-03T00:00:00Z"}],"INSDC last update":[{"text":"2019-06-20T17:24:03.247Z"}],"INSDC status":[{"text":"live"}],"NCBI submission model":[{"text":"Generic"}],"NCBI submission package":[{"text":"Generic.1.0"}],"Pseudo Genes":[{"text":"30","tag":"attribute"}],"assembly method":[{"text":"CLCBio v. 5; Velvet v. 1.2.03; Geneious v. 6","tag":"attribute"}],"common name":[{"text":"gb|CP006868"}],"culture-collection":[{"text":"DSM:13166","tag":"attribute"}],"genes":[{"text":"1,943","tag":"attribute"}],"ncRNA":[{"text":"1","tag":"attribute"}],"organism":[{"text":"Ignicoccus pacificus DSM 13166","ontologyTerms":["http://purl.obolibrary.org/obo/NCBITaxon_940294"]}],"rRNAs":[{"text":"2 (16S, 23S)","tag":"attribute"}],"sequencing technology":[{"text":"Sanger dideoxy sequencing; 454; Illumina","tag":"attribute"}],"strain":[{"text":"DSM 13166","tag":"attribute"}],"tRNAs":[{"text":"48","tag":"attribute"}],"title":[{"text":"Sample from Ignicoccus pacificus DSM 13166"}],"type material":[{"text":"type strain of Ignicoccus pacificus","tag":"attribute"}]},"submittedVia":"JSON_API","create":"2015-12-03T14:26:04Z","_links":{"self":{"href":"https://www.ebi.ac.uk/biosamples/samples/SAMN04316368"},"curationDomain":{"href":"https://www.ebi.ac.uk/biosamples/samples/SAMN04316368{?curationdomain}","templated":true},"curationLinks":{"href":"https://www.ebi.ac.uk/biosamples/samples/SAMN04316368/curationlinks"},"curationLink":{"href":"https://www.ebi.ac.uk/biosamples/samples/SAMN04316368/curationlinks/{hash}","templated":true},"structuredData":{"href":"https://www.ebi.ac.uk/biosamples/structureddata/SAMN04316368"}}}