{"name":"73.20110700_P2D.103","accession":"SAMN08178906","domain":"self.BiosampleImportNCBI","taxId":2052330,"release":"2018-05-26T00:00:00Z","update":"2022-03-30T11:39:06.939Z","submitted":"2017-12-14T19:09:08.710Z","characteristics":{"External Id":[{"text":"SAMN08178906","tag":"Namespace:BioSample"}],"INSDC center name":[{"text":"The University of Queensland"}],"INSDC first public":[{"text":"2018-05-26T00:00:00Z"}],"INSDC last update":[{"text":"2021-02-28T05:12:42.715Z"}],"INSDC status":[{"text":"live"}],"NCBI submission model":[{"text":"Microbe, viral or environmental"}],"NCBI submission package":[{"text":"Microbe.1.0"}],"altitude":[{"text":"363 m","tag":"attribute"}],"collection date":[{"text":"2011-07-12","tag":"attribute"}],"depth":[{"text":"0.3-0.33","tag":"attribute"}],"environmental sample":[{"text":"1","tag":"attribute"}],"geo loc name":[{"text":"Sweden: Stordalen Mire","tag":"attribute"}],"isolate":[{"text":"palsa_1178","tag":"attribute"}],"isolation source":[{"text":"permafrost active layer soil","tag":"attribute"}],"lat lon":[{"text":"68.3535 N 19.0473 E","tag":"attribute"}],"metagenome source":[{"text":"peat metagenome","tag":"attribute"}],"metagenomic":[{"text":"1","tag":"attribute"}],"name":[{"text":"note","tag":"attribute"}],"organism":[{"text":"candidate division FCPU426 bacterium","ontologyTerms":["http://purl.obolibrary.org/obo/NCBITaxon_2052330"]}],"sample type":[{"text":"metagenomic assembly","tag":"attribute"}],"title":[{"text":"MAG FCPU426_palsa_1178 from metagenome 20110700_P2D"}],"value":[{"text":"This BioSample is a metagenomic assembly obtained from the 20110700_P2D metagenome BioSample: SAMN07124914.","tag":"attribute"}]},"submittedVia":"JSON_API","create":"2017-12-14T19:09:08.710Z","_links":{"self":{"href":"https://www.ebi.ac.uk/biosamples/samples/SAMN08178906"},"curationDomain":{"href":"https://www.ebi.ac.uk/biosamples/samples/SAMN08178906{?curationdomain}","templated":true},"curationLinks":{"href":"https://www.ebi.ac.uk/biosamples/samples/SAMN08178906/curationlinks"},"curationLink":{"href":"https://www.ebi.ac.uk/biosamples/samples/SAMN08178906/curationlinks/{hash}","templated":true},"structuredData":{"href":"https://www.ebi.ac.uk/biosamples/structureddata/SAMN08178906"}}}