{"name":"UBA9311","accession":"SAMN08019707","domain":"self.BiosampleImportNCBI","taxId":2053509,"release":"2017-11-13T00:00:00Z","update":"2022-03-30T10:42:13.094Z","submitted":"2017-11-13T20:27:11.846Z","characteristics":{"External Id":[{"text":"SAMN08019707","tag":"Namespace:BioSample"}],"INSDC center name":[{"text":"University of Queensland"}],"INSDC first public":[{"text":"2017-11-13T00:00:00Z"}],"INSDC last update":[{"text":"2018-07-11T21:03:11.183Z"}],"INSDC secondary accession":[{"text":"SRS2845959"}],"INSDC status":[{"text":"live"}],"NCBI submission model":[{"text":"Microbe, viral or environmental"}],"SRA accession":[{"text":"SRS2845959"}],"assembly method":[{"text":"CLC de novo assembler","tag":"attribute"}],"assembly_method_version":[{"text":"4.4.1","tag":"attribute"}],"completeness_estimated":[{"text":"86.13%","tag":"attribute"}],"contamination_estimated":[{"text":"3.54%","tag":"attribute"}],"environmental sample":[{"text":"true","tag":"attribute"}],"genome coverage":[{"text":"54.70x","tag":"attribute"}],"isolate":[{"text":"UBA9311","tag":"attribute"}],"isolation source":[{"text":"marine sediment","tag":"attribute"}],"mapping_method":[{"text":"BWA (BWA-MEM)","tag":"attribute"}],"mapping_method_version":[{"text":"0.7.12-r1039","tag":"attribute"}],"metagenome source":[{"text":"marine sediment metagenome","tag":"attribute"}],"metagenomic":[{"text":"true","tag":"attribute"}],"note":[{"text":"marine sediment metagenome","tag":"attribute"}],"organism":[{"text":"Candidatus Atribacteria bacterium","ontologyTerms":["http://purl.obolibrary.org/obo/NCBITaxon_2053509"]}],"quality_assessment_method":[{"text":"CheckM","tag":"attribute"}],"quality_assessment_method_version":[{"text":"1.0.6","tag":"attribute"}],"sample type":[{"text":"metagenomic assembly","tag":"attribute"}],"title":[{"text":"Uncultivated Atribacteria bacterium UBA9311 genome recovered from SRX993394"}],"value":[{"text":"This BioSample is a metagenomic assembly obtained from the marine sediment metagenome reads: SRR1971620.","tag":"attribute"}]},"externalReferences":[{"url":"https://www.ebi.ac.uk/ena/data/view/SAMN08019707","duo":null}],"submittedVia":"JSON_API","create":"2017-11-13T20:27:11.846Z","_links":{"self":{"href":"https://www.ebi.ac.uk/biosamples/samples/SAMN08019707"},"curationDomain":{"href":"https://www.ebi.ac.uk/biosamples/samples/SAMN08019707{?curationdomain}","templated":true},"curationLinks":{"href":"https://www.ebi.ac.uk/biosamples/samples/SAMN08019707/curationlinks"},"curationLink":{"href":"https://www.ebi.ac.uk/biosamples/samples/SAMN08019707/curationlinks/{hash}","templated":true},"structuredData":{"href":"https://www.ebi.ac.uk/biosamples/structureddata/SAMN08019707"}}}