{"name":"Roseiflexaceae bacterium UBA965","accession":"SAMN06456959","domain":"self.BiosampleImportNCBI","taxId":1953071,"release":"2017-02-27T00:00:00Z","update":"2022-03-30T01:31:32.009Z","submitted":"2017-02-27T14:01:27.916Z","characteristics":{"External Id":[{"text":"SAMN06456959","tag":"Namespace:BioSample"}],"INSDC center name":[{"text":"University of Queensland"}],"INSDC first public":[{"text":"2017-02-27T00:00:00Z"}],"INSDC secondary accession":[{"text":"SRS2033940"}],"INSDC status":[{"text":"live"}],"NCBI submission model":[{"text":"Microbe, viral or environmental"}],"SRA accession":[{"text":"SRS2033940"}],"assembly method":[{"text":"CLC de novo assembler","tag":"attribute"}],"assembly_method_version":[{"text":"4.4.1","tag":"attribute"}],"completeness_estimated":[{"text":"94.97%","tag":"attribute"}],"contamination_estimated":[{"text":"0.00%","tag":"attribute"}],"environmental sample":[{"text":"true","tag":"attribute"}],"genome coverage":[{"text":"14.61","tag":"attribute"}],"geo loc name":[{"text":"Spain: Alicante","tag":"attribute"}],"isolate":[{"text":"UBA965","tag":"attribute"}],"isolation-source":[{"text":"0.22 micron fraction from Freshwater Reservoir Amadorio","tag":"attribute"}],"mapping_method":[{"text":"BWA (BWA-MEM)","tag":"attribute"}],"mapping_method_version":[{"text":"0.7.12-r1039","tag":"attribute"}],"metagenome source":[{"text":"freshwater metagenome","tag":"attribute"}],"metagenomic":[{"text":"true","tag":"attribute"}],"organism":[{"text":"Roseiflexaceae bacterium UBA965","ontologyTerms":["http://purl.obolibrary.org/obo/NCBITaxon_1953071"]}],"quality_assessment_method":[{"text":"CheckM","tag":"attribute"}],"quality_assessment_method_version":[{"text":"1.0.6","tag":"attribute"}],"sample type":[{"text":"metagenomic assembly","tag":"attribute"}],"subsrc_note":[{"text":"Genome binned from sequencing reads available in SRX474032 metagenome","tag":"attribute"}],"title":[{"text":"Uncultivated Roseiflexaceae bacterium UBA965 genome recovered from SRX474032"}],"value":[{"text":"This BioSample is a metagenomic assembly obtained from the freshwater metagenome reads: SRR1173821.","tag":"attribute"}]},"externalReferences":[{"url":"https://www.ebi.ac.uk/ena/data/view/SAMN06456959","duo":null}],"submittedVia":"JSON_API","create":"2017-02-27T14:01:27.916Z","_links":{"self":{"href":"https://www.ebi.ac.uk/biosamples/samples/SAMN06456959"},"curationDomain":{"href":"https://www.ebi.ac.uk/biosamples/samples/SAMN06456959{?curationdomain}","templated":true},"curationLinks":{"href":"https://www.ebi.ac.uk/biosamples/samples/SAMN06456959/curationlinks"},"curationLink":{"href":"https://www.ebi.ac.uk/biosamples/samples/SAMN06456959/curationlinks/{hash}","templated":true},"structuredData":{"href":"https://www.ebi.ac.uk/biosamples/structureddata/SAMN06456959"}}}