{"name":"Holosporaceae bacterium UBA7879","accession":"SAMN06451840","domain":"self.BiosampleImportNCBI","taxId":1951934,"release":"2017-02-27T00:00:00Z","update":"2022-03-30T01:29:22.990Z","submitted":"2017-02-27T11:08:10.860Z","characteristics":{"External Id":[{"text":"SAMN06451840","tag":"Namespace:BioSample"}],"INSDC center name":[{"text":"University of Queensland"}],"INSDC first public":[{"text":"2017-02-27T00:00:00Z"}],"INSDC last update":[{"text":"2017-08-15T13:15:38.451Z"}],"INSDC secondary accession":[{"text":"SRS2031201"}],"INSDC status":[{"text":"live"}],"NCBI submission model":[{"text":"Microbe, viral or environmental"}],"NCBI submission package":[{"text":"Microbe.1.0"}],"SRA accession":[{"text":"SRS2031201"}],"assembly method":[{"text":"CLC de novo assembler","tag":"attribute"}],"assembly_method_version":[{"text":"4.4.1","tag":"attribute"}],"completeness_estimated":[{"text":"95.21%","tag":"attribute"}],"contamination_estimated":[{"text":"0.00%","tag":"attribute"}],"description":[{"text":"Uncultivated genome recovered from an assembly of the ERX555945 metagenome."}],"environmental sample":[{"text":"true","tag":"attribute"}],"genome coverage":[{"text":"26.74","tag":"attribute"}],"isolate":[{"text":"UBA7879","tag":"attribute"}],"isolation-source":[{"text":"saline water (ENVO:00002010), including plankton (ENVO:xxxxxxxx)","tag":"attribute"}],"mapping_method":[{"text":"BWA (BWA-MEM)","tag":"attribute"}],"mapping_method_version":[{"text":"0.7.12-r1039","tag":"attribute"}],"metagenome source":[{"text":"marine metagenome","tag":"attribute"}],"metagenomic":[{"text":"true","tag":"attribute"}],"organism":[{"text":"Holosporaceae bacterium UBA7879","ontologyTerms":["http://purl.obolibrary.org/obo/NCBITaxon_1951934"]}],"quality_assessment_method":[{"text":"CheckM","tag":"attribute"}],"quality_assessment_method_version":[{"text":"1.0.6","tag":"attribute"}],"sample type":[{"text":"metagenomic assembly","tag":"attribute"}],"subsrc_note":[{"text":"Genome binned from sequencing reads available in ERX555945 metagenome","tag":"attribute"}],"title":[{"text":"Uncultivated Holosporaceae bacterium UBA7879 genome recovered from ERX555945"}],"value":[{"text":"This BioSample is a metagenomic assembly obtained from the marine metagenome reads: ERR599058.","tag":"attribute"}]},"externalReferences":[{"url":"https://www.ebi.ac.uk/ena/data/view/SAMN06451840","duo":null}],"submittedVia":"JSON_API","create":"2017-02-27T11:08:10.860Z","_links":{"self":{"href":"https://www.ebi.ac.uk/biosamples/samples/SAMN06451840"},"curationDomain":{"href":"https://www.ebi.ac.uk/biosamples/samples/SAMN06451840{?curationdomain}","templated":true},"curationLinks":{"href":"https://www.ebi.ac.uk/biosamples/samples/SAMN06451840/curationlinks"},"curationLink":{"href":"https://www.ebi.ac.uk/biosamples/samples/SAMN06451840/curationlinks/{hash}","templated":true},"structuredData":{"href":"https://www.ebi.ac.uk/biosamples/structureddata/SAMN06451840"}}}