{"name":"1049","accession":"SAMN00017581","domain":"self.BiosampleImportNCBI","taxId":525904,"release":"2010-07-23T15:16:03.590Z","update":"2022-03-28T12:07:31.278Z","submitted":"2010-07-23T15:16:03.503Z","characteristics":{"External Id":[{"text":"SAMN00017581","tag":"Namespace:BioSample"}],"INSDC center name":[{"text":"Joint Genome Institute, U.S. Department of Energy"}],"INSDC first public":[{"text":"2010-07-23T15:16:03.590Z"}],"INSDC last update":[{"text":"2015-11-25T12:16:52.340Z"}],"INSDC secondary accession":[{"text":"SRS085463"}],"INSDC status":[{"text":"live"}],"NCBI submission model":[{"text":"Generic"}],"NCBI submission package":[{"text":"Generic.1.0"}],"SRA accession":[{"text":"SRS085463"}],"description":[{"text":"Thermobaculum terrenum ATCC BAA-798"}],"organism":[{"text":"Thermobaculum terrenum ATCC BAA-798","ontologyTerms":["http://purl.obolibrary.org/obo/NCBITaxon_525904"]}],"sample number":[{"text":"4084073","tag":"attribute"}],"strain":[{"text":"ATCC BAA-798","tag":"attribute"}],"title":[{"text":"Generic sample from Thermobaculum terrenum ATCC BAA-798"}]},"externalReferences":[{"url":"https://www.ebi.ac.uk/ena/data/view/SAMN00017581","duo":null}],"submittedVia":"JSON_API","create":"2010-07-23T15:16:03.503Z","_links":{"self":{"href":"https://www.ebi.ac.uk/biosamples/samples/SAMN00017581"},"curationDomain":{"href":"https://www.ebi.ac.uk/biosamples/samples/SAMN00017581{?curationdomain}","templated":true},"curationLinks":{"href":"https://www.ebi.ac.uk/biosamples/samples/SAMN00017581/curationlinks"},"curationLink":{"href":"https://www.ebi.ac.uk/biosamples/samples/SAMN00017581/curationlinks/{hash}","templated":true},"structuredData":{"href":"https://www.ebi.ac.uk/biosamples/structureddata/SAMN00017581"}}}