{"name":"ANAD","accession":"SAMN02472157","domain":"self.BiosampleImportNCBI","taxId":1245472,"release":"2013-12-19T00:00:00Z","update":"2022-03-29T02:56:10.696Z","submitted":"2013-12-19T13:52:28.406Z","characteristics":{"External Id":[{"text":"SAMN02472157","tag":"Namespace:BioSample"}],"INSDC center name":[{"text":"NCBI"}],"INSDC first public":[{"text":"2013-12-19T00:00:00Z"}],"INSDC last update":[{"text":"2019-06-20T16:46:02.989Z"}],"INSDC status":[{"text":"live"}],"NCBI submission model":[{"text":"Generic"}],"NCBI submission package":[{"text":"Generic.1.0"}],"culture-collection":[{"text":"DSM:44494","tag":"attribute"}],"organism":[{"text":"Nocardiopsis halophila DSM 44494","ontologyTerms":["http://purl.obolibrary.org/obo/NCBITaxon_1245472"]}],"strain":[{"text":"DSM 44494","tag":"attribute"}],"title":[{"text":"Sample from Nocardiopsis halophila DSM 44494"}],"type material":[{"text":"type strain of Nocardiopsis halophila","tag":"attribute"}]},"submittedVia":"JSON_API","create":"2013-12-19T13:52:28.406Z","_links":{"self":{"href":"https://www.ebi.ac.uk/biosamples/samples/SAMN02472157"},"curationDomain":{"href":"https://www.ebi.ac.uk/biosamples/samples/SAMN02472157{?curationdomain}","templated":true},"curationLinks":{"href":"https://www.ebi.ac.uk/biosamples/samples/SAMN02472157/curationlinks"},"curationLink":{"href":"https://www.ebi.ac.uk/biosamples/samples/SAMN02472157/curationlinks/{hash}","templated":true},"structuredData":{"href":"https://www.ebi.ac.uk/biosamples/structureddata/SAMN02472157"}}}