{"name":"CP001939","accession":"SAMN02598509","domain":"self.BiosampleImportNCBI","taxId":633148,"release":"2014-01-28T00:00:00Z","update":"2022-03-29T03:40:18.312Z","submitted":"2014-01-28T10:41:17.550Z","characteristics":{"Biotic Relationship":[{"text":"free living","tag":"attribute"}],"External Id":[{"text":"SAMN02598509","tag":"Namespace:BioSample"}],"GOLD Stamp ID":[{"text":"Gi02946","tag":"attribute"}],"Gram Staining":[{"text":"gram-","tag":"attribute"}],"Greengenes ID":[{"text":"923","tag":"attribute"}],"INSDC center name":[{"text":"NCBI"}],"INSDC first public":[{"text":"2014-01-28T00:00:00Z"}],"INSDC last update":[{"text":"2019-06-20T16:49:12.571Z"}],"INSDC secondary accession":[{"text":"SRS1565067"}],"INSDC status":[{"text":"live"}],"NCBI submission model":[{"text":"Generic"}],"NCBI submission package":[{"text":"Generic.1.0"}],"Oxygen Requirement":[{"text":"Anaerobe","tag":"attribute"}],"SRA accession":[{"text":"SRS1565067"}],"Sporulation":[{"text":"Nonsporulating","tag":"attribute"}],"cell shape":[{"text":"Coccus-shaped","tag":"attribute"}],"country":[{"text":"USA","tag":"attribute"}],"culture-collection":[{"text":"DSM:11486","tag":"attribute"}],"energy source":[{"text":"Heterotroph","tag":"attribute"}],"habitat":[{"text":"Hot spring, Solfataric field","tag":"attribute"}],"isolation site":[{"text":"Hot spring from Obsidian Pool at Yellowstone Natl. Park","tag":"attribute"}],"lat-lon":[{"text":"44.806 N 110.448 W","tag":"attribute"}],"motility":[{"text":"Motile","tag":"attribute"}],"note":[{"text":"type strain of Thermosphaera aggregans","tag":"attribute"}],"organism":[{"text":"Thermosphaera aggregans DSM 11486","ontologyTerms":["http://purl.obolibrary.org/obo/NCBITaxon_633148"]}],"ph":[{"text":"6.5","tag":"attribute"}],"strain":[{"text":"DSM 11486","tag":"attribute"}],"temperature optimum":[{"text":"85C","tag":"attribute"}],"temperature range":[{"text":"Hyperthermophile","tag":"attribute"}],"title":[{"text":"Sample from Thermosphaera aggregans DSM 11486"}],"type material":[{"text":"type strain of Thermosphaera aggregans","tag":"attribute"}]},"externalReferences":[{"url":"https://www.ebi.ac.uk/ena/data/view/SAMN02598509","duo":null}],"submittedVia":"JSON_API","create":"2014-01-28T10:41:17.550Z","_links":{"self":{"href":"https://www.ebi.ac.uk/biosamples/samples/SAMN02598509"},"curationDomain":{"href":"https://www.ebi.ac.uk/biosamples/samples/SAMN02598509{?curationdomain}","templated":true},"curationLinks":{"href":"https://www.ebi.ac.uk/biosamples/samples/SAMN02598509/curationlinks"},"curationLink":{"href":"https://www.ebi.ac.uk/biosamples/samples/SAMN02598509/curationlinks/{hash}","templated":true},"structuredData":{"href":"https://www.ebi.ac.uk/biosamples/structureddata/SAMN02598509"}}}