{"name":"Francisella guangzhouensis FSC996","accession":"SAMN03273550","domain":"self.BiosampleImportNCBI","taxId":594679,"release":"2014-12-29T00:00:00Z","update":"2022-03-29T07:55:18.902Z","submitted":"2014-12-29T12:41:48.523Z","characteristics":{"External Id":[{"text":"SAMN03273550","tag":"Namespace:BioSample"}],"INSDC center name":[{"text":"Swedish Defense Research Agancy"}],"INSDC first public":[{"text":"2014-12-29T00:00:00Z"}],"INSDC last update":[{"text":"2021-02-24T11:56:43.704Z"}],"INSDC secondary accession":[{"text":"SRS804746"}],"INSDC status":[{"text":"live"}],"NCBI submission model":[{"text":"Pathogen.env"}],"NCBI submission package":[{"text":"Pathogen.env.1.0"}],"SRA accession":[{"text":"SRS804746"}],"collected by":[{"text":"Guangzhou Center for Diseases Control and Prevention","tag":"attribute"}],"collection date":[{"text":"2008-08","tag":"attribute"}],"description":[{"text":"Francisella guangzhouensis FSC996 (08HL01032, 5, CCUG 60119, NCTC 13503) isolated from air conditioning systems in Guangzhou city, China."}],"geo loc name":[{"text":"China: Guangzhou city","tag":"attribute"}],"isolate":[{"text":"08HL01032","ontologyTerms":["http://www.ebi.ac.uk/efo/EFO_0002793"],"tag":"attribute"}],"isolation source":[{"text":"water of air-conditioning systems","tag":"attribute"}],"lat lon":[{"text":"23.13 N 113.26 E","tag":"attribute"}],"organism":[{"text":"Allofrancisella guangzhouensis","ontologyTerms":["http://purl.obolibrary.org/obo/NCBITaxon_594679"]}],"title":[{"text":"Francisella guangzhouensis FSC996"}]},"externalReferences":[{"url":"https://www.ebi.ac.uk/ena/browser/view/SAMN03273550","duo":[]},{"url":"https://www.ebi.ac.uk/ena/data/view/SAMN03273550","duo":null}],"submittedVia":"JSON_API","create":"2014-12-29T12:41:48.523Z","_links":{"self":{"href":"https://www.ebi.ac.uk/biosamples/samples/SAMN03273550"},"curationDomain":{"href":"https://www.ebi.ac.uk/biosamples/samples/SAMN03273550{?curationdomain}","templated":true},"curationLinks":{"href":"https://www.ebi.ac.uk/biosamples/samples/SAMN03273550/curationlinks"},"curationLink":{"href":"https://www.ebi.ac.uk/biosamples/samples/SAMN03273550/curationlinks/{hash}","templated":true},"structuredData":{"href":"https://www.ebi.ac.uk/biosamples/structureddata/SAMN03273550"}}}