{"name":"Euryarchaeota archaeon UBA202","accession":"SAMN06027571","domain":"self.BiosampleImportNCBI","taxId":1915763,"release":"2016-11-16T00:00:00Z","update":"2022-03-29T22:46:02.092Z","submitted":"2016-11-16T17:04:46.113Z","characteristics":{"External Id":[{"text":"SAMN06027571","tag":"Namespace:BioSample"}],"INSDC center name":[{"text":"University of Queensland"}],"INSDC first public":[{"text":"2016-11-16T00:00:00Z"}],"INSDC last update":[{"text":"2017-08-15T14:13:42.735Z"}],"INSDC secondary accession":[{"text":"SRS1809726"}],"INSDC status":[{"text":"live"}],"NCBI submission model":[{"text":"Microbe, viral or environmental"}],"NCBI submission package":[{"text":"Microbe.1.0"}],"SRA accession":[{"text":"SRS1809726"}],"assembly method":[{"text":"CLC de novo assembler","tag":"attribute"}],"assembly_method_version":[{"text":"4.4.1","tag":"attribute"}],"completeness_estimated":[{"text":"67.99%","tag":"attribute"}],"contamination_estimated":[{"text":"1.60%","tag":"attribute"}],"description":[{"text":"Uncultivated genome recovered from an assembly of the SRX559946 metagenome."}],"environmental sample":[{"text":"TRUE","tag":"attribute"}],"genome coverage":[{"text":"319.19","tag":"attribute"}],"geo loc name":[{"text":"USA: Coal Oil Point, Santa Barbara, California","tag":"attribute"}],"isolate":[{"text":"UBA202","tag":"attribute"}],"isolation-source":[{"text":"Oil polluted marine water","tag":"attribute"}],"mapping_method":[{"text":"BWA (BWA-MEM)","tag":"attribute"}],"mapping_method_version":[{"text":"0.7.12-r1039","tag":"attribute"}],"metagenome source":[{"text":"marine metagenome","tag":"attribute"}],"metagenomic":[{"text":"TRUE","tag":"attribute"}],"organism":[{"text":"Euryarchaeota archaeon UBA202","ontologyTerms":["http://purl.obolibrary.org/obo/NCBITaxon_1915763"]}],"quality_assessment_method":[{"text":"CheckM","tag":"attribute"}],"quality_assessment_method_version":[{"text":"1.0.6","tag":"attribute"}],"sample type":[{"text":"metagenomic assembly","tag":"attribute"}],"subsrc_note":[{"text":"Genome binned from sequencing reads available in SRX559946","tag":"attribute"}],"title":[{"text":"Uncultivated Euryarchaeota archaeon UBA202 genome recovered from SRX559946"}]},"externalReferences":[{"url":"https://www.ebi.ac.uk/ena/data/view/SAMN06027571","duo":null}],"submittedVia":"JSON_API","create":"2016-11-16T17:04:46.113Z","_links":{"self":{"href":"https://www.ebi.ac.uk/biosamples/samples/SAMN06027571"},"curationDomain":{"href":"https://www.ebi.ac.uk/biosamples/samples/SAMN06027571{?curationdomain}","templated":true},"curationLinks":{"href":"https://www.ebi.ac.uk/biosamples/samples/SAMN06027571/curationlinks"},"curationLink":{"href":"https://www.ebi.ac.uk/biosamples/samples/SAMN06027571/curationlinks/{hash}","templated":true},"structuredData":{"href":"https://www.ebi.ac.uk/biosamples/structureddata/SAMN06027571"}}}