{"name":"Spirochaetia bacterium UBA6919","accession":"SAMN06450844","domain":"self.BiosampleImportNCBI","taxId":1948761,"release":"2017-02-27T00:00:00Z","update":"2022-03-30T01:29:02.625Z","submitted":"2017-02-27T11:04:02.336Z","characteristics":{"External Id":[{"text":"SAMN06450844","tag":"Namespace:BioSample"}],"INSDC center name":[{"text":"University of Queensland"}],"INSDC first public":[{"text":"2017-02-27T00:00:00Z"}],"INSDC last update":[{"text":"2017-08-15T13:14:28.702Z"}],"INSDC secondary accession":[{"text":"SRS2031781"}],"INSDC status":[{"text":"live"}],"NCBI submission model":[{"text":"Microbe, viral or environmental"}],"NCBI submission package":[{"text":"Microbe.1.0"}],"SRA accession":[{"text":"SRS2031781"}],"assembly method":[{"text":"CLC de novo assembler","tag":"attribute"}],"assembly_method_version":[{"text":"4.4.1","tag":"attribute"}],"completeness_estimated":[{"text":"96.40%","tag":"attribute"}],"contamination_estimated":[{"text":"0.67%","tag":"attribute"}],"description":[{"text":"Uncultivated genome recovered from an assembly of the ERX633355 metagenome."}],"environmental sample":[{"text":"true","tag":"attribute"}],"genome coverage":[{"text":"11.49","tag":"attribute"}],"isolate":[{"text":"UBA6919","tag":"attribute"}],"isolation-source":[{"text":"Noosa River","tag":"attribute"}],"mapping_method":[{"text":"BWA (BWA-MEM)","tag":"attribute"}],"mapping_method_version":[{"text":"0.7.12-r1039","tag":"attribute"}],"metagenome source":[{"text":"Noosa River metagenome","tag":"attribute"}],"metagenomic":[{"text":"true","tag":"attribute"}],"organism":[{"text":"Spirochaetia bacterium UBA6919","ontologyTerms":["http://purl.obolibrary.org/obo/NCBITaxon_1948761"]}],"quality_assessment_method":[{"text":"CheckM","tag":"attribute"}],"quality_assessment_method_version":[{"text":"1.0.6","tag":"attribute"}],"sample type":[{"text":"metagenomic assembly","tag":"attribute"}],"subsrc_note":[{"text":"Genome binned from sequencing reads available in ERX633355 metagenome","tag":"attribute"}],"title":[{"text":"Uncultivated Spirochaetia bacterium UBA6919 genome recovered from ERX633355"}],"value":[{"text":"This BioSample is a metagenomic assembly obtained from the Noosa River metagenome reads: ERR688354.","tag":"attribute"}]},"externalReferences":[{"url":"https://www.ebi.ac.uk/ena/data/view/SAMN06450844","duo":null}],"submittedVia":"JSON_API","create":"2017-02-27T11:04:02.336Z","_links":{"self":{"href":"https://www.ebi.ac.uk/biosamples/samples/SAMN06450844"},"curationDomain":{"href":"https://www.ebi.ac.uk/biosamples/samples/SAMN06450844{?curationdomain}","templated":true},"curationLinks":{"href":"https://www.ebi.ac.uk/biosamples/samples/SAMN06450844/curationlinks"},"curationLink":{"href":"https://www.ebi.ac.uk/biosamples/samples/SAMN06450844/curationlinks/{hash}","templated":true},"structuredData":{"href":"https://www.ebi.ac.uk/biosamples/structureddata/SAMN06450844"}}}