{"name":"Patescibacteria group bacterium UBA5187","accession":"SAMN06453577","domain":"self.BiosampleImportNCBI","taxId":1948827,"release":"2017-02-27T00:00:00Z","update":"2022-03-30T01:30:05.248Z","submitted":"2017-02-27T11:11:40.796Z","characteristics":{"External Id":[{"text":"SAMN06453577","tag":"Namespace:BioSample"}],"INSDC center name":[{"text":"University of Queensland"}],"INSDC first public":[{"text":"2017-02-27T00:00:00Z"}],"INSDC secondary accession":[{"text":"SRS2036183"}],"INSDC status":[{"text":"live"}],"NCBI submission model":[{"text":"Microbe, viral or environmental"}],"SRA accession":[{"text":"SRS2036183"}],"assembly method":[{"text":"CLC de novo assembler","tag":"attribute"}],"assembly_method_version":[{"text":"4.4.1","tag":"attribute"}],"completeness_estimated":[{"text":"80.15%","tag":"attribute"}],"contamination_estimated":[{"text":"0.00%","tag":"attribute"}],"environmental sample":[{"text":"true","tag":"attribute"}],"genome coverage":[{"text":"13.16","tag":"attribute"}],"geo loc name":[{"text":"Canada: Axel Heiberg Island,Nunavut","tag":"attribute"}],"isolate":[{"text":"UBA5187","tag":"attribute"}],"isolation-source":[{"text":"soil","tag":"attribute"}],"mapping_method":[{"text":"BWA (BWA-MEM)","tag":"attribute"}],"mapping_method_version":[{"text":"0.7.12-r1039","tag":"attribute"}],"metagenome source":[{"text":"soil metagenome","ontologyTerms":["http://purl.obolibrary.org/obo/NCBITaxon_410658"],"tag":"attribute"}],"metagenomic":[{"text":"true","tag":"attribute"}],"organism":[{"text":"Patescibacteria group bacterium UBA5187","ontologyTerms":["http://purl.obolibrary.org/obo/NCBITaxon_1948827"]}],"quality_assessment_method":[{"text":"CheckM","tag":"attribute"}],"quality_assessment_method_version":[{"text":"1.0.6","tag":"attribute"}],"sample type":[{"text":"metagenomic assembly","tag":"attribute"}],"subsrc_note":[{"text":"Genome binned from sequencing reads available in SRX710593 metagenome","tag":"attribute"}],"title":[{"text":"Uncultivated Patescibacteria group bacterium UBA5187 genome recovered from SRX710593"}],"value":[{"text":"This BioSample is a metagenomic assembly obtained from the soil metagenome reads: SRR1586289.","tag":"attribute"}]},"externalReferences":[{"url":"https://www.ebi.ac.uk/ena/data/view/SAMN06453577","duo":null}],"submittedVia":"JSON_API","create":"2017-02-27T11:11:40.796Z","_links":{"self":{"href":"https://www.ebi.ac.uk/biosamples/samples/SAMN06453577"},"curationDomain":{"href":"https://www.ebi.ac.uk/biosamples/samples/SAMN06453577{?curationdomain}","templated":true},"curationLinks":{"href":"https://www.ebi.ac.uk/biosamples/samples/SAMN06453577/curationlinks"},"curationLink":{"href":"https://www.ebi.ac.uk/biosamples/samples/SAMN06453577/curationlinks/{hash}","templated":true},"structuredData":{"href":"https://www.ebi.ac.uk/biosamples/structureddata/SAMN06453577"}}}