{"name":"Defo","accession":"SAMN07259296","domain":"self.BiosampleImportNCBI","taxId":51515,"release":"2017-07-25T00:00:00Z","update":"2022-03-30T05:44:19.269Z","submitted":"2017-06-20T21:16:03.073Z","characteristics":{"External Id":[{"text":"SAMN07259296","tag":"Namespace:BioSample"}],"INSDC center name":[{"text":"The University of Tennessee"}],"INSDC first public":[{"text":"2017-07-25T00:00:00Z"}],"INSDC last update":[{"text":"2019-06-20T18:05:02.256Z"}],"INSDC status":[{"text":"live"}],"NCBI submission model":[{"text":"Microbe, viral or environmental"}],"NCBI submission package":[{"text":"Microbe.1.0"}],"collection date":[{"text":"1996","tag":"attribute"}],"culture collection":[{"text":"ATCC:700118","tag":"attribute"}],"geo loc name":[{"text":"Germany: Stuttgart","tag":"attribute"}],"isolation source":[{"text":"Industrially polluted, anaerobic groundwater in a fixed-bed reactor","tag":"attribute"}],"organism":[{"text":"Dehalobacterium formicoaceticum","ontologyTerms":["http://purl.obolibrary.org/obo/NCBITaxon_51515"]}],"sample type":[{"text":"cell culture","ontologyTerms":["http://purl.obolibrary.org/obo/BTO_0000214"],"tag":"attribute"}],"strain":[{"text":"DMC","tag":"attribute"}],"title":[{"text":"Microbe sample from Dehalobacterium formicoaceticum"}],"type material":[{"text":"type strain of Dehalobacterium formicoaceticum","tag":"attribute"}]},"submittedVia":"JSON_API","create":"2017-06-20T21:16:03.073Z","_links":{"self":{"href":"https://www.ebi.ac.uk/biosamples/samples/SAMN07259296"},"curationDomain":{"href":"https://www.ebi.ac.uk/biosamples/samples/SAMN07259296{?curationdomain}","templated":true},"curationLinks":{"href":"https://www.ebi.ac.uk/biosamples/samples/SAMN07259296/curationlinks"},"curationLink":{"href":"https://www.ebi.ac.uk/biosamples/samples/SAMN07259296/curationlinks/{hash}","templated":true},"structuredData":{"href":"https://www.ebi.ac.uk/biosamples/structureddata/SAMN07259296"}}}