{"name":"Nak82","accession":"SAMN08972831","domain":"self.BiosampleImportNCBI","taxId":2099665,"release":"2018-04-24T00:00:00Z","update":"2022-03-30T16:49:26.290Z","submitted":"2018-04-24T01:21:21.733Z","characteristics":{"External Id":[{"text":"SAMN08972831","tag":"Namespace:BioSample"}],"INSDC center name":[{"text":"Harvard University"}],"INSDC first public":[{"text":"2018-04-24T00:00:00Z"}],"INSDC last update":[{"text":"2020-12-07T16:57:57.318Z"}],"INSDC status":[{"text":"live"}],"NCBI submission model":[{"text":"Microbe, viral or environmental"}],"NCBI submission package":[{"text":"Microbe.1.0"}],"collection date":[{"text":"2015-09-17","tag":"attribute"}],"derived-from":[{"text":"This BioSample is a metagenomic assembly obtained from the hot springs metagenome BioSamples: SAMN07291590 and SAMN07291591.","tag":"attribute"}],"environmental sample":[{"text":"TRUE","tag":"attribute"}],"geo loc name":[{"text":"Japan: Nakabusa Onsen, Nagano Prefecture","tag":"attribute"}],"isolate":[{"text":"Nak82","tag":"attribute"}],"isolation source":[{"text":"sulfidic hot spring","tag":"attribute"}],"lat lon":[{"text":"36.3924 N 137.748 E","tag":"attribute"}],"metagenome source":[{"text":"hot springs metagenome","tag":"attribute"}],"metagenomic":[{"text":"TRUE","tag":"attribute"}],"organism":[{"text":"Ardenticatenia bacterium","ontologyTerms":["http://purl.obolibrary.org/obo/NCBITaxon_2099665"]}],"sample type":[{"text":"metagenomic assembly","tag":"attribute"}],"title":[{"text":"Microbe sample from Ardenticatenia bacterium"}]},"submittedVia":"JSON_API","create":"2018-04-24T01:21:21.733Z","_links":{"self":{"href":"https://www.ebi.ac.uk/biosamples/samples/SAMN08972831"},"curationDomain":{"href":"https://www.ebi.ac.uk/biosamples/samples/SAMN08972831{?curationdomain}","templated":true},"curationLinks":{"href":"https://www.ebi.ac.uk/biosamples/samples/SAMN08972831/curationlinks"},"curationLink":{"href":"https://www.ebi.ac.uk/biosamples/samples/SAMN08972831/curationlinks/{hash}","templated":true},"structuredData":{"href":"https://www.ebi.ac.uk/biosamples/structureddata/SAMN08972831"}}}