{"name":"Firmicutes bacterium UBA3575","accession":"SAMN06455820","domain":"self.BiosampleImportNCBI","taxId":1947969,"release":"2017-02-27T00:00:00Z","update":"2022-03-30T01:31:03.908Z","submitted":"2017-02-27T11:16:01.690Z","characteristics":{"External Id":[{"text":"SAMN06455820","tag":"Namespace:BioSample"}],"INSDC center name":[{"text":"University of Queensland"}],"INSDC first public":[{"text":"2017-02-27T00:00:00Z"}],"INSDC secondary accession":[{"text":"SRS2036246"}],"INSDC status":[{"text":"live"}],"NCBI submission model":[{"text":"Microbe, viral or environmental"}],"SRA accession":[{"text":"SRS2036246"}],"assembly method":[{"text":"CLC de novo assembler","tag":"attribute"}],"assembly_method_version":[{"text":"4.4.1","tag":"attribute"}],"completeness_estimated":[{"text":"92.54%","tag":"attribute"}],"contamination_estimated":[{"text":"2.97%","tag":"attribute"}],"environmental sample":[{"text":"true","tag":"attribute"}],"genome coverage":[{"text":"51.43","tag":"attribute"}],"geo loc name":[{"text":"Pacific Ocean","tag":"attribute"}],"isolate":[{"text":"UBA3575","tag":"attribute"}],"isolation-source":[{"text":"sediment","tag":"attribute"}],"mapping_method":[{"text":"BWA (BWA-MEM)","tag":"attribute"}],"mapping_method_version":[{"text":"0.7.12-r1039","tag":"attribute"}],"metagenome source":[{"text":"marine sediment metagenome","tag":"attribute"}],"metagenomic":[{"text":"true","tag":"attribute"}],"organism":[{"text":"Firmicutes bacterium UBA3575","ontologyTerms":["http://purl.obolibrary.org/obo/NCBITaxon_1947969"]}],"quality_assessment_method":[{"text":"CheckM","tag":"attribute"}],"quality_assessment_method_version":[{"text":"1.0.6","tag":"attribute"}],"sample type":[{"text":"metagenomic assembly","tag":"attribute"}],"subsrc_note":[{"text":"Genome binned from sequencing reads available in SRX742691 metagenome","tag":"attribute"}],"title":[{"text":"Uncultivated Firmicutes bacterium UBA3575 genome recovered from SRX742691"}],"value":[{"text":"This BioSample is a metagenomic assembly obtained from the marine sediment metagenome reads: SRR1628696.","tag":"attribute"}]},"externalReferences":[{"url":"https://www.ebi.ac.uk/ena/data/view/SAMN06455820","duo":null}],"submittedVia":"JSON_API","create":"2017-02-27T11:16:01.690Z","_links":{"self":{"href":"https://www.ebi.ac.uk/biosamples/samples/SAMN06455820"},"curationDomain":{"href":"https://www.ebi.ac.uk/biosamples/samples/SAMN06455820{?curationdomain}","templated":true},"curationLinks":{"href":"https://www.ebi.ac.uk/biosamples/samples/SAMN06455820/curationlinks"},"curationLink":{"href":"https://www.ebi.ac.uk/biosamples/samples/SAMN06455820/curationlinks/{hash}","templated":true},"structuredData":{"href":"https://www.ebi.ac.uk/biosamples/structureddata/SAMN06455820"}}}