{"name":"AUMI","accession":"SAMN02441147","domain":"self.BiosampleImportNCBI","taxId":1120985,"release":"2013-12-11T00:00:00Z","update":"2022-03-29T02:46:22.359Z","submitted":"2013-12-11T13:14:18.856Z","characteristics":{"External Id":[{"text":"SAMN02441147","tag":"Namespace:BioSample"}],"GOLD Stamp ID":[{"text":"Gi11133","tag":"attribute"}],"Gram Staining":[{"text":"Gram-","tag":"attribute"}],"INSDC center name":[{"text":"NCBI"}],"INSDC first public":[{"text":"2013-12-11T00:00:00Z"}],"INSDC last update":[{"text":"2021-04-11T02:06:38.860Z"}],"INSDC secondary accession":[{"text":"SRS1526517"}],"INSDC status":[{"text":"live"}],"NCBI submission model":[{"text":"Generic"}],"NCBI submission package":[{"text":"Generic.1.0"}],"SRA accession":[{"text":"SRS1526517"}],"Sporulation":[{"text":"Nonsporulating","tag":"attribute"}],"Type Strain":[{"text":"Yes","tag":"attribute"}],"cell shape":[{"text":"Curved-shaped","tag":"attribute"}],"culture-collection":[{"text":"DSM:6283","tag":"attribute"}],"environment":[{"text":"Soil","tag":"attribute"}],"isol_growth_condt":[{"text":"10555370","tag":"attribute"}],"isolation site":[{"text":"Rice field soil","tag":"attribute"}],"lat lon":[{"text":"12.0334 N 4.400001 W","tag":"attribute"}],"motility":[{"text":"Motile","tag":"attribute"}],"organism":[{"text":"Anaeroarcus burkinensis DSM 6283","ontologyTerms":["http://purl.obolibrary.org/obo/NCBITaxon_1120985"]}],"project name":[{"text":"Anaeroarcus burkinensis DSM 6283","tag":"attribute"}],"ref_biomaterial":[{"text":"DSM 6283, ATCC 51455","tag":"attribute"}],"rel_to_oxygen":[{"text":"anaerobe","tag":"attribute"}],"strain":[{"text":"DSM 6283","tag":"attribute"}],"title":[{"text":"Generic sample from Anaeroarcus burkinensis DSM 6283"}],"trophic_level":[{"text":"chemoorganotroph","tag":"attribute"}],"type material":[{"text":"type strain of Anaerovibrio burkinabensis","tag":"attribute"}]},"externalReferences":[{"url":"https://www.ebi.ac.uk/ena/browser/view/SAMN02441147","duo":[]},{"url":"https://www.ebi.ac.uk/ena/data/view/SAMN02441147","duo":null}],"submittedVia":"JSON_API","create":"2013-12-11T13:14:18.856Z","_links":{"self":{"href":"https://www.ebi.ac.uk/biosamples/samples/SAMN02441147"},"curationDomain":{"href":"https://www.ebi.ac.uk/biosamples/samples/SAMN02441147{?curationdomain}","templated":true},"curationLinks":{"href":"https://www.ebi.ac.uk/biosamples/samples/SAMN02441147/curationlinks"},"curationLink":{"href":"https://www.ebi.ac.uk/biosamples/samples/SAMN02441147/curationlinks/{hash}","templated":true},"structuredData":{"href":"https://www.ebi.ac.uk/biosamples/structureddata/SAMN02441147"}}}