{"name":"Chloroflexi bacterium UBA4733","accession":"SAMN06451262","domain":"self.BiosampleImportNCBI","taxId":1947830,"release":"2017-02-27T00:00:00Z","update":"2022-03-30T01:29:10.433Z","submitted":"2017-02-27T11:04:28.966Z","characteristics":{"External Id":[{"text":"SAMN06451262","tag":"Namespace:BioSample"}],"INSDC center name":[{"text":"University of Queensland"}],"INSDC first public":[{"text":"2017-02-27T00:00:00Z"}],"INSDC secondary accession":[{"text":"SRS2036172"}],"INSDC status":[{"text":"live"}],"NCBI submission model":[{"text":"Microbe, viral or environmental"}],"SRA accession":[{"text":"SRS2036172"}],"assembly method":[{"text":"CLC de novo assembler","tag":"attribute"}],"assembly_method_version":[{"text":"4.4.1","tag":"attribute"}],"completeness_estimated":[{"text":"92.96%","tag":"attribute"}],"contamination_estimated":[{"text":"3.96%","tag":"attribute"}],"environmental sample":[{"text":"true","tag":"attribute"}],"genome coverage":[{"text":"21.84","tag":"attribute"}],"geo loc name":[{"text":"Canada: Axel Heiberg Island,Nunavut","tag":"attribute"}],"isolate":[{"text":"UBA4733","tag":"attribute"}],"isolation-source":[{"text":"soil","tag":"attribute"}],"mapping_method":[{"text":"BWA (BWA-MEM)","tag":"attribute"}],"mapping_method_version":[{"text":"0.7.12-r1039","tag":"attribute"}],"metagenome source":[{"text":"soil metagenome","ontologyTerms":["http://purl.obolibrary.org/obo/NCBITaxon_410658"],"tag":"attribute"}],"metagenomic":[{"text":"true","tag":"attribute"}],"organism":[{"text":"Chloroflexi bacterium UBA4733","ontologyTerms":["http://purl.obolibrary.org/obo/NCBITaxon_1947830"]}],"quality_assessment_method":[{"text":"CheckM","tag":"attribute"}],"quality_assessment_method_version":[{"text":"1.0.6","tag":"attribute"}],"sample type":[{"text":"metagenomic assembly","tag":"attribute"}],"subsrc_note":[{"text":"Genome binned from sequencing reads available in SRX710583 metagenome","tag":"attribute"}],"title":[{"text":"Uncultivated Chloroflexi bacterium UBA4733 genome recovered from SRX710583"}],"value":[{"text":"This BioSample is a metagenomic assembly obtained from the soil metagenome reads: SRR1586279.","tag":"attribute"}]},"externalReferences":[{"url":"https://www.ebi.ac.uk/ena/data/view/SAMN06451262","duo":null}],"submittedVia":"JSON_API","create":"2017-02-27T11:04:28.966Z","_links":{"self":{"href":"https://www.ebi.ac.uk/biosamples/samples/SAMN06451262"},"curationDomain":{"href":"https://www.ebi.ac.uk/biosamples/samples/SAMN06451262{?curationdomain}","templated":true},"curationLinks":{"href":"https://www.ebi.ac.uk/biosamples/samples/SAMN06451262/curationlinks"},"curationLink":{"href":"https://www.ebi.ac.uk/biosamples/samples/SAMN06451262/curationlinks/{hash}","templated":true},"structuredData":{"href":"https://www.ebi.ac.uk/biosamples/structureddata/SAMN06451262"}}}