{"name":"CP000968","accession":"SAMN02598368","domain":"self.BiosampleImportNCBI","taxId":374847,"release":"2014-01-28T10:41:05.840Z","update":"2022-03-29T03:40:15.933Z","submitted":"2014-01-28T10:41:05.840Z","characteristics":{"External Id":[{"text":"SAMN02598368","tag":"Namespace:BioSample"}],"INSDC center name":[{"text":"NCBI"}],"INSDC first public":[{"text":"2014-01-28T10:41:05.840Z"}],"INSDC last update":[{"text":"2015-05-18T13:17:37.980Z"}],"INSDC status":[{"text":"live"}],"NCBI submission model":[{"text":"Generic"}],"NCBI submission package":[{"text":"Generic.1.0"}],"organism":[{"text":"Candidatus Korarchaeum cryptofilum OPF8","ontologyTerms":["http://purl.obolibrary.org/obo/NCBITaxon_374847"]}],"title":[{"text":"Sample from Candidatus Korarchaeum cryptofilum OPF8"}]},"submittedVia":"JSON_API","create":"2014-01-28T10:41:05.840Z","_links":{"self":{"href":"https://www.ebi.ac.uk/biosamples/samples/SAMN02598368"},"curationDomain":{"href":"https://www.ebi.ac.uk/biosamples/samples/SAMN02598368{?curationdomain}","templated":true},"curationLinks":{"href":"https://www.ebi.ac.uk/biosamples/samples/SAMN02598368/curationlinks"},"curationLink":{"href":"https://www.ebi.ac.uk/biosamples/samples/SAMN02598368/curationlinks/{hash}","templated":true},"structuredData":{"href":"https://www.ebi.ac.uk/biosamples/structureddata/SAMN02598368"}}}