{"name":"Microbe sample from Planctomycetes 4484_113","accession":"SAMN06287783","domain":"self.BiosampleImportNCBI","taxId":1956161,"release":"2017-02-01T00:00:00Z","update":"2022-03-30T00:24:06.067Z","submitted":"2017-02-01T10:46:02.460Z","characteristics":{"External Id":[{"text":"SAMN06287783","tag":"Namespace:BioSample"}],"INSDC center name":[{"text":"The University of Texas at Austin"}],"INSDC first public":[{"text":"2017-02-01T00:00:00Z"}],"INSDC last update":[{"text":"2021-02-28T04:00:28.453Z"}],"INSDC status":[{"text":"live"}],"NCBI submission model":[{"text":"Microbe, viral or environmental"}],"NCBI submission package":[{"text":"Microbe.1.0"}],"collection date":[{"text":"2008-12","tag":"attribute"}],"environmental sample":[{"text":"TRUE","tag":"attribute"}],"geo loc name":[{"text":"USA: Guaymas Basin, Gulf of California","tag":"attribute"}],"isolate":[{"text":"4484_113","tag":"attribute"}],"isolation source":[{"text":"deep-sea hydrothermal vent sediments from dive 4484","tag":"attribute"}],"lat lon":[{"text":"27.0388 N 111.24560 W","tag":"attribute"}],"metagenome source":[{"text":"marine sediment metagenome","tag":"attribute"}],"metagenomic":[{"text":"TRUE","tag":"attribute"}],"note":[{"text":"This biosample is a metagenomic assembly obtained from two marine sediment metagenomes BioSample: SAMN06251742 and SAMN06251743.","tag":"attribute"}],"organism":[{"text":"Planctomycetales bacterium 4484_113","ontologyTerms":["http://purl.obolibrary.org/obo/NCBITaxon_1956161"]}],"sample type":[{"text":"metagenomic assembly","tag":"attribute"}],"title":[{"text":"Microbe sample from Planctomycetales 4484_113"}]},"submittedVia":"JSON_API","create":"2017-02-01T10:46:02.460Z","_links":{"self":{"href":"https://www.ebi.ac.uk/biosamples/samples/SAMN06287783"},"curationDomain":{"href":"https://www.ebi.ac.uk/biosamples/samples/SAMN06287783{?curationdomain}","templated":true},"curationLinks":{"href":"https://www.ebi.ac.uk/biosamples/samples/SAMN06287783/curationlinks"},"curationLink":{"href":"https://www.ebi.ac.uk/biosamples/samples/SAMN06287783/curationlinks/{hash}","templated":true},"structuredData":{"href":"https://www.ebi.ac.uk/biosamples/structureddata/SAMN06287783"}}}