{"name":"Firmicutes bacterium UBA5388","accession":"SAMN06457189","domain":"self.BiosampleImportNCBI","taxId":1948054,"release":"2017-02-27T00:00:00Z","update":"2022-03-30T01:31:38.562Z","submitted":"2017-02-27T14:01:35.616Z","characteristics":{"External Id":[{"text":"SAMN06457189","tag":"Namespace:BioSample"}],"INSDC center name":[{"text":"University of Queensland"}],"INSDC first public":[{"text":"2017-02-27T00:00:00Z"}],"INSDC secondary accession":[{"text":"SRS2035994"}],"INSDC status":[{"text":"live"}],"NCBI submission model":[{"text":"Microbe, viral or environmental"}],"SRA accession":[{"text":"SRS2035994"}],"assembly method":[{"text":"CLC de novo assembler","tag":"attribute"}],"assembly_method_version":[{"text":"4.4.1","tag":"attribute"}],"completeness_estimated":[{"text":"92.37%","tag":"attribute"}],"contamination_estimated":[{"text":"2.26%","tag":"attribute"}],"environmental sample":[{"text":"true","tag":"attribute"}],"genome coverage":[{"text":"19.61","tag":"attribute"}],"geo loc name":[{"text":"China: Chengdu","tag":"attribute"}],"isolate":[{"text":"UBA5388","tag":"attribute"}],"isolation-source":[{"text":"mud","tag":"attribute"}],"mapping_method":[{"text":"BWA (BWA-MEM)","tag":"attribute"}],"mapping_method_version":[{"text":"0.7.12-r1039","tag":"attribute"}],"metagenome source":[{"text":"fermentation metagenome","tag":"attribute"}],"metagenomic":[{"text":"true","tag":"attribute"}],"organism":[{"text":"Firmicutes bacterium UBA5388","ontologyTerms":["http://purl.obolibrary.org/obo/NCBITaxon_1948054"]}],"quality_assessment_method":[{"text":"CheckM","tag":"attribute"}],"quality_assessment_method_version":[{"text":"1.0.6","tag":"attribute"}],"sample type":[{"text":"metagenomic assembly","tag":"attribute"}],"subsrc_note":[{"text":"Genome binned from sequencing reads available in SRX691282 metagenome","tag":"attribute"}],"title":[{"text":"Uncultivated Firmicutes bacterium UBA5388 genome recovered from SRX691282"}],"value":[{"text":"This BioSample is a metagenomic assembly obtained from the fermentation metagenome reads: SRR1562007.","tag":"attribute"}]},"externalReferences":[{"url":"https://www.ebi.ac.uk/ena/data/view/SAMN06457189","duo":null}],"submittedVia":"JSON_API","create":"2017-02-27T14:01:35.616Z","_links":{"self":{"href":"https://www.ebi.ac.uk/biosamples/samples/SAMN06457189"},"curationDomain":{"href":"https://www.ebi.ac.uk/biosamples/samples/SAMN06457189{?curationdomain}","templated":true},"curationLinks":{"href":"https://www.ebi.ac.uk/biosamples/samples/SAMN06457189/curationlinks"},"curationLink":{"href":"https://www.ebi.ac.uk/biosamples/samples/SAMN06457189/curationlinks/{hash}","templated":true},"structuredData":{"href":"https://www.ebi.ac.uk/biosamples/structureddata/SAMN06457189"}}}