{"name":"Deltaproteobacteria bacterium SAT2610","accession":"SAMN07618674","domain":"self.BiosampleImportNCBI","taxId":2026735,"release":"2017-09-07T00:00:00Z","update":"2022-03-30T07:44:34.353Z","submitted":"2017-09-07T19:28:13.470Z","characteristics":{"External Id":[{"text":"SAMN07618674","tag":"Namespace:BioSample"}],"INSDC center name":[{"text":"University of Southern California"}],"INSDC first public":[{"text":"2017-09-07T00:00:00Z"}],"INSDC last update":[{"text":"2018-10-30T14:46:17.085Z"}],"INSDC status":[{"text":"live"}],"NCBI submission model":[{"text":"Microbe, viral or environmental"}],"NCBI submission package":[{"text":"Microbe.1.0"}],"collected by":[{"text":"Tara Oceans Consortium","tag":"attribute"}],"collection date":[{"text":"2011","tag":"attribute"}],"depth":[{"text":"5-1000m","ontologyTerms":["http://www.ebi.ac.uk/efo/EFO_0006768"],"tag":"attribute"}],"env biome":[{"text":"marine pelagic biome","tag":"attribute"}],"environmental sample":[{"text":"1","tag":"attribute"}],"geo loc name":[{"text":"Atlantic Ocean","tag":"attribute"}],"isolate":[{"text":"SAT2610","tag":"attribute"}],"isolation source":[{"text":"South Atlantic Ocean","tag":"attribute"}],"metagenome source":[{"text":"marine metagenome","tag":"attribute"}],"metagenomic":[{"text":"1","tag":"attribute"}],"note":[{"text":"This BioSample is a metagenomic assembly obtained from the publically available reads for the TARA Oceans Project deposited in the Sequence Read Archive (SRA) database with runs accessions ERR1719443, ERR1719515, ERR1719172, ERR1719375, ERR868357, ERR599353, ERR868362, ERR599346, ERR1719332, ERR1719420, ERR1719146, ERR1719321, ERR868422, ERR868440, ERR599349, ERR599050, ERR598967, ERR868404, ERR868415, ERR599093, ERR599120, ERR599042, ERR599079, ERR1712093, ERR1712225, ERR599071, ERR599085, ERR599024, ERR1719156, ERR1719428, ERR1726634, ERR1726656, ERR1719388, ERR868493, ERR599342, ERR1726527, ERR1726609, ERR1739847, ERR1739848, ERR1740118, ERR1740132, ERR868424, ERR868465, ERR599359, ERR1711958, ERR1712104, ERR868453, ERR868457, ERR599375, ERR599039, ERR1711937, ERR1712134, ERR1726602, ERR1711886, ERR1712078, ERR868442, ERR599014, ERR1712025, ERR1712201, ERR1712124, ERR1712224, ERR868364, ERR868438, ERR599020, ERR868443, ERR1719191, ERR1719236, ERR1711904, ERR1711985, ERR868476, ERR599357, ERR1719262, ERR1719355, ERR1711977, ERR1712144, ERR868381, ERR599369, ERR599086, ERR873963, ERR599368, ERR598954, ERR598957, ERR599072, ERR594292, ERR594307, ERR594306, ERR1719159, ERR1719463, ERR1726556, ERR1711869, ERR1712118, ERR1712182, ERR868475, ERR868513, ERR599380, ERR594309, ERR594305, ERR594322, ERR873959, ERR873968, ERR599341, ERR594284, ERR594304, ERR594301, ERR868419, ERR868425, ERR599377, ERR594326, ERR594347, ERR1719256, ERR1719298, ERR868466, ERR868469, ERR599378, ERR634968, ERR594293, ERR594337, ERR594319, ERR868360, ERR868481, ERR599343, ERR599348, ERR594287, ERR594311, ERR594296, ERR588857, ERR1719194, ERR1719389, ERR1719448, ERR1726725, ERR1719160, ERR1719214, ERR1719301, ERR868363, ERR868489, ERR599354, ERR594285, ERR594343, ERR594338, ERR868371, ERR868491, ERR868494, ERR599367, ERR594344, ERR594339, ERR594323, ERR1719213, ERR1719404, ERR1719459, ERR1726643, ERR1726714, ERR1726846, ERR1719207, ERR1719316, ERR1719395, ERR868352, ERR868382, ERR599337, ERR594341, ERR594342, ERR594300, ERR868359, ERR868426, ERR599338, ERR599038, ERR1719243, ERR1719327, ERR1719311, ERR1719364, ERR1719405, ERR868462, ERR599032, ERR1719333, ERR1719439, ERR1719324, ERR1719380, ERR868458","tag":"attribute"}],"organism":[{"text":"Deltaproteobacteria bacterium","ontologyTerms":["http://purl.obolibrary.org/obo/NCBITaxon_2026735"]}],"sample type":[{"text":"metagenomic assembly","tag":"attribute"}],"title":[{"text":"2,631 Draft Metagenome-Assembled Genomes from the Global Oceans"}]},"submittedVia":"JSON_API","create":"2017-09-07T19:28:13.470Z","_links":{"self":{"href":"https://www.ebi.ac.uk/biosamples/samples/SAMN07618674"},"curationDomain":{"href":"https://www.ebi.ac.uk/biosamples/samples/SAMN07618674{?curationdomain}","templated":true},"curationLinks":{"href":"https://www.ebi.ac.uk/biosamples/samples/SAMN07618674/curationlinks"},"curationLink":{"href":"https://www.ebi.ac.uk/biosamples/samples/SAMN07618674/curationlinks/{hash}","templated":true},"structuredData":{"href":"https://www.ebi.ac.uk/biosamples/structureddata/SAMN07618674"}}}