{"name":"Microbe sample from Candidatus Cloacimonetes 4572_55","accession":"SAMN06638386","domain":"self.BiosampleImportNCBI","taxId":1971726,"release":"2017-03-23T00:00:00Z","update":"2022-03-30T02:49:21.091Z","submitted":"2017-03-23T15:35:03.030Z","characteristics":{"External Id":[{"text":"SAMN06638386","tag":"Namespace:BioSample"}],"INSDC center name":[{"text":"The University of Texas at Austin"}],"INSDC first public":[{"text":"2017-03-23T00:00:00Z"}],"INSDC last update":[{"text":"2021-02-28T04:09:53.235Z"}],"INSDC status":[{"text":"live"}],"NCBI submission model":[{"text":"Microbe, viral or environmental"}],"NCBI submission package":[{"text":"Microbe.1.0"}],"collection date":[{"text":"2009-12","tag":"attribute"}],"environmental sample":[{"text":"TRUE","tag":"attribute"}],"geo loc name":[{"text":"USA: Guaymas Basin, Gulf of California","tag":"attribute"}],"isolate":[{"text":"4572_55","tag":"attribute"}],"isolation source":[{"text":"deep-sea hydrothermal vent sediments from dive 4572","tag":"attribute"}],"lat lon":[{"text":"27.0423 N 111.24560 W","tag":"attribute"}],"metagenome source":[{"text":"marine sediment metagenome","tag":"attribute"}],"metagenomic":[{"text":"TRUE","tag":"attribute"}],"note":[{"text":"This biosample is a metagenomic assembly obtained from two marine sediment metagenomes BioSample: SAMN06288063 and SAMN06288064.","tag":"attribute"}],"organism":[{"text":"Candidatus Cloacimonetes bacterium 4572_55","ontologyTerms":["http://purl.obolibrary.org/obo/NCBITaxon_1971726"]}],"sample type":[{"text":"metagenomic assembly","tag":"attribute"}],"title":[{"text":"Microbe sample from Candidatus Cloacimonetes bacterium 4572_55"}]},"submittedVia":"JSON_API","create":"2017-03-23T15:35:03.030Z","_links":{"self":{"href":"https://www.ebi.ac.uk/biosamples/samples/SAMN06638386"},"curationDomain":{"href":"https://www.ebi.ac.uk/biosamples/samples/SAMN06638386{?curationdomain}","templated":true},"curationLinks":{"href":"https://www.ebi.ac.uk/biosamples/samples/SAMN06638386/curationlinks"},"curationLink":{"href":"https://www.ebi.ac.uk/biosamples/samples/SAMN06638386/curationlinks/{hash}","templated":true},"structuredData":{"href":"https://www.ebi.ac.uk/biosamples/structureddata/SAMN06638386"}}}