{"name":"Gammaproteobacteria bacterium strain TR3.2","accession":"SAMN04528780","domain":"self.BiosampleImportNCBI","taxId":1810504,"release":"2016-08-01T00:00:00Z","update":"2022-03-29T16:28:59.979Z","submitted":"2016-03-02T11:16:04Z","characteristics":{"External Id":[{"text":"SAMN04528780","tag":"Namespace:BioSample"}],"INSDC center name":[{"text":"University of North Carolina - Chapel Hill"}],"INSDC first public":[{"text":"2016-08-01T00:00:00Z"}],"INSDC last update":[{"text":"2021-09-26T02:32:27.434Z"}],"INSDC status":[{"text":"live"}],"NCBI submission model":[{"text":"Microbe, viral or environmental"}],"NCBI submission package":[{"text":"Microbe.1.0"}],"collection date":[{"text":"2006-07","tag":"attribute"}],"description":[{"text":"Genome sequence derived from newly isolated PAH-degrading bacterium within the Gammaproteobacteria, representing a novel lineage."}],"env biome":[{"text":"soil","tag":"attribute"}],"geo loc name":[{"text":"USA: North Carolina, Salisbury","tag":"attribute"}],"isolation source":[{"text":"contaminated soil","tag":"attribute"}],"lat lon":[{"text":"35.4 N 80.26999999 W","tag":"attribute"}],"organism":[{"text":"Immundisolibacter cernigliae","ontologyTerms":["http://purl.obolibrary.org/obo/NCBITaxon_1810504"]}],"sample type":[{"text":"Isolate","tag":"attribute"}],"strain":[{"text":"TR3.2","tag":"attribute"}],"title":[{"text":"Unclassified_Gammaproteobacteria strain TR3.2"}],"type material":[{"text":"type strain of Immundisolibacter cernigliae","tag":"attribute"}]},"submittedVia":"JSON_API","create":"2016-03-02T11:16:04Z","_links":{"self":{"href":"https://www.ebi.ac.uk/biosamples/samples/SAMN04528780"},"curationDomain":{"href":"https://www.ebi.ac.uk/biosamples/samples/SAMN04528780{?curationdomain}","templated":true},"curationLinks":{"href":"https://www.ebi.ac.uk/biosamples/samples/SAMN04528780/curationlinks"},"curationLink":{"href":"https://www.ebi.ac.uk/biosamples/samples/SAMN04528780/curationlinks/{hash}","templated":true},"structuredData":{"href":"https://www.ebi.ac.uk/biosamples/structureddata/SAMN04528780"}}}