{"name":"Candidatus Dojkabacteria bacterium UBA5749","accession":"SAMN06451747","domain":"self.BiosampleImportNCBI","taxId":1953404,"release":"2017-02-27T00:00:00Z","update":"2022-03-30T01:29:21.173Z","submitted":"2017-02-27T11:08:03.256Z","characteristics":{"External Id":[{"text":"SAMN06451747","tag":"Namespace:BioSample"}],"INSDC center name":[{"text":"University of Queensland"}],"INSDC first public":[{"text":"2017-02-27T00:00:00Z"}],"INSDC secondary accession":[{"text":"SRS2032528"}],"INSDC status":[{"text":"live"}],"NCBI submission model":[{"text":"Microbe, viral or environmental"}],"SRA accession":[{"text":"SRS2032528"}],"assembly method":[{"text":"CLC de novo assembler","tag":"attribute"}],"assembly_method_version":[{"text":"4.4.1","tag":"attribute"}],"completeness_estimated":[{"text":"75.24%","tag":"attribute"}],"contamination_estimated":[{"text":"0.00%","tag":"attribute"}],"environmental sample":[{"text":"true","tag":"attribute"}],"genome coverage":[{"text":"75.63","tag":"attribute"}],"geo loc name":[{"text":"Canada: Northern Alberta","tag":"attribute"}],"isolate":[{"text":"UBA5749","tag":"attribute"}],"isolation-source":[{"text":"waste water","tag":"attribute"}],"mapping_method":[{"text":"BWA (BWA-MEM)","tag":"attribute"}],"mapping_method_version":[{"text":"0.7.12-r1039","tag":"attribute"}],"metagenome source":[{"text":"hydrocarbon metagenome","tag":"attribute"}],"metagenomic":[{"text":"true","tag":"attribute"}],"organism":[{"text":"Candidatus Dojkabacteria bacterium UBA5749","ontologyTerms":["http://purl.obolibrary.org/obo/NCBITaxon_1953404"]}],"quality_assessment_method":[{"text":"CheckM","tag":"attribute"}],"quality_assessment_method_version":[{"text":"1.0.6","tag":"attribute"}],"sample type":[{"text":"metagenomic assembly","tag":"attribute"}],"subsrc_note":[{"text":"Genome binned from sequencing reads available in SRX210886 metagenome","tag":"attribute"}],"title":[{"text":"Uncultivated Candidatus Dojkabacteria bacterium UBA5749 genome recovered from SRX210886"}],"value":[{"text":"This BioSample is a metagenomic assembly obtained from the hydrocarbon metagenome reads: SRR636559.","tag":"attribute"}]},"externalReferences":[{"url":"https://www.ebi.ac.uk/ena/data/view/SAMN06451747","duo":null}],"submittedVia":"JSON_API","create":"2017-02-27T11:08:03.256Z","_links":{"self":{"href":"https://www.ebi.ac.uk/biosamples/samples/SAMN06451747"},"curationDomain":{"href":"https://www.ebi.ac.uk/biosamples/samples/SAMN06451747{?curationdomain}","templated":true},"curationLinks":{"href":"https://www.ebi.ac.uk/biosamples/samples/SAMN06451747/curationlinks"},"curationLink":{"href":"https://www.ebi.ac.uk/biosamples/samples/SAMN06451747/curationlinks/{hash}","templated":true},"structuredData":{"href":"https://www.ebi.ac.uk/biosamples/structureddata/SAMN06451747"}}}