{"name":"CP001185","accession":"SAMN02603170","domain":"self.BiosampleImportNCBI","taxId":484019,"release":"2014-01-30T11:19:38.110Z","update":"2022-03-29T03:41:45.490Z","submitted":"2014-01-30T11:19:38.110Z","characteristics":{"External Id":[{"text":"SAMN02603170","tag":"Namespace:BioSample"}],"INSDC center name":[{"text":"NCBI"}],"INSDC first public":[{"text":"2014-01-30T11:19:38.110Z"}],"INSDC last update":[{"text":"2015-05-18T13:18:35.657Z"}],"INSDC status":[{"text":"live"}],"NCBI submission model":[{"text":"Generic"}],"NCBI submission package":[{"text":"Generic.1.0"}],"organism":[{"text":"Thermosipho africanus TCF52B","ontologyTerms":["http://purl.obolibrary.org/obo/NCBITaxon_484019"]}],"strain":[{"text":"TCF52B","tag":"attribute"}],"title":[{"text":"Sample from Thermosipho africanus TCF52B"}]},"submittedVia":"JSON_API","create":"2014-01-30T11:19:38.110Z","_links":{"self":{"href":"https://www.ebi.ac.uk/biosamples/samples/SAMN02603170"},"curationDomain":{"href":"https://www.ebi.ac.uk/biosamples/samples/SAMN02603170{?curationdomain}","templated":true},"curationLinks":{"href":"https://www.ebi.ac.uk/biosamples/samples/SAMN02603170/curationlinks"},"curationLink":{"href":"https://www.ebi.ac.uk/biosamples/samples/SAMN02603170/curationlinks/{hash}","templated":true},"structuredData":{"href":"https://www.ebi.ac.uk/biosamples/structureddata/SAMN02603170"}}}