{"name":"Coke_LaCa","accession":"SAMN08142835","domain":"self.BiosampleImportNCBI","taxId":61644,"release":"2018-03-02T00:00:00Z","update":"2022-03-30T11:27:27.648Z","submitted":"2017-12-07T06:09:05.246Z","characteristics":{"External Id":[{"text":"SAMN08142835","tag":"Namespace:BioSample"}],"INSDC center name":[{"text":"University of Geneva"}],"INSDC first public":[{"text":"2018-03-02T00:00:00Z"}],"INSDC last update":[{"text":"2021-02-28T05:11:05.473Z"}],"INSDC status":[{"text":"live"}],"NCBI submission model":[{"text":"Microbe, viral or environmental"}],"NCBI submission package":[{"text":"Microbe.1.0"}],"altitude":[{"text":"1923 m","tag":"attribute"}],"biomaterial provider":[{"text":"SUPSI_Scuola universitaria professionale della Svizzera italiana Dipartimento ambiente costruzioni e design, Laboratorio microbiologia applicata, Via Mirasole 22a CH-6500 Bellinzona","tag":"attribute"}],"collected by":[{"text":"SUPSI, Laboratorio microbiologia applicata","tag":"attribute"}],"collection date":[{"text":"2017-08","tag":"attribute"}],"depth":[{"text":"14.5 m","tag":"attribute"}],"env biome":[{"text":"meromictic alpine lake","tag":"attribute"}],"geo loc name":[{"text":"Switzerland:Ticino, Piora Valley","tag":"attribute"}],"isolation source":[{"text":"chemocline water sample","tag":"attribute"}],"lat lon":[{"text":"46.55086 N 8.71246 E","tag":"attribute"}],"organism":[{"text":"Chromatium okenii","ontologyTerms":["http://purl.obolibrary.org/obo/NCBITaxon_61644"]}],"passage_history":[{"text":"10 l","tag":"attribute"}],"sample type":[{"text":"mixed culture","tag":"attribute"}],"strain":[{"text":"LaCa","tag":"attribute"}],"temp":[{"text":"6","tag":"attribute"}],"title":[{"text":"Microbe sample from Candidatus Chromatium okenii"}]},"submittedVia":"JSON_API","create":"2017-12-07T06:09:05.246Z","_links":{"self":{"href":"https://www.ebi.ac.uk/biosamples/samples/SAMN08142835"},"curationDomain":{"href":"https://www.ebi.ac.uk/biosamples/samples/SAMN08142835{?curationdomain}","templated":true},"curationLinks":{"href":"https://www.ebi.ac.uk/biosamples/samples/SAMN08142835/curationlinks"},"curationLink":{"href":"https://www.ebi.ac.uk/biosamples/samples/SAMN08142835/curationlinks/{hash}","templated":true},"structuredData":{"href":"https://www.ebi.ac.uk/biosamples/structureddata/SAMN08142835"}}}