{"name":"1035894","accession":"SAMN02745150","domain":"self.BiosampleImportNCBI","taxId":34097,"release":"2014-05-05T00:00:00Z","update":"2022-03-29T04:26:50.102Z","submitted":"2014-05-05T22:38:17.250Z","characteristics":{"External Id":[{"text":"SAMN02745150","tag":"Namespace:BioSample"}],"INSDC center name":[{"text":"DOE Joint Genome Institute"}],"INSDC first public":[{"text":"2014-05-05T00:00:00Z"}],"INSDC last update":[{"text":"2019-06-20T16:57:12.599Z"}],"INSDC secondary accession":[{"text":"SRS1652634"}],"INSDC status":[{"text":"live"}],"NCBI submission model":[{"text":"MIGS.ba"}],"NCBI submission package":[{"text":"MIGS.ba.5.0"}],"SRA accession":[{"text":"SRS1652634"}],"description":[{"text":"Keywords: GSC:MIxS;MIGS:5.0"}],"investigation type":[{"text":"bacteria_archaea","tag":"attribute"}],"organism":[{"text":"Brevinema andersonii","ontologyTerms":["http://purl.obolibrary.org/obo/NCBITaxon_34097"]}],"project name":[{"text":"Brevinema andersonii ATCC 43811","tag":"attribute"}],"strain":[{"text":"ATCC 43811","tag":"attribute"}],"title":[{"text":"Brevinema andersonii ATCC 43811"}],"type material":[{"text":"type strain of Brevinema andersonii","tag":"attribute"}]},"externalReferences":[{"url":"https://www.ebi.ac.uk/ena/data/view/SAMN02745150","duo":null}],"submittedVia":"JSON_API","create":"2014-05-05T22:38:17.250Z","_links":{"self":{"href":"https://www.ebi.ac.uk/biosamples/samples/SAMN02745150"},"curationDomain":{"href":"https://www.ebi.ac.uk/biosamples/samples/SAMN02745150{?curationdomain}","templated":true},"curationLinks":{"href":"https://www.ebi.ac.uk/biosamples/samples/SAMN02745150/curationlinks"},"curationLink":{"href":"https://www.ebi.ac.uk/biosamples/samples/SAMN02745150/curationlinks/{hash}","templated":true},"structuredData":{"href":"https://www.ebi.ac.uk/biosamples/structureddata/SAMN02745150"}}}