{"name":"bacterium UBP13_UBA5359","accession":"SAMN06451889","domain":"self.BiosampleImportNCBI","taxId":1953416,"release":"2017-02-27T00:00:00Z","update":"2022-03-30T01:29:23.943Z","submitted":"2017-02-27T11:08:14.516Z","characteristics":{"External Id":[{"text":"SAMN06451889","tag":"Namespace:BioSample"}],"INSDC center name":[{"text":"University of Queensland"}],"INSDC first public":[{"text":"2017-02-27T00:00:00Z"}],"INSDC secondary accession":[{"text":"SRS2036021"}],"INSDC status":[{"text":"live"}],"NCBI submission model":[{"text":"Microbe, viral or environmental"}],"SRA accession":[{"text":"SRS2036021"}],"assembly method":[{"text":"CLC de novo assembler","tag":"attribute"}],"assembly_method_version":[{"text":"4.4.1","tag":"attribute"}],"completeness_estimated":[{"text":"97.44%","tag":"attribute"}],"contamination_estimated":[{"text":"0.00%","tag":"attribute"}],"environmental sample":[{"text":"true","tag":"attribute"}],"genome coverage":[{"text":"29.54","tag":"attribute"}],"geo loc name":[{"text":"China: Chengdu","tag":"attribute"}],"isolate":[{"text":"UBA5359","tag":"attribute"}],"isolation-source":[{"text":"mud","tag":"attribute"}],"mapping_method":[{"text":"BWA (BWA-MEM)","tag":"attribute"}],"mapping_method_version":[{"text":"0.7.12-r1039","tag":"attribute"}],"metagenome source":[{"text":"fermentation metagenome","tag":"attribute"}],"metagenomic":[{"text":"true","tag":"attribute"}],"organism":[{"text":"bacterium UBP13_UBA5359","ontologyTerms":["http://purl.obolibrary.org/obo/NCBITaxon_1953416"]}],"quality_assessment_method":[{"text":"CheckM","tag":"attribute"}],"quality_assessment_method_version":[{"text":"1.0.6","tag":"attribute"}],"sample type":[{"text":"metagenomic assembly","tag":"attribute"}],"subsrc_note":[{"text":"Genome binned from sequencing reads available in SRX691283 metagenome","tag":"attribute"}],"title":[{"text":"Uncultivated bacterium UBP13_UBA5359 genome recovered from SRX691283"}],"value":[{"text":"This BioSample is a metagenomic assembly obtained from the fermentation metagenome reads: SRR1562008.","tag":"attribute"}]},"externalReferences":[{"url":"https://www.ebi.ac.uk/ena/data/view/SAMN06451889","duo":null}],"submittedVia":"JSON_API","create":"2017-02-27T11:08:14.516Z","_links":{"self":{"href":"https://www.ebi.ac.uk/biosamples/samples/SAMN06451889"},"curationDomain":{"href":"https://www.ebi.ac.uk/biosamples/samples/SAMN06451889{?curationdomain}","templated":true},"curationLinks":{"href":"https://www.ebi.ac.uk/biosamples/samples/SAMN06451889/curationlinks"},"curationLink":{"href":"https://www.ebi.ac.uk/biosamples/samples/SAMN06451889/curationlinks/{hash}","templated":true},"structuredData":{"href":"https://www.ebi.ac.uk/biosamples/structureddata/SAMN06451889"}}}