{"name":"PH28_bin85","accession":"SAMN03287581","domain":"self.BiosampleImportNCBI","taxId":471232,"release":"2015-01-27T00:00:00Z","update":"2022-03-29T08:01:20.064Z","submitted":"2015-01-19T01:04:49.456Z","characteristics":{"External Id":[{"text":"SAMN03287581","tag":"Namespace:BioSample"}],"INSDC center name":[{"text":"Australian Centre for Ecogenomics"}],"INSDC first public":[{"text":"2015-01-27T00:00:00Z"}],"INSDC last update":[{"text":"2021-02-28T02:33:36.651Z"}],"INSDC status":[{"text":"live"}],"NCBI submission model":[{"text":"MIMS.me"},{"text":"MIGS/MIMS/MIMARKS.miscellaneous"}],"NCBI submission package":[{"text":"MIMS.me.miscellaneous.5.0"}],"collection date":[{"text":"2010-11","tag":"attribute"}],"description":[{"text":"Keywords: GSC:MIxS;MIMS:5.0"}],"env biome":[{"text":"Subsurface aquifer","tag":"attribute"}],"env feature":[{"text":"Production well","tag":"attribute"}],"env_material":[{"text":"Coal","tag":"attribute"}],"environmental sample":[{"text":"true","tag":"attribute"}],"geo loc name":[{"text":"Australia: Surat Basin","tag":"attribute"}],"isolation source":[{"text":"anaerobic enrichment culture derived from coal bed methane formation water","tag":"attribute"}],"metagenomic":[{"text":"true","tag":"attribute"}],"organism":[{"text":"coral reef metagenome","ontologyTerms":["http://purl.obolibrary.org/obo/NCBITaxon_471232"]}],"rel_to_oxygen":[{"text":"anaerobe","tag":"attribute"}],"sample type":[{"text":"metagenomic assembly","tag":"attribute"}],"title":[{"text":"MIMS Environmental/Metagenome sample from coral reef metagenome"}]},"submittedVia":"JSON_API","create":"2015-01-19T01:04:49.456Z","_links":{"self":{"href":"https://www.ebi.ac.uk/biosamples/samples/SAMN03287581"},"curationDomain":{"href":"https://www.ebi.ac.uk/biosamples/samples/SAMN03287581{?curationdomain}","templated":true},"curationLinks":{"href":"https://www.ebi.ac.uk/biosamples/samples/SAMN03287581/curationlinks"},"curationLink":{"href":"https://www.ebi.ac.uk/biosamples/samples/SAMN03287581/curationlinks/{hash}","templated":true},"structuredData":{"href":"https://www.ebi.ac.uk/biosamples/structureddata/SAMN03287581"}}}