{"name":"CG2_30_FULL_Desantisbacteria_40_21_curated","accession":"SAMN04328251","domain":"self.BiosampleImportNCBI","taxId":1817895,"release":"2016-03-21T00:00:00Z","update":"2022-03-29T15:13:31.902Z","submitted":"2015-12-09T20:17:11Z","characteristics":{"External Id":[{"text":"SAMN04328251","tag":"Namespace:BioSample"}],"INSDC center name":[{"text":"Banfield Lab, University of California, Berkeley"}],"INSDC first public":[{"text":"2016-03-21T00:00:00Z"}],"INSDC last update":[{"text":"2021-02-28T03:01:52.325Z"}],"INSDC status":[{"text":"live"}],"NCBI submission model":[{"text":"Metagenome or environmental"}],"NCBI submission package":[{"text":"Metagenome.environmental.1.0"}],"collection date":[{"text":"2009-11-08","tag":"attribute"}],"environmental sample":[{"text":"TRUE","tag":"attribute"}],"geo loc name":[{"text":"USA: Crystal Geyser near Green River, Utah","tag":"attribute"}],"isolate":[{"text":"CG2_30_40_21","tag":"attribute"}],"isolation source":[{"text":"groundwater filtered through a 3.0 um filter","tag":"attribute"}],"lat lon":[{"text":"38.56 N 110.8 W","tag":"attribute"}],"metagenome source":[{"text":"groundwater metagenome","tag":"attribute"}],"metagenomic":[{"text":"TRUE","tag":"attribute"}],"note":[{"text":"This biosample is a metagenomic assembly obtained from the metagenome sample SAMN02419150","tag":"attribute"}],"organism":[{"text":"Candidatus Desantisbacteria bacterium CG2_30_40_21","ontologyTerms":["http://purl.obolibrary.org/obo/NCBITaxon_1817895"]}],"title":[{"text":"Metagenome or environmental sample from Candidatus Desantisbacteria bacterium CG2_30_40_21"}]},"submittedVia":"JSON_API","create":"2015-12-09T20:17:11Z","_links":{"self":{"href":"https://www.ebi.ac.uk/biosamples/samples/SAMN04328251"},"curationDomain":{"href":"https://www.ebi.ac.uk/biosamples/samples/SAMN04328251{?curationdomain}","templated":true},"curationLinks":{"href":"https://www.ebi.ac.uk/biosamples/samples/SAMN04328251/curationlinks"},"curationLink":{"href":"https://www.ebi.ac.uk/biosamples/samples/SAMN04328251/curationlinks/{hash}","templated":true},"structuredData":{"href":"https://www.ebi.ac.uk/biosamples/structureddata/SAMN04328251"}}}