{"name":"Candidatus Eisenbacteria bacterium SZUA-252 [Phylum]","accession":"SAMN09287800","domain":"self.BiosampleImportNCBI","taxId":2212470,"release":"2018-05-31T00:00:00Z","update":"2022-03-30T19:05:04.807Z","submitted":"2018-05-31T03:07:08.733Z","characteristics":{"External Id":[{"text":"SAMN09287800","tag":"Namespace:BioSample"}],"INSDC center name":[{"text":"Environmental Microbiology Lab"}],"INSDC first public":[{"text":"2018-05-31T00:00:00Z"}],"INSDC last update":[{"text":"2021-02-28T05:57:43.084Z"}],"INSDC status":[{"text":"live"}],"NCBI submission model":[{"text":"Microbe, viral or environmental"}],"NCBI submission package":[{"text":"Microbe.1.0"}],"collection date":[{"text":"2012-08","tag":"attribute"}],"environmental sample":[{"text":"1","tag":"attribute"}],"geo loc name":[{"text":"Atlantic Ocean: Mid-Atlantic Ridge, South","tag":"attribute"}],"isolate":[{"text":"SZUA-252","tag":"attribute"}],"isolation source":[{"text":"marine hydrothermal sulfide sediment TVG11","tag":"attribute"}],"lat lon":[{"text":"15.16 S 13.35 W","tag":"attribute"}],"metagenome source":[{"text":"hydrothermal vent metagenome","tag":"attribute"}],"metagenomic":[{"text":"1","tag":"attribute"}],"note":[{"text":"This BioSample is a metagenomic assembly obtained from the hydrothermal vent metagenome BioSamples: SAMN09240481","tag":"attribute"}],"organism":[{"text":"Candidatus Eisenbacteria bacterium","ontologyTerms":["http://purl.obolibrary.org/obo/NCBITaxon_2212470"]}],"sample type":[{"text":"metagenomic assembly","tag":"attribute"}],"title":[{"text":"Microbe sample from Candidatus Eisenbacteria bacterium"}]},"submittedVia":"JSON_API","create":"2018-05-31T03:07:08.733Z","_links":{"self":{"href":"https://www.ebi.ac.uk/biosamples/samples/SAMN09287800"},"curationDomain":{"href":"https://www.ebi.ac.uk/biosamples/samples/SAMN09287800{?curationdomain}","templated":true},"curationLinks":{"href":"https://www.ebi.ac.uk/biosamples/samples/SAMN09287800/curationlinks"},"curationLink":{"href":"https://www.ebi.ac.uk/biosamples/samples/SAMN09287800/curationlinks/{hash}","templated":true},"structuredData":{"href":"https://www.ebi.ac.uk/biosamples/structureddata/SAMN09287800"}}}