{"name":"SAMN04490355","accession":"SAMN04490355","domain":"self.BiosampleImportNCBI","taxId":1123291,"release":"2016-02-12T00:00:00Z","update":"2022-03-29T16:13:25.273Z","submitted":"2016-02-12T11:31:04Z","characteristics":{"External Id":[{"text":"Gp0117057","tag":"Namespace:DOE Joint Genome Institute"},{"text":"SAMN04490355","tag":"Namespace:BioSample"}],"INSDC center name":[{"text":"DOE Joint Genome Institute"}],"INSDC first public":[{"text":"2016-02-12T00:00:00Z"}],"INSDC last update":[{"text":"2019-06-20T17:26:54.865Z"}],"INSDC secondary accession":[{"text":"SRS1674449"}],"INSDC status":[{"text":"live"}],"NCBI submission model":[{"text":"MIGS.ba"}],"NCBI submission package":[{"text":"MIGS.ba.5.0"}],"SRA accession":[{"text":"SRS1674449"}],"description":[{"text":"Keywords: GSC:MIxS;MIGS:5.0"}],"organism":[{"text":"Pelosinus propionicus DSM 13327","ontologyTerms":["http://purl.obolibrary.org/obo/NCBITaxon_1123291"]}],"strain":[{"text":"DSM 13327","tag":"attribute"}],"title":[{"text":"Pelosinus propionicus DSM 13327"}],"type material":[{"text":"type strain of Pelosinus propionicus","tag":"attribute"}]},"externalReferences":[{"url":"https://www.ebi.ac.uk/ena/data/view/SAMN04490355","duo":null}],"submittedVia":"JSON_API","create":"2016-02-12T11:31:04Z","_links":{"self":{"href":"https://www.ebi.ac.uk/biosamples/samples/SAMN04490355"},"curationDomain":{"href":"https://www.ebi.ac.uk/biosamples/samples/SAMN04490355{?curationdomain}","templated":true},"curationLinks":{"href":"https://www.ebi.ac.uk/biosamples/samples/SAMN04490355/curationlinks"},"curationLink":{"href":"https://www.ebi.ac.uk/biosamples/samples/SAMN04490355/curationlinks/{hash}","templated":true},"structuredData":{"href":"https://www.ebi.ac.uk/biosamples/structureddata/SAMN04490355"}}}