{"name":"UBA12480","accession":"SAMN08018584","domain":"self.BiosampleImportNCBI","taxId":2044594,"release":"2017-12-15T09:50:10.033Z","update":"2022-03-30T10:41:49.164Z","submitted":"2017-11-13T20:25:09.763Z","characteristics":{"External Id":[{"text":"SAMN08018584","tag":"Namespace:BioSample"}],"INSDC center name":[{"text":"University of Queensland"}],"INSDC secondary accession":[{"text":"SRS2842984"}],"INSDC status":[{"text":"live"}],"NCBI submission model":[{"text":"Microbe, viral or environmental"}],"SRA accession":[{"text":"SRS2842984"}],"assembly method":[{"text":"CLC de novo assembler","tag":"attribute"}],"assembly_method_version":[{"text":"4.4.1","tag":"attribute"}],"completeness_estimated":[{"text":"92.36%","tag":"attribute"}],"contamination_estimated":[{"text":"0.00%","tag":"attribute"}],"environmental sample":[{"text":"true","tag":"attribute"}],"genome coverage":[{"text":"9.60x","tag":"attribute"}],"isolate":[{"text":"UBA12480","tag":"attribute"}],"isolation source":[{"text":"groundwater","tag":"attribute"}],"mapping_method":[{"text":"BWA (BWA-MEM)","tag":"attribute"}],"mapping_method_version":[{"text":"0.7.12-r1039","tag":"attribute"}],"metagenome source":[{"text":"groundwater metagenome","tag":"attribute"}],"metagenomic":[{"text":"true","tag":"attribute"}],"note":[{"text":"groundwater metagenome","tag":"attribute"}],"organism":[{"text":"Candidatus Delongbacteria bacterium","ontologyTerms":["http://purl.obolibrary.org/obo/NCBITaxon_2044594"]}],"quality_assessment_method":[{"text":"CheckM","tag":"attribute"}],"quality_assessment_method_version":[{"text":"1.0.6","tag":"attribute"}],"sample type":[{"text":"metagenomic assembly","tag":"attribute"}],"title":[{"text":"Uncultivated Delongbacteria bacterium UBA12480 genome recovered from SRX764834"}],"value":[{"text":"This BioSample is a metagenomic assembly obtained from the groundwater metagenome reads: SRR1658473.","tag":"attribute"}]},"externalReferences":[{"url":"https://www.ebi.ac.uk/ena/data/view/SAMN08018584","duo":null}],"submittedVia":"JSON_API","create":"2017-11-13T20:25:09.763Z","_links":{"self":{"href":"https://www.ebi.ac.uk/biosamples/samples/SAMN08018584"},"curationDomain":{"href":"https://www.ebi.ac.uk/biosamples/samples/SAMN08018584{?curationdomain}","templated":true},"curationLinks":{"href":"https://www.ebi.ac.uk/biosamples/samples/SAMN08018584/curationlinks"},"curationLink":{"href":"https://www.ebi.ac.uk/biosamples/samples/SAMN08018584/curationlinks/{hash}","templated":true},"structuredData":{"href":"https://www.ebi.ac.uk/biosamples/structureddata/SAMN08018584"}}}