{"name":"CP001034","accession":"SAMN02598430","domain":"self.BiosampleImportNCBI","taxId":457570,"release":"2014-01-28T00:00:00Z","update":"2022-03-29T03:40:16.938Z","submitted":"2014-01-28T10:41:09.640Z","characteristics":{"External Id":[{"text":"SAMN02598430","tag":"Namespace:BioSample"}],"INSDC center name":[{"text":"NCBI"}],"INSDC first public":[{"text":"2014-01-28T00:00:00Z"}],"INSDC last update":[{"text":"2019-06-20T16:49:10.642Z"}],"INSDC secondary accession":[{"text":"SRS1689544"}],"INSDC status":[{"text":"live"}],"NCBI submission model":[{"text":"Generic"}],"NCBI submission package":[{"text":"Generic.1.0"}],"SRA accession":[{"text":"SRS1689544"}],"note":[{"text":"type strain of Natranaerobius thermophilus","tag":"attribute"}],"organism":[{"text":"Natranaerobius thermophilus JW/NM-WN-LF","ontologyTerms":["http://purl.obolibrary.org/obo/NCBITaxon_457570"]}],"strain":[{"text":"JW/NM-WN-LF","tag":"attribute"}],"title":[{"text":"Sample from Natranaerobius thermophilus JW/NM-WN-LF"}],"type material":[{"text":"type strain of Natranaerobius thermophilus","tag":"attribute"}]},"externalReferences":[{"url":"https://www.ebi.ac.uk/ena/data/view/SAMN02598430","duo":null}],"submittedVia":"JSON_API","create":"2014-01-28T10:41:09.640Z","_links":{"self":{"href":"https://www.ebi.ac.uk/biosamples/samples/SAMN02598430"},"curationDomain":{"href":"https://www.ebi.ac.uk/biosamples/samples/SAMN02598430{?curationdomain}","templated":true},"curationLinks":{"href":"https://www.ebi.ac.uk/biosamples/samples/SAMN02598430/curationlinks"},"curationLink":{"href":"https://www.ebi.ac.uk/biosamples/samples/SAMN02598430/curationlinks/{hash}","templated":true},"structuredData":{"href":"https://www.ebi.ac.uk/biosamples/structureddata/SAMN02598430"}}}