{"name":"MCCC 1A02072","accession":"SAMN04332629","domain":"self.BiosampleImportNCBI","taxId":168935,"release":"2015-12-11T19:44:02.963Z","update":"2022-03-29T15:15:17.666Z","submitted":"2015-12-11T19:44:03.048Z","characteristics":{"External Id":[{"text":"SAMN04332629","tag":"Namespace:BioSample"}],"INSDC center name":[{"text":"The Third Institute of State Oceanic Administration (SOA)"}],"INSDC first public":[{"text":"2015-12-11T19:44:02.963Z"}],"INSDC last update":[{"text":"2015-12-11T19:44:03.048Z"}],"INSDC status":[{"text":"live"}],"NCBI submission model":[{"text":"Microbe, viral or environmental"}],"NCBI submission package":[{"text":"Microbe.1.0"}],"collection date":[{"text":"2008","tag":"attribute"}],"description":[{"text":"Genome sequence of Thalassospira lucentensis MCCC 1A02072"}],"geo loc name":[{"text":"China: North Bay","tag":"attribute"}],"isolation source":[{"text":"sediment","tag":"attribute"}],"organism":[{"text":"Thalassospira lucentensis","ontologyTerms":["http://purl.obolibrary.org/obo/NCBITaxon_168935"]}],"sample type":[{"text":"pure bacterial culture","tag":"attribute"}],"strain":[{"text":"MCCC 1A02072","tag":"attribute"}],"title":[{"text":"Genome sequence of Thalassospira lucentensis MCCC 1A02072"}]},"submittedVia":"JSON_API","create":"2015-12-11T19:44:03.048Z","_links":{"self":{"href":"https://www.ebi.ac.uk/biosamples/samples/SAMN04332629"},"curationDomain":{"href":"https://www.ebi.ac.uk/biosamples/samples/SAMN04332629{?curationdomain}","templated":true},"curationLinks":{"href":"https://www.ebi.ac.uk/biosamples/samples/SAMN04332629/curationlinks"},"curationLink":{"href":"https://www.ebi.ac.uk/biosamples/samples/SAMN04332629/curationlinks/{hash}","templated":true},"structuredData":{"href":"https://www.ebi.ac.uk/biosamples/structureddata/SAMN04332629"}}}