{"name":"13_2_20CM_2_Nitrospirae_62_8","accession":"SAMN04327910","domain":"self.BiosampleImportNCBI","taxId":1805272,"release":"2016-10-18T00:00:00Z","update":"2022-03-29T15:13:23.757Z","submitted":"2015-12-09T17:17:25Z","characteristics":{"External Id":[{"text":"SAMN04327910","tag":"Namespace:BioSample"}],"INSDC center name":[{"text":"Banfield Lab, University of California, Berkeley"}],"INSDC first public":[{"text":"2016-10-18T00:00:00Z"}],"INSDC last update":[{"text":"2021-02-28T03:01:46.911Z"}],"INSDC status":[{"text":"live"}],"NCBI submission model":[{"text":"Metagenome or environmental"}],"NCBI submission package":[{"text":"Metagenome.environmental.1.0"}],"collection date":[{"text":"2013-10-02","tag":"attribute"}],"environmental sample":[{"text":"TRUE","tag":"attribute"}],"geo loc name":[{"text":"USA: Angelo, CA","tag":"attribute"}],"isolation source":[{"text":"Soil sample from Angelo meadow plot 2, 20cm depth, 2 days after second rain event (91mm)","tag":"attribute"}],"lat lon":[{"text":"39.74 N 123.63 W","tag":"attribute"}],"metagenome source":[{"text":"soil metagenome","ontologyTerms":["http://purl.obolibrary.org/obo/NCBITaxon_410658"],"tag":"attribute"}],"metagenomic":[{"text":"TRUE","tag":"attribute"}],"note":[{"text":"This biosample is a genome obtained from the metagenome sample SAMN04116737","tag":"attribute"}],"organism":[{"text":"Nitrospirae bacterium 13_2_20CM_2_62_8","ontologyTerms":["http://purl.obolibrary.org/obo/NCBITaxon_1805272"]}],"title":[{"text":"Metagenome or environmental sample from Nitrospirae bacterium 13_2_20CM_2_62_8"}]},"submittedVia":"JSON_API","create":"2015-12-09T17:17:25Z","_links":{"self":{"href":"https://www.ebi.ac.uk/biosamples/samples/SAMN04327910"},"curationDomain":{"href":"https://www.ebi.ac.uk/biosamples/samples/SAMN04327910{?curationdomain}","templated":true},"curationLinks":{"href":"https://www.ebi.ac.uk/biosamples/samples/SAMN04327910/curationlinks"},"curationLink":{"href":"https://www.ebi.ac.uk/biosamples/samples/SAMN04327910/curationlinks/{hash}","templated":true},"structuredData":{"href":"https://www.ebi.ac.uk/biosamples/structureddata/SAMN04327910"}}}