{"name":"AMD AR1","accession":"SAMN05937499","domain":"self.BiosampleImportNCBI","taxId":1912863,"release":"2016-12-08T00:00:00Z","update":"2022-03-29T22:07:59.717Z","submitted":"2016-10-24T19:07:05.816Z","characteristics":{"External Id":[{"text":"SAMN05937499","tag":"Namespace:BioSample"}],"INSDC center name":[{"text":"UC Berkeley"}],"INSDC first public":[{"text":"2016-12-08T00:00:00Z"}],"INSDC last update":[{"text":"2021-04-08T08:22:59.512Z"}],"INSDC status":[{"text":"live"}],"NCBI submission model":[{"text":"MIGS.ba"}],"NCBI submission package":[{"text":"MIGS.ba.5.0"}],"collection date":[{"text":"2008-02","tag":"attribute"}],"depth":[{"text":"0","tag":"attribute"}],"description":[{"text":"Keywords: GSC:MIxS;MIGS:5.0"}],"elev":[{"text":"3100 ft","tag":"attribute"}],"env biome":[{"text":"terrestrial","tag":"attribute"}],"env feature":[{"text":"Richmond mine","tag":"attribute"}],"env_material":[{"text":"biofilm filtrate","tag":"attribute"}],"environmental sample":[{"text":"TRUE","tag":"attribute"}],"geo loc name":[{"text":"USA: Richmond Mine at Iron Mountain, CA","tag":"attribute"}],"isolate":[{"text":"ARMAN-1","tag":"attribute"}],"isolation source":[{"text":"fungal streamer biofilms collected from the 5-way site of the Richmond Mine at Iron Mountain, California. The pH of the acid mine drainage the biomass was sampled from was 0.98, and the temperature was 38C","tag":"attribute"}],"lat lon":[{"text":"40.68 N 122.20 W","tag":"attribute"}],"metagenome source":[{"text":"mine drainage metagenome","tag":"attribute"}],"metagenomic":[{"text":"TRUE","tag":"attribute"}],"note":[{"text":"This BioSample is a metagenomic assembly obtained from the mine drainage metagenome BioSample: SAMN00262685.","tag":"attribute"}],"organism":[{"text":"Candidatus Micrarchaeum sp. ARMAN-1","ontologyTerms":["http://purl.obolibrary.org/obo/NCBITaxon_1912863"]}],"sample-type":[{"text":"metagenomic assembly","tag":"attribute"}],"title":[{"text":"ARMAN-1 from Richmond Mine acid mine drainage (AMD)"}]},"submittedVia":"JSON_API","create":"2016-10-24T19:07:05.816Z","_links":{"self":{"href":"https://www.ebi.ac.uk/biosamples/samples/SAMN05937499"},"curationDomain":{"href":"https://www.ebi.ac.uk/biosamples/samples/SAMN05937499{?curationdomain}","templated":true},"curationLinks":{"href":"https://www.ebi.ac.uk/biosamples/samples/SAMN05937499/curationlinks"},"curationLink":{"href":"https://www.ebi.ac.uk/biosamples/samples/SAMN05937499/curationlinks/{hash}","templated":true},"structuredData":{"href":"https://www.ebi.ac.uk/biosamples/structureddata/SAMN05937499"}}}