{"name":"TH1-14","accession":"SAMN07418560","domain":"self.BiosampleImportNCBI","taxId":1981099,"release":"2017-07-27T00:00:00Z","update":"2022-03-30T06:35:32.997Z","submitted":"2017-07-27T01:42:02.833Z","characteristics":{"External Id":[{"text":"SAMN07418560","tag":"Namespace:BioSample"}],"INSDC center name":[{"text":"Nanjing Institute of Geography and Limnology"}],"INSDC first public":[{"text":"2017-07-27T00:00:00Z"}],"INSDC last update":[{"text":"2019-07-14T02:47:13.322Z"}],"INSDC status":[{"text":"live"}],"NCBI submission model":[{"text":"Microbe, viral or environmental"}],"NCBI submission package":[{"text":"Microbe.1.0"}],"collection date":[{"text":"2016-09","tag":"attribute"}],"description":[{"text":"bacteria isolated from cyanobacterial aggregates in a eutrophic lake"}],"geo loc name":[{"text":"China: Lake Taihu","tag":"attribute"}],"isolation source":[{"text":"cyanobacterial aggregates","tag":"attribute"}],"organism":[{"text":"Niveispirillum lacus","ontologyTerms":["http://purl.obolibrary.org/obo/NCBITaxon_1981099"]}],"sample type":[{"text":"single cell","ontologyTerms":["http://www.ebi.ac.uk/efo/EFO_0009899"],"tag":"attribute"}],"strain":[{"text":"1-14","tag":"attribute"}],"title":[{"text":"Microbe sample from Niveispirillum sp. TH1-14"}],"type material":[{"text":"type strain of Niveispirillum lacus","tag":"attribute"}]},"submittedVia":"JSON_API","create":"2017-07-27T01:42:02.833Z","_links":{"self":{"href":"https://www.ebi.ac.uk/biosamples/samples/SAMN07418560"},"curationDomain":{"href":"https://www.ebi.ac.uk/biosamples/samples/SAMN07418560{?curationdomain}","templated":true},"curationLinks":{"href":"https://www.ebi.ac.uk/biosamples/samples/SAMN07418560/curationlinks"},"curationLink":{"href":"https://www.ebi.ac.uk/biosamples/samples/SAMN07418560/curationlinks/{hash}","templated":true},"structuredData":{"href":"https://www.ebi.ac.uk/biosamples/structureddata/SAMN07418560"}}}