{"name":"ALLG","accession":"SAMN02469537","domain":"self.BiosampleImportNCBI","taxId":1214166,"release":"2013-12-19T13:05:56.003Z","update":"2022-03-29T02:55:23.034Z","submitted":"2013-12-19T13:01:14.497Z","characteristics":{"External Id":[{"text":"SAMN02469537","tag":"Namespace:BioSample"}],"INSDC center name":[{"text":"NCBI"}],"INSDC first public":[{"text":"2013-12-19T13:05:56.003Z"}],"INSDC last update":[{"text":"2015-05-18T13:04:09.383Z"}],"INSDC status":[{"text":"live"}],"NCBI submission model":[{"text":"Generic"}],"NCBI submission package":[{"text":"Generic.1.0"}],"organism":[{"text":"Streptococcus suis 86-5192","ontologyTerms":["http://purl.obolibrary.org/obo/NCBITaxon_1214166"]}],"strain":[{"text":"86-5192","tag":"attribute"}],"title":[{"text":"Sample from Streptococcus suis 86-5192"}]},"submittedVia":"JSON_API","create":"2013-12-19T13:01:14.497Z","_links":{"self":{"href":"https://www.ebi.ac.uk/biosamples/samples/SAMN02469537"},"curationDomain":{"href":"https://www.ebi.ac.uk/biosamples/samples/SAMN02469537{?curationdomain}","templated":true},"curationLinks":{"href":"https://www.ebi.ac.uk/biosamples/samples/SAMN02469537/curationlinks"},"curationLink":{"href":"https://www.ebi.ac.uk/biosamples/samples/SAMN02469537/curationlinks/{hash}","templated":true},"structuredData":{"href":"https://www.ebi.ac.uk/biosamples/structureddata/SAMN02469537"}}}