{"name":"AQZX","accession":"SAMN02261321","domain":"self.BiosampleImportNCBI","taxId":1048339,"release":"2013-07-19T00:00:00Z","update":"2022-03-29T01:50:47.062Z","submitted":"2013-07-19T14:58:22.496Z","characteristics":{"External Id":[{"text":"SAMN02261321","tag":"Namespace:BioSample"}],"GOLD Stamp ID":[{"text":"Gi02549","tag":"attribute"}],"Gram Staining":[{"text":"Gram+","tag":"attribute"}],"Greengenes ID":[{"text":"11449","tag":"attribute"}],"INSDC center name":[{"text":"Joint Genome Institute"}],"INSDC first public":[{"text":"2013-07-19T00:00:00Z"}],"INSDC last update":[{"text":"2019-06-20T16:35:09.189Z"}],"INSDC secondary accession":[{"text":"SRS1565056"}],"INSDC status":[{"text":"live"}],"NCBI submission model":[{"text":"MIGS.ba"}],"NCBI submission package":[{"text":"MIGS.ba.5.0"}],"SRA accession":[{"text":"SRS1565056"}],"Type Strain":[{"text":"Yes","tag":"attribute"}],"biome":[{"text":"not provided; submitted under MIGS 2.1","tag":"attribute"}],"biotic relationship":[{"text":"free living","tag":"attribute"}],"culture-collection":[{"text":"DSM:43042","tag":"attribute"}],"description":[{"text":"Keywords: GSC:MIxS;MIGS:5.0"}],"environment":[{"text":"Soil","tag":"attribute"}],"feature":[{"text":"not provided; submitted under MIGS 2.1","tag":"attribute"}],"investigation type":[{"text":"bacteria_archaea","tag":"attribute"}],"isolation source":[{"text":"Greenhouse soil","ontologyTerms":["http://purl.obolibrary.org/obo/ENVO_00005780"],"tag":"attribute"}],"material":[{"text":"not provided; submitted under MIGS 2.1","tag":"attribute"}],"motility":[{"text":"Motile","tag":"attribute"}],"organism":[{"text":"Sporichthya polymorpha DSM 43042","ontologyTerms":["http://purl.obolibrary.org/obo/NCBITaxon_1048339"]}],"project name":[{"text":"Sporichthya polymorpha DSM 43042","tag":"attribute"}],"ref_biomaterial":[{"text":"DSM 43042, ATCC 23823, IFO 12702, IMRU 3913, KCC A-0089, NBRC 12702","tag":"attribute"}],"strain":[{"text":"DSM 43042","tag":"attribute"}],"temperature optimum":[{"text":"28","tag":"attribute"}],"temperature range":[{"text":"Mesophile","tag":"attribute"}],"title":[{"text":"MIGS Cultured Bacterial/Archaeal sample from Sporichthya polymorpha DSM 43042"}],"type material":[{"text":"type strain of Sporichthya polymorpha","tag":"attribute"}]},"externalReferences":[{"url":"https://www.ebi.ac.uk/ena/data/view/SAMN02261321","duo":null}],"submittedVia":"JSON_API","create":"2013-07-19T14:58:22.496Z","_links":{"self":{"href":"https://www.ebi.ac.uk/biosamples/samples/SAMN02261321"},"curationDomain":{"href":"https://www.ebi.ac.uk/biosamples/samples/SAMN02261321{?curationdomain}","templated":true},"curationLinks":{"href":"https://www.ebi.ac.uk/biosamples/samples/SAMN02261321/curationlinks"},"curationLink":{"href":"https://www.ebi.ac.uk/biosamples/samples/SAMN02261321/curationlinks/{hash}","templated":true},"structuredData":{"href":"https://www.ebi.ac.uk/biosamples/structureddata/SAMN02261321"}}}