{"name":"Magnetococcales bacterium MED694","accession":"SAMN07619305","domain":"self.BiosampleImportNCBI","taxId":2026759,"release":"2017-09-07T00:00:00Z","update":"2022-03-30T07:44:55.395Z","submitted":"2017-09-07T19:36:08.510Z","characteristics":{"External Id":[{"text":"SAMN07619305","tag":"Namespace:BioSample"}],"INSDC center name":[{"text":"University of Southern California"}],"INSDC first public":[{"text":"2017-09-07T00:00:00Z"}],"INSDC last update":[{"text":"2018-10-30T14:46:24.613Z"}],"INSDC status":[{"text":"live"}],"NCBI submission model":[{"text":"Microbe, viral or environmental"}],"NCBI submission package":[{"text":"Microbe.1.0"}],"collected by":[{"text":"Tara Oceans Consortium","tag":"attribute"}],"collection date":[{"text":"2010","tag":"attribute"}],"depth":[{"text":"5-1000m","ontologyTerms":["http://www.ebi.ac.uk/efo/EFO_0006768"],"tag":"attribute"}],"env biome":[{"text":"marine pelagic biome","tag":"attribute"}],"environmental sample":[{"text":"1","tag":"attribute"}],"geo loc name":[{"text":"Mediterranean Sea","tag":"attribute"}],"isolate":[{"text":"MED694","tag":"attribute"}],"isolation source":[{"text":"Mediterranean Sea","tag":"attribute"}],"metagenome source":[{"text":"marine metagenome","tag":"attribute"}],"metagenomic":[{"text":"1","tag":"attribute"}],"note":[{"text":"This BioSample is a metagenomic assembly obtained from the publically available reads for the TARA Oceans Project deposited in the Sequence Read Archive (SRA) database with runs accessions ERR598969, ERR599106, ERR599041, ERR599116, ERR599155, ERR599061, ERR599097, ERR599049, ERR599134, ERR598959, ERR598991, ERR594328, ERR598975, ERR599111","tag":"attribute"}],"organism":[{"text":"Magnetococcales bacterium","ontologyTerms":["http://purl.obolibrary.org/obo/NCBITaxon_2026759"]}],"sample type":[{"text":"metagenomic assembly","tag":"attribute"}],"title":[{"text":"2,631 Draft Metagenome-Assembled Genomes from the Global Oceans"}]},"submittedVia":"JSON_API","create":"2017-09-07T19:36:08.510Z","_links":{"self":{"href":"https://www.ebi.ac.uk/biosamples/samples/SAMN07619305"},"curationDomain":{"href":"https://www.ebi.ac.uk/biosamples/samples/SAMN07619305{?curationdomain}","templated":true},"curationLinks":{"href":"https://www.ebi.ac.uk/biosamples/samples/SAMN07619305/curationlinks"},"curationLink":{"href":"https://www.ebi.ac.uk/biosamples/samples/SAMN07619305/curationlinks/{hash}","templated":true},"structuredData":{"href":"https://www.ebi.ac.uk/biosamples/structureddata/SAMN07619305"}}}