{"name":"AWSJ","accession":"SAMN02436721","domain":"self.BiosampleImportNCBI","taxId":649747,"release":"2013-12-04T00:00:00Z","update":"2022-03-29T02:45:00.411Z","submitted":"2013-12-04T15:03:48.933Z","characteristics":{"External Id":[{"text":"SAMN02436721","tag":"Namespace:BioSample"}],"INSDC center name":[{"text":"NCBI"}],"INSDC first public":[{"text":"2013-12-04T00:00:00Z"}],"INSDC last update":[{"text":"2019-06-20T16:43:55.314Z"}],"INSDC status":[{"text":"live"}],"NCBI submission model":[{"text":"Generic"}],"NCBI submission package":[{"text":"Generic.1.0"}],"culture-collection":[{"text":"ATCC:12856","tag":"attribute"}],"host":[{"text":"Homo sapiens","ontologyTerms":["http://purl.obolibrary.org/obo/NCBITaxon_9606"],"tag":"attribute"}],"isolation-source":[{"text":"gastrointestinal tract","ontologyTerms":["http://purl.obolibrary.org/obo/HP_0011024"],"tag":"attribute"}],"organism":[{"text":"Aneurinibacillus aneurinilyticus ATCC 12856","ontologyTerms":["http://purl.obolibrary.org/obo/NCBITaxon_649747"]}],"strain":[{"text":"ATCC 12856","tag":"attribute"}],"title":[{"text":"Generic sample from Aneurinibacillus aneurinilyticus ATCC 12856"}],"type material":[{"text":"type strain of Aneurinibacillus aneurinilyticus","tag":"attribute"}]},"submittedVia":"JSON_API","create":"2013-12-04T15:03:48.933Z","_links":{"self":{"href":"https://www.ebi.ac.uk/biosamples/samples/SAMN02436721"},"curationDomain":{"href":"https://www.ebi.ac.uk/biosamples/samples/SAMN02436721{?curationdomain}","templated":true},"curationLinks":{"href":"https://www.ebi.ac.uk/biosamples/samples/SAMN02436721/curationlinks"},"curationLink":{"href":"https://www.ebi.ac.uk/biosamples/samples/SAMN02436721/curationlinks/{hash}","templated":true},"structuredData":{"href":"https://www.ebi.ac.uk/biosamples/structureddata/SAMN02436721"}}}