{"name":"Chloroflexi bacterium UBA2235","accession":"SAMN06453796","domain":"self.BiosampleImportNCBI","taxId":1947827,"release":"2017-02-27T00:00:00Z","update":"2022-03-30T01:30:10.619Z","submitted":"2017-02-27T11:11:52.266Z","characteristics":{"External Id":[{"text":"SAMN06453796","tag":"Namespace:BioSample"}],"INSDC center name":[{"text":"University of Queensland"}],"INSDC first public":[{"text":"2017-02-27T00:00:00Z"}],"INSDC secondary accession":[{"text":"SRS2033701"}],"INSDC status":[{"text":"live"}],"NCBI submission model":[{"text":"Microbe, viral or environmental"}],"SRA accession":[{"text":"SRS2033701"}],"assembly method":[{"text":"CLC de novo assembler","tag":"attribute"}],"assembly_method_version":[{"text":"4.4.1","tag":"attribute"}],"completeness_estimated":[{"text":"92.37%","tag":"attribute"}],"contamination_estimated":[{"text":"0.99%","tag":"attribute"}],"environmental sample":[{"text":"true","tag":"attribute"}],"genome coverage":[{"text":"30.33","tag":"attribute"}],"geo loc name":[{"text":"USA: Georgia","tag":"attribute"}],"isolate":[{"text":"UBA2235","tag":"attribute"}],"isolation-source":[{"text":"Lake Lanier","tag":"attribute"}],"mapping_method":[{"text":"BWA (BWA-MEM)","tag":"attribute"}],"mapping_method_version":[{"text":"0.7.12-r1039","tag":"attribute"}],"metagenome source":[{"text":"freshwater metagenome","tag":"attribute"}],"metagenomic":[{"text":"true","tag":"attribute"}],"organism":[{"text":"Chloroflexi bacterium UBA2235","ontologyTerms":["http://purl.obolibrary.org/obo/NCBITaxon_1947827"]}],"quality_assessment_method":[{"text":"CheckM","tag":"attribute"}],"quality_assessment_method_version":[{"text":"1.0.6","tag":"attribute"}],"sample type":[{"text":"metagenomic assembly","tag":"attribute"}],"subsrc_note":[{"text":"Genome binned from sequencing reads available in SRX331965 metagenome","tag":"attribute"}],"title":[{"text":"Uncultivated Chloroflexi bacterium UBA2235 genome recovered from SRX331965"}],"value":[{"text":"This BioSample is a metagenomic assembly obtained from the freshwater metagenome reads: SRR948334.","tag":"attribute"}]},"externalReferences":[{"url":"https://www.ebi.ac.uk/ena/data/view/SAMN06453796","duo":null}],"submittedVia":"JSON_API","create":"2017-02-27T11:11:52.266Z","_links":{"self":{"href":"https://www.ebi.ac.uk/biosamples/samples/SAMN06453796"},"curationDomain":{"href":"https://www.ebi.ac.uk/biosamples/samples/SAMN06453796{?curationdomain}","templated":true},"curationLinks":{"href":"https://www.ebi.ac.uk/biosamples/samples/SAMN06453796/curationlinks"},"curationLink":{"href":"https://www.ebi.ac.uk/biosamples/samples/SAMN06453796/curationlinks/{hash}","templated":true},"structuredData":{"href":"https://www.ebi.ac.uk/biosamples/structureddata/SAMN06453796"}}}