{"name":"CP002959","accession":"SAMN02232065","domain":"self.BiosampleImportNCBI","taxId":869212,"release":"2013-07-12T00:00:00Z","update":"2022-03-29T01:39:36.034Z","submitted":"2013-07-12T10:59:53.110Z","characteristics":{"External Id":[{"text":"SAMN02232065","tag":"Namespace:BioSample"}],"GOLD Stamp ID":[{"text":"Gi04612","tag":"attribute"}],"Gram Staining":[{"text":"Gram-","tag":"attribute"}],"INSDC center name":[{"text":"Joint Genome Institute"}],"INSDC first public":[{"text":"2013-07-12T00:00:00Z"}],"INSDC last update":[{"text":"2019-06-20T16:34:15.646Z"}],"INSDC secondary accession":[{"text":"SRS1566595"}],"INSDC status":[{"text":"live"}],"Isolation Comments":[{"text":"isolated by by K Hovind-Hougen","tag":"attribute"}],"NCBI submission model":[{"text":"MIGS.ba"}],"NCBI submission package":[{"text":"MIGS.ba.5.0"}],"SRA accession":[{"text":"SRS1566595"}],"Type Strain":[{"text":"Yes","tag":"attribute"}],"biome":[{"text":"not provided; submitted under MIGS 2.1","tag":"attribute"}],"biotic relationship":[{"text":"free living","tag":"attribute"}],"cell shape":[{"text":"Spiral-shaped","tag":"attribute"}],"collected-by":[{"text":"K. Hovind-Hougen","tag":"attribute"}],"collection date":[{"text":"1981","tag":"attribute"}],"culture-collection":[{"text":"DSM:21527","tag":"attribute"}],"description":[{"text":"Keywords: GSC:MIxS;MIGS:5.0"}],"feature":[{"text":"not provided; submitted under MIGS 2.1","tag":"attribute"}],"geo loc name":[{"text":"Canada","ontologyTerms":["http://www.orpha.net/ORDO/Orphanet_2930"],"tag":"attribute"}],"investigation type":[{"text":"bacteria_archaea","tag":"attribute"}],"isol_growth_condt":[{"text":"7197860","tag":"attribute"}],"isolation site":[{"text":"contaminated culture medium","tag":"attribute"}],"isolation-source":[{"text":"contaminated culture medium","tag":"attribute"}],"lat lon":[{"text":"50.452258 N 104.605694 W","tag":"attribute"}],"material":[{"text":"not provided; submitted under MIGS 2.1","tag":"attribute"}],"motility":[{"text":"Motile","tag":"attribute"}],"num_replicons":[{"text":"2","tag":"attribute"}],"organism":[{"text":"Turneriella parva DSM 21527","ontologyTerms":["http://purl.obolibrary.org/obo/NCBITaxon_869212"]}],"project name":[{"text":"Turneriella parva H, DSM 21527","tag":"attribute"}],"ref_biomaterial":[{"text":"DSM 21527, ATCC BAA-1111, NCTC 11395","tag":"attribute"}],"rel_to_oxygen":[{"text":"aerobe","ontologyTerms":["http://purl.obolibrary.org/obo/EO_0007024"],"tag":"attribute"}],"strain":[{"text":"DSM 21527","tag":"attribute"}],"temperature range":[{"text":"Mesophile","tag":"attribute"}],"title":[{"text":"MIGS Cultured Bacterial/Archaeal sample from Turneriella parva DSM 21527"}],"type material":[{"text":"type strain of Turneriella parva","tag":"attribute"}]},"externalReferences":[{"url":"https://www.ebi.ac.uk/ena/data/view/SAMN02232065","duo":null}],"submittedVia":"JSON_API","create":"2013-07-12T10:59:53.110Z","_links":{"self":{"href":"https://www.ebi.ac.uk/biosamples/samples/SAMN02232065"},"curationDomain":{"href":"https://www.ebi.ac.uk/biosamples/samples/SAMN02232065{?curationdomain}","templated":true},"curationLinks":{"href":"https://www.ebi.ac.uk/biosamples/samples/SAMN02232065/curationlinks"},"curationLink":{"href":"https://www.ebi.ac.uk/biosamples/samples/SAMN02232065/curationlinks/{hash}","templated":true},"structuredData":{"href":"https://www.ebi.ac.uk/biosamples/structureddata/SAMN02232065"}}}