{"name":"Gemmatimonadetes bacterium RS821","accession":"SAMN07619163","domain":"self.BiosampleImportNCBI","taxId":2026742,"release":"2017-09-07T00:00:00Z","update":"2022-03-30T07:44:49.995Z","submitted":"2017-09-07T19:36:06.166Z","characteristics":{"External Id":[{"text":"SAMN07619163","tag":"Namespace:BioSample"}],"INSDC center name":[{"text":"University of Southern California"}],"INSDC first public":[{"text":"2017-09-07T00:00:00Z"}],"INSDC last update":[{"text":"2018-10-30T14:46:21.257Z"}],"INSDC status":[{"text":"live"}],"NCBI submission model":[{"text":"Microbe, viral or environmental"}],"NCBI submission package":[{"text":"Microbe.1.0"}],"collected by":[{"text":"Tara Oceans Consortium","tag":"attribute"}],"collection date":[{"text":"2010","tag":"attribute"}],"depth":[{"text":"5-1000m","ontologyTerms":["http://www.ebi.ac.uk/efo/EFO_0006768"],"tag":"attribute"}],"env biome":[{"text":"marine pelagic biome","tag":"attribute"}],"environmental sample":[{"text":"1","tag":"attribute"}],"geo loc name":[{"text":"Saudi Arabia: Red Sea","tag":"attribute"}],"isolate":[{"text":"RS821","tag":"attribute"}],"isolation source":[{"text":"Red Sea","tag":"attribute"}],"metagenome source":[{"text":"marine metagenome","tag":"attribute"}],"metagenomic":[{"text":"1","tag":"attribute"}],"note":[{"text":"This BioSample is a metagenomic assembly obtained from the publically available reads for the TARA Oceans Project deposited in the Sequence Read Archive (SRA) database with runs accessions ERR598973, ERR599068, ERR599173, ERR594362, ERR598982, ERR599107, ERR594389, ERR598994, ERR599144, ERR594313, ERR594325, ERR594395, ERR594404, ERR598947, ERR599131, ERR594302, ERR599382, ERR599129, ERR599171, ERR599174, ERR594318, ERR594297, ERR594391, ERR599017, ERR599056, ERR599103, ERR594294, ERR594348, ERR599284, ERR599135, ERR599165, ERR594349, ERR594335, ERR594353, ERR599044, ERR599149, ERR594299, ERR594308, ERR594331, ERR594407, ERR598984, ERR599105, ERR594364, ERR599133, ERR599137, ERR594379, ERR599005, ERR599048, ERR594388, ERR594310, ERR594286, ERR594354, ERR599040, ERR599148, ERR594321, ERR594298, ERR594355, ERR599154, ERR594333, ERR599347, ERR599370, ERR594340, ERR594332, ERR594411, ERR599046, ERR599101, ERR594336, ERR594303, ERR599374, ERR599124, ERR599159, ERR594289, ERR599384, ERR594409","tag":"attribute"}],"organism":[{"text":"Gemmatimonadetes bacterium","ontologyTerms":["http://purl.obolibrary.org/obo/NCBITaxon_2026742"]}],"sample type":[{"text":"metagenomic assembly","tag":"attribute"}],"title":[{"text":"2,631 Draft Metagenome-Assembled Genomes from the Global Oceans"}]},"submittedVia":"JSON_API","create":"2017-09-07T19:36:06.166Z","_links":{"self":{"href":"https://www.ebi.ac.uk/biosamples/samples/SAMN07619163"},"curationDomain":{"href":"https://www.ebi.ac.uk/biosamples/samples/SAMN07619163{?curationdomain}","templated":true},"curationLinks":{"href":"https://www.ebi.ac.uk/biosamples/samples/SAMN07619163/curationlinks"},"curationLink":{"href":"https://www.ebi.ac.uk/biosamples/samples/SAMN07619163/curationlinks/{hash}","templated":true},"structuredData":{"href":"https://www.ebi.ac.uk/biosamples/structureddata/SAMN07619163"}}}