{"name":"RIFCSPLOWO2_02_FULL_Gammaproteobacteria_38_11_curated","accession":"SAMN04316000","domain":"self.BiosampleImportNCBI","taxId":1798293,"release":"2016-02-22T00:00:00Z","update":"2022-03-29T15:10:30.672Z","submitted":"2015-12-03T12:35:29Z","characteristics":{"External Id":[{"text":"SAMN04316000","tag":"Namespace:BioSample"}],"INSDC center name":[{"text":"Banfield Lab, University of California, Berkeley"}],"INSDC first public":[{"text":"2016-02-22T00:00:00Z"}],"INSDC last update":[{"text":"2021-02-28T03:01:14.855Z"}],"INSDC status":[{"text":"live"}],"NCBI submission model":[{"text":"Metagenome or environmental"}],"NCBI submission package":[{"text":"Metagenome.environmental.1.0"}],"collection date":[{"text":"2013-06-03","tag":"attribute"}],"environmental sample":[{"text":"true","tag":"attribute"}],"geo loc name":[{"text":"USA: Rifle, CO","tag":"attribute"}],"isolation source":[{"text":"Rifle well FP-101 under low O2 conditions; 0.2 micron filter; full assembly","tag":"attribute"}],"lat lon":[{"text":"39.5369 N 107.7828 W","tag":"attribute"}],"metagenome source":[{"text":"subsurface metagenome","tag":"attribute"}],"metagenomic":[{"text":"true","tag":"attribute"}],"note":[{"text":"This biosample is a genome obtained from the metagenome sample SAMN03842439","tag":"attribute"}],"organism":[{"text":"Gammaproteobacteria bacterium RIFCSPLOWO2_02_FULL_38_11","ontologyTerms":["http://purl.obolibrary.org/obo/NCBITaxon_1798293"]}],"title":[{"text":"Metagenome or environmental sample from Gammaproteobacteria bacterium RIFCSPLOWO2_02_FULL_38_11"}]},"submittedVia":"JSON_API","create":"2015-12-03T12:35:29Z","_links":{"self":{"href":"https://www.ebi.ac.uk/biosamples/samples/SAMN04316000"},"curationDomain":{"href":"https://www.ebi.ac.uk/biosamples/samples/SAMN04316000{?curationdomain}","templated":true},"curationLinks":{"href":"https://www.ebi.ac.uk/biosamples/samples/SAMN04316000/curationlinks"},"curationLink":{"href":"https://www.ebi.ac.uk/biosamples/samples/SAMN04316000/curationlinks/{hash}","templated":true},"structuredData":{"href":"https://www.ebi.ac.uk/biosamples/structureddata/SAMN04316000"}}}