{"name":"RifOxyA12_Lentisphaerae_64_32_updated","accession":"SAMN04316206","domain":"self.BiosampleImportNCBI","taxId":1798577,"release":"2016-02-22T00:00:00Z","update":"2022-03-29T15:10:35.044Z","submitted":"2015-12-03T12:35:36Z","characteristics":{"External Id":[{"text":"SAMN04316206","tag":"Namespace:BioSample"}],"INSDC center name":[{"text":"Banfield Lab, University of California, Berkeley"}],"INSDC first public":[{"text":"2016-02-22T00:00:00Z"}],"INSDC last update":[{"text":"2021-02-28T03:01:20.669Z"}],"INSDC status":[{"text":"live"}],"NCBI submission model":[{"text":"Metagenome or environmental"}],"NCBI submission package":[{"text":"Metagenome.environmental.1.0"}],"collection date":[{"text":"2012-08-02","tag":"attribute"}],"environmental sample":[{"text":"true","tag":"attribute"}],"geo loc name":[{"text":"USA: Rifle, CO","tag":"attribute"}],"isolation source":[{"text":"Rifle well CD01 at 16ft depth; 1.2 micron filter at time point A","tag":"attribute"}],"lat lon":[{"text":"39.5369 N 107.7828 W","tag":"attribute"}],"metagenome source":[{"text":"subsurface metagenome","tag":"attribute"}],"metagenomic":[{"text":"true","tag":"attribute"}],"note":[{"text":"This biosample is a genome obtained from the metagenome sample","tag":"attribute"}],"organism":[{"text":"Lentisphaerae bacterium RIFOXYA12_64_32","ontologyTerms":["http://purl.obolibrary.org/obo/NCBITaxon_1798577"]}],"title":[{"text":"Metagenome or environmental sample from Lentisphaerae bacterium RIFOXYA12_64_32"}]},"submittedVia":"JSON_API","create":"2015-12-03T12:35:36Z","_links":{"self":{"href":"https://www.ebi.ac.uk/biosamples/samples/SAMN04316206"},"curationDomain":{"href":"https://www.ebi.ac.uk/biosamples/samples/SAMN04316206{?curationdomain}","templated":true},"curationLinks":{"href":"https://www.ebi.ac.uk/biosamples/samples/SAMN04316206/curationlinks"},"curationLink":{"href":"https://www.ebi.ac.uk/biosamples/samples/SAMN04316206/curationlinks/{hash}","templated":true},"structuredData":{"href":"https://www.ebi.ac.uk/biosamples/structureddata/SAMN04316206"}}}