{"name":"ALVN","accession":"SAMN02256520","domain":"self.BiosampleImportNCBI","taxId":102129,"release":"2013-07-17T10:59:07.237Z","update":"2022-03-29T01:49:09.242Z","submitted":"2013-07-17T10:56:21.060Z","characteristics":{"External Id":[{"text":"SAMN02256520","tag":"Namespace:BioSample"}],"GOLD Stamp ID":[{"text":"Gi04313","tag":"attribute"}],"Gram Staining":[{"text":"Gram-","tag":"attribute"}],"INSDC center name":[{"text":"Joint Genome Institute"}],"INSDC first public":[{"text":"2013-07-17T10:59:07.237Z"}],"INSDC last update":[{"text":"2016-07-16T01:12:14.823Z"}],"INSDC secondary accession":[{"text":"SRS1566544"}],"INSDC status":[{"text":"live"}],"NCBI submission model":[{"text":"MIGS.ba"}],"NCBI submission package":[{"text":"MIGS.ba.5.0"}],"SRA accession":[{"text":"SRS1566544"}],"biome":[{"text":"not provided; submitted under MIGS 2.1","tag":"attribute"}],"biotic relationship":[{"text":"free living","tag":"attribute"}],"collection date":[{"text":"1952","tag":"attribute"}],"description":[{"text":"Keywords: GSC:MIxS;MIGS:5.0"}],"feature":[{"text":"not provided; submitted under MIGS 2.1","tag":"attribute"}],"geo loc name":[{"text":"USA","tag":"attribute"}],"investigation type":[{"text":"bacteria_archaea","tag":"attribute"}],"isolation source":[{"text":"Plankton, Woods Hole region, Massachusetts, U.S.A.","tag":"attribute"}],"lat lon":[{"text":"41.526 N 70.673 W","tag":"attribute"}],"material":[{"text":"not provided; submitted under MIGS 2.1","tag":"attribute"}],"motility":[{"text":"Nonmotile","tag":"attribute"}],"organism":[{"text":"Leptolyngbya sp. PCC 7375","ontologyTerms":["http://purl.obolibrary.org/obo/NCBITaxon_102129"]}],"project name":[{"text":"Leptolyngbya sp. PCC 7375","tag":"attribute"}],"ref_biomaterial":[{"text":"PCC 7375, ATCC 29409","tag":"attribute"}],"rel_to_oxygen":[{"text":"aerobe","ontologyTerms":["http://purl.obolibrary.org/obo/EO_0007024"],"tag":"attribute"}],"strain":[{"text":"PCC 7375","ontologyTerms":["http://purl.obolibrary.org/obo/NCBITaxon_1148"],"tag":"attribute"}],"temperature range":[{"text":"Mesophile","tag":"attribute"}],"title":[{"text":"MIGS Cultured Bacterial/Archaeal sample from Leptolyngbya sp. PCC 7375"}],"trophic_level":[{"text":"autotroph","tag":"attribute"}]},"externalReferences":[{"url":"https://www.ebi.ac.uk/ena/data/view/SAMN02256520","duo":null}],"submittedVia":"JSON_API","create":"2013-07-17T10:56:21.060Z","_links":{"self":{"href":"https://www.ebi.ac.uk/biosamples/samples/SAMN02256520"},"curationDomain":{"href":"https://www.ebi.ac.uk/biosamples/samples/SAMN02256520{?curationdomain}","templated":true},"curationLinks":{"href":"https://www.ebi.ac.uk/biosamples/samples/SAMN02256520/curationlinks"},"curationLink":{"href":"https://www.ebi.ac.uk/biosamples/samples/SAMN02256520/curationlinks/{hash}","templated":true},"structuredData":{"href":"https://www.ebi.ac.uk/biosamples/structureddata/SAMN02256520"}}}