{"name":"CP001279","accession":"SAMN02603431","domain":"self.BiosampleImportNCBI","taxId":598659,"release":"2014-01-30T00:00:00Z","update":"2022-03-29T03:41:49.650Z","submitted":"2014-01-30T14:21:29.460Z","characteristics":{"External Id":[{"text":"SAMN02603431","tag":"Namespace:BioSample"}],"INSDC center name":[{"text":"NCBI"}],"INSDC first public":[{"text":"2014-01-30T00:00:00Z"}],"INSDC last update":[{"text":"2019-06-20T16:49:32.111Z"}],"INSDC status":[{"text":"live"}],"NCBI submission model":[{"text":"Generic"}],"NCBI submission package":[{"text":"Generic.1.0"}],"organism":[{"text":"Nautilia profundicola AmH","ontologyTerms":["http://purl.obolibrary.org/obo/NCBITaxon_598659"]}],"strain":[{"text":"AmH","ontologyTerms":["http://www.ebi.ac.uk/efo/EFO_0007937"],"tag":"attribute"}],"title":[{"text":"Sample from Nautilia profundicola AmH"}],"type material":[{"text":"type strain of Nautilia profundicola","tag":"attribute"}]},"submittedVia":"JSON_API","create":"2014-01-30T14:21:29.460Z","_links":{"self":{"href":"https://www.ebi.ac.uk/biosamples/samples/SAMN02603431"},"curationDomain":{"href":"https://www.ebi.ac.uk/biosamples/samples/SAMN02603431{?curationdomain}","templated":true},"curationLinks":{"href":"https://www.ebi.ac.uk/biosamples/samples/SAMN02603431/curationlinks"},"curationLink":{"href":"https://www.ebi.ac.uk/biosamples/samples/SAMN02603431/curationlinks/{hash}","templated":true},"structuredData":{"href":"https://www.ebi.ac.uk/biosamples/structureddata/SAMN02603431"}}}