{"name":"Coxiellaceae bacterium UBA6002","accession":"SAMN06450859","domain":"self.BiosampleImportNCBI","taxId":1951632,"release":"2017-02-27T00:00:00Z","update":"2022-03-30T01:29:02.880Z","submitted":"2017-02-27T11:04:03.230Z","characteristics":{"External Id":[{"text":"SAMN06450859","tag":"Namespace:BioSample"}],"INSDC center name":[{"text":"University of Queensland"}],"INSDC first public":[{"text":"2017-02-27T00:00:00Z"}],"INSDC last update":[{"text":"2017-08-15T13:14:29.103Z"}],"INSDC secondary accession":[{"text":"SRS2030430"}],"INSDC status":[{"text":"live"}],"NCBI submission model":[{"text":"Microbe, viral or environmental"}],"NCBI submission package":[{"text":"Microbe.1.0"}],"SRA accession":[{"text":"SRS2030430"}],"assembly method":[{"text":"CLC de novo assembler","tag":"attribute"}],"assembly_method_version":[{"text":"4.4.1","tag":"attribute"}],"completeness_estimated":[{"text":"89.44%","tag":"attribute"}],"contamination_estimated":[{"text":"3.63%","tag":"attribute"}],"description":[{"text":"Uncultivated genome recovered from an assembly of the ERX200729 metagenome."}],"environmental sample":[{"text":"true","tag":"attribute"}],"genome coverage":[{"text":"20.86","tag":"attribute"}],"isolate":[{"text":"UBA6002","tag":"attribute"}],"isolation-source":[{"text":"T2 tailings","tag":"attribute"}],"mapping_method":[{"text":"BWA (BWA-MEM)","tag":"attribute"}],"mapping_method_version":[{"text":"0.7.12-r1039","tag":"attribute"}],"metagenome source":[{"text":"metagenome","tag":"attribute"}],"metagenomic":[{"text":"true","tag":"attribute"}],"organism":[{"text":"Coxiellaceae bacterium UBA6002","ontologyTerms":["http://purl.obolibrary.org/obo/NCBITaxon_1951632"]}],"quality_assessment_method":[{"text":"CheckM","tag":"attribute"}],"quality_assessment_method_version":[{"text":"1.0.6","tag":"attribute"}],"sample type":[{"text":"metagenomic assembly","tag":"attribute"}],"subsrc_note":[{"text":"Genome binned from sequencing reads available in ERX200729 metagenome","tag":"attribute"}],"title":[{"text":"Uncultivated Coxiellaceae bacterium UBA6002 genome recovered from ERX200729"}],"value":[{"text":"This BioSample is a metagenomic assembly obtained from the metagenome reads: ERR226070.","tag":"attribute"}]},"externalReferences":[{"url":"https://www.ebi.ac.uk/ena/data/view/SAMN06450859","duo":null}],"submittedVia":"JSON_API","create":"2017-02-27T11:04:03.230Z","_links":{"self":{"href":"https://www.ebi.ac.uk/biosamples/samples/SAMN06450859"},"curationDomain":{"href":"https://www.ebi.ac.uk/biosamples/samples/SAMN06450859{?curationdomain}","templated":true},"curationLinks":{"href":"https://www.ebi.ac.uk/biosamples/samples/SAMN06450859/curationlinks"},"curationLink":{"href":"https://www.ebi.ac.uk/biosamples/samples/SAMN06450859/curationlinks/{hash}","templated":true},"structuredData":{"href":"https://www.ebi.ac.uk/biosamples/structureddata/SAMN06450859"}}}