{"name":"Odinarchaeote LCB_4","accession":"SAMN04924820","domain":"self.BiosampleImportNCBI","taxId":1841599,"release":"2017-01-12T00:00:00Z","update":"2022-07-22T18:25:23.202Z","submitted":"2016-05-01T18:32:04Z","characteristics":{"External Id":[{"text":"SAMN04924820","tag":"Namespace:BioSample"}],"INSDC center name":[{"text":"Uppsala University"}],"INSDC first public":[{"text":"2017-01-12T00:00:00Z"}],"INSDC last update":[{"text":"2022-07-18T21:05:40.375Z"}],"INSDC status":[{"text":"live"}],"NCBI submission model":[{"text":"Microbe, viral or environmental"}],"NCBI submission package":[{"text":"Microbe.1.0"}],"collection date":[{"text":"2014","tag":"attribute"}],"description":[{"text":"Odinarchaeote LCB_4 was binned from Lower Culex Basin metagenome with ESOM binning and reads mapping to contigs in this bin were reassembled using SPAdes."}],"environmental sample":[{"text":"TRUE","tag":"attribute"}],"geo loc name":[{"text":"USA: Yellowstone National Park, Wyoming, lower Culex Basin hot spring","tag":"attribute"}],"isolate":[{"text":"LCB_4","tag":"attribute"}],"isolation source":[{"text":"lower Culex Basin hot spring","tag":"attribute"}],"lat lon":[{"text":"44 N 110 W","tag":"attribute"}],"metagenome source":[{"text":"hot springs metagenome","tag":"attribute"}],"metagenomic":[{"text":"TRUE","tag":"attribute"}],"note":[{"text":"This biosample is a metagenomic assembly obtained from the hot springs metagenome BioSample: SAMN04386028","tag":"attribute"}],"organism":[{"text":"Candidatus Odinarchaeum yellowstonii","ontologyTerms":["http://purl.obolibrary.org/obo/NCBITaxon_1841599"]}],"sample type":[{"text":"metagenomic assembly","tag":"attribute"}],"title":[{"text":"Metagenomic bin for Odinarchaeote LCB_4 from hot springs metagenome SAMN04386028"}]},"submittedVia":"JSON_API","create":"2016-05-01T18:32:04Z","_links":{"self":{"href":"https://www.ebi.ac.uk/biosamples/samples/SAMN04924820"},"curationDomain":{"href":"https://www.ebi.ac.uk/biosamples/samples/SAMN04924820{?curationdomain}","templated":true},"curationLinks":{"href":"https://www.ebi.ac.uk/biosamples/samples/SAMN04924820/curationlinks"},"curationLink":{"href":"https://www.ebi.ac.uk/biosamples/samples/SAMN04924820/curationlinks/{hash}","templated":true},"structuredData":{"href":"https://www.ebi.ac.uk/biosamples/structureddata/SAMN04924820"}}}