{"name":"73.20110800_S3D.66","accession":"SAMN08179223","domain":"self.BiosampleImportNCBI","taxId":1909295,"release":"2018-05-19T00:00:00Z","update":"2022-03-30T11:39:12.966Z","submitted":"2017-12-14T19:09:13.763Z","characteristics":{"External Id":[{"text":"SAMN08179223","tag":"Namespace:BioSample"}],"INSDC center name":[{"text":"The University of Queensland"}],"INSDC first public":[{"text":"2018-05-19T00:00:00Z"}],"INSDC last update":[{"text":"2021-02-28T05:12:49.795Z"}],"INSDC status":[{"text":"live"}],"NCBI submission model":[{"text":"Microbe, viral or environmental"}],"NCBI submission package":[{"text":"Microbe.1.0"}],"altitude":[{"text":"363 m","tag":"attribute"}],"collection date":[{"text":"2011-08-16","tag":"attribute"}],"depth":[{"text":"0.23-0.26","tag":"attribute"}],"environmental sample":[{"text":"1","tag":"attribute"}],"geo loc name":[{"text":"Sweden: Stordalen Mire","tag":"attribute"}],"isolate":[{"text":"bog_583","tag":"attribute"}],"isolation source":[{"text":"permafrost active layer soil","tag":"attribute"}],"lat lon":[{"text":"68.3533 N 19.0475 E","tag":"attribute"}],"metagenome source":[{"text":"peat metagenome","tag":"attribute"}],"metagenomic":[{"text":"1","tag":"attribute"}],"name":[{"text":"note","tag":"attribute"}],"organism":[{"text":"Solirubrobacterales bacterium","ontologyTerms":["http://purl.obolibrary.org/obo/NCBITaxon_1909295"]}],"sample type":[{"text":"metagenomic assembly","tag":"attribute"}],"title":[{"text":"MAG Actinobacteria_bog_583 from metagenome 20110800_S3D"}],"value":[{"text":"This BioSample is a metagenomic assembly obtained from the 20110800_S3D metagenome BioSample: SAMN07124947.","tag":"attribute"}]},"submittedVia":"JSON_API","create":"2017-12-14T19:09:13.763Z","_links":{"self":{"href":"https://www.ebi.ac.uk/biosamples/samples/SAMN08179223"},"curationDomain":{"href":"https://www.ebi.ac.uk/biosamples/samples/SAMN08179223{?curationdomain}","templated":true},"curationLinks":{"href":"https://www.ebi.ac.uk/biosamples/samples/SAMN08179223/curationlinks"},"curationLink":{"href":"https://www.ebi.ac.uk/biosamples/samples/SAMN08179223/curationlinks/{hash}","templated":true},"structuredData":{"href":"https://www.ebi.ac.uk/biosamples/structureddata/SAMN08179223"}}}