{"name":"Proteobacteria bacterium UBA2770","accession":"SAMN06451502","domain":"self.BiosampleImportNCBI","taxId":1948155,"release":"2017-02-27T00:00:00Z","update":"2022-03-30T01:29:14.993Z","submitted":"2017-02-27T11:07:41.600Z","characteristics":{"External Id":[{"text":"SAMN06451502","tag":"Namespace:BioSample"}],"INSDC center name":[{"text":"University of Queensland"}],"INSDC first public":[{"text":"2017-02-27T00:00:00Z"}],"INSDC secondary accession":[{"text":"SRS2034345"}],"INSDC status":[{"text":"live"}],"NCBI submission model":[{"text":"Microbe, viral or environmental"}],"SRA accession":[{"text":"SRS2034345"}],"assembly method":[{"text":"CLC de novo assembler","tag":"attribute"}],"assembly_method_version":[{"text":"4.4.1","tag":"attribute"}],"completeness_estimated":[{"text":"88.22%","tag":"attribute"}],"contamination_estimated":[{"text":"1.06%","ontologyTerms":["http://purl.obolibrary.org/obo/PO_0007123"],"tag":"attribute"}],"environmental sample":[{"text":"true","tag":"attribute"}],"genome coverage":[{"text":"73.31","tag":"attribute"}],"geo loc name":[{"text":"USA: Coal Oil Point, Santa Barbara, California","tag":"attribute"}],"isolate":[{"text":"UBA2770","tag":"attribute"}],"isolation-source":[{"text":"Oil polluted marine water","tag":"attribute"}],"mapping_method":[{"text":"BWA (BWA-MEM)","tag":"attribute"}],"mapping_method_version":[{"text":"0.7.12-r1039","tag":"attribute"}],"metagenome source":[{"text":"marine metagenome","tag":"attribute"}],"metagenomic":[{"text":"true","tag":"attribute"}],"organism":[{"text":"Proteobacteria bacterium UBA2770","ontologyTerms":["http://purl.obolibrary.org/obo/NCBITaxon_1948155"]}],"quality_assessment_method":[{"text":"CheckM","tag":"attribute"}],"quality_assessment_method_version":[{"text":"1.0.6","tag":"attribute"}],"sample type":[{"text":"metagenomic assembly","tag":"attribute"}],"subsrc_note":[{"text":"Genome binned from sequencing reads available in SRX560108 metagenome","tag":"attribute"}],"title":[{"text":"Uncultivated Proteobacteria bacterium UBA2770 genome recovered from SRX560108"}],"value":[{"text":"This BioSample is a metagenomic assembly obtained from the marine metagenome reads: SRR1313734.","tag":"attribute"}]},"externalReferences":[{"url":"https://www.ebi.ac.uk/ena/data/view/SAMN06451502","duo":null}],"submittedVia":"JSON_API","create":"2017-02-27T11:07:41.600Z","_links":{"self":{"href":"https://www.ebi.ac.uk/biosamples/samples/SAMN06451502"},"curationDomain":{"href":"https://www.ebi.ac.uk/biosamples/samples/SAMN06451502{?curationdomain}","templated":true},"curationLinks":{"href":"https://www.ebi.ac.uk/biosamples/samples/SAMN06451502/curationlinks"},"curationLink":{"href":"https://www.ebi.ac.uk/biosamples/samples/SAMN06451502/curationlinks/{hash}","templated":true},"structuredData":{"href":"https://www.ebi.ac.uk/biosamples/structureddata/SAMN06451502"}}}