{"name":"Uncultivated bacterium bin12","accession":"SAMN09209444","domain":"self.BiosampleImportNCBI","taxId":2052315,"release":"2018-05-15T00:00:00Z","update":"2022-03-30T18:31:12.489Z","submitted":"2018-05-15T04:36:05.573Z","characteristics":{"External Id":[{"text":"SAMN09209444","tag":"Namespace:BioSample"}],"INSDC center name":[{"text":"nstitute of Tibetan Plateau Research, Chinese Academy of Sciences"}],"INSDC first public":[{"text":"2018-05-15T00:00:00Z"}],"INSDC last update":[{"text":"2019-07-31T21:04:10.476Z"}],"INSDC status":[{"text":"live"}],"NCBI submission model":[{"text":"Microbe, viral or environmental"}],"NCBI submission package":[{"text":"Microbe.1.0"}],"collection date":[{"text":"2005-12-13","tag":"attribute"}],"description":[{"text":"Recovered from metagenome"}],"environmental sample":[{"text":"TRUE","tag":"attribute"}],"geo loc name":[{"text":"Antarctica:Robinson Ridge","tag":"attribute"}],"isolate":[{"text":"RRmetagenome_bin12","tag":"attribute"}],"isolation source":[{"text":"pooled data from three different soil samples","tag":"attribute"}],"lat lon":[{"text":"66.3695 S 110.5856 E","tag":"attribute"}],"metagenome source":[{"text":"soil metagenome","ontologyTerms":["http://purl.obolibrary.org/obo/NCBITaxon_410658"],"tag":"attribute"}],"metagenomic":[{"text":"TRUE","tag":"attribute"}],"note":[{"text":"This BioSample is a metagenomic assembly obtained from the soil metagenome BioSample: SAMN06286369, SAMN06286541, SAMN06286542.","tag":"attribute"}],"organism":[{"text":"Candidatus Dormibacteraeota bacterium","ontologyTerms":["http://purl.obolibrary.org/obo/NCBITaxon_2052315"]}],"sample type":[{"text":"metagenomic assembly","tag":"attribute"}],"title":[{"text":"Microbe sample from Candidatus Dormibacteraeota bacterium"}]},"submittedVia":"JSON_API","create":"2018-05-15T04:36:05.573Z","_links":{"self":{"href":"https://www.ebi.ac.uk/biosamples/samples/SAMN09209444"},"curationDomain":{"href":"https://www.ebi.ac.uk/biosamples/samples/SAMN09209444{?curationdomain}","templated":true},"curationLinks":{"href":"https://www.ebi.ac.uk/biosamples/samples/SAMN09209444/curationlinks"},"curationLink":{"href":"https://www.ebi.ac.uk/biosamples/samples/SAMN09209444/curationlinks/{hash}","templated":true},"structuredData":{"href":"https://www.ebi.ac.uk/biosamples/structureddata/SAMN09209444"}}}