{"name":"BRH_c20a","accession":"SAMN03400150","domain":"self.BiosampleImportNCBI","taxId":1629719,"release":"2015-03-13T00:00:00Z","update":"2022-03-29T08:33:43.456Z","submitted":"2015-03-11T12:35:40.306Z","characteristics":{"External Id":[{"text":"SAMN03400150","tag":"Namespace:BioSample"}],"INSDC center name":[{"text":"EPFL"}],"INSDC first public":[{"text":"2015-03-13T00:00:00Z"}],"INSDC last update":[{"text":"2021-09-26T02:17:58.823Z"}],"INSDC status":[{"text":"live"}],"NCBI submission model":[{"text":"MIMS.me"},{"text":"MIGS/MIMS/MIMARKS.water"}],"NCBI submission package":[{"text":"MIMS.me.water.5.0"}],"collection date":[{"text":"2013","tag":"attribute"}],"depth":[{"text":"226 m","tag":"attribute"}],"description":[{"text":"This biosample is a metagenomic assembly obtained from the rock porewater metagenome sample SAMN03397408."}],"env biome":[{"text":"terrestrial","tag":"attribute"}],"env feature":[{"text":"Opalinus Clay rock","tag":"attribute"}],"env_material":[{"text":"porewater","tag":"attribute"}],"environmental sample":[{"text":"TRUE","tag":"attribute"}],"geo loc name":[{"text":"Switzerland: Mt Terri URL, St-Ursanne","tag":"attribute"}],"isolate":[{"text":"BRH_c20a","tag":"attribute"}],"isolation source":[{"text":"Opalinus Clay rock porewater BRC-3 borehole","tag":"attribute"}],"lat lon":[{"text":"47.37892341 N 7.16496703 E","tag":"attribute"}],"metagenome source":[{"text":"rock porewater metagenome","tag":"attribute"}],"metagenomic":[{"text":"TRUE","tag":"attribute"}],"organism":[{"text":"Clostridiaceae bacterium BRH_c20a","ontologyTerms":["http://purl.obolibrary.org/obo/NCBITaxon_1629719"]}],"title":[{"text":"MIMS Environmental/Metagenome sample from Clostridiaceae bacterium BRH_c20a"}]},"submittedVia":"JSON_API","create":"2015-03-11T12:35:40.306Z","_links":{"self":{"href":"https://www.ebi.ac.uk/biosamples/samples/SAMN03400150"},"curationDomain":{"href":"https://www.ebi.ac.uk/biosamples/samples/SAMN03400150{?curationdomain}","templated":true},"curationLinks":{"href":"https://www.ebi.ac.uk/biosamples/samples/SAMN03400150/curationlinks"},"curationLink":{"href":"https://www.ebi.ac.uk/biosamples/samples/SAMN03400150/curationlinks/{hash}","templated":true},"structuredData":{"href":"https://www.ebi.ac.uk/biosamples/structureddata/SAMN03400150"}}}