{"name":"Upland Soil Cluster gammaproteobacteria from mineral cryosols","accession":"SAMN06219543","domain":"self.BiosampleImportNCBI","taxId":1934255,"release":"2017-01-12T00:00:00Z","update":"2022-03-29T23:59:09.134Z","submitted":"2017-01-11T23:30:05.156Z","characteristics":{"External Id":[{"text":"SAMN06219543","tag":"Namespace:BioSample"}],"INSDC center name":[{"text":"Princeton University"}],"INSDC first public":[{"text":"2017-01-12T00:00:00Z"}],"INSDC last update":[{"text":"2021-02-28T03:57:16.535Z"}],"INSDC status":[{"text":"live"}],"NCBI submission model":[{"text":"MIGS.ba"},{"text":"MIGS/MIMS/MIMARKS.soil"}],"NCBI submission package":[{"text":"MIGS.ba.soil.5.0"}],"collection date":[{"text":"2015-01","tag":"attribute"}],"depth":[{"text":"2-7 cm","ontologyTerms":["http://purl.obolibrary.org/obo/UO_0000015"],"tag":"attribute"}],"description":[{"text":"Near-surface active layer (mineral) soil samples from the polygonal terrain."}],"elev":[{"text":"912 +/- 44 m.a.s.l.","tag":"attribute"}],"env biome":[{"text":"Upland soil","tag":"attribute"}],"env feature":[{"text":"Upland","tag":"attribute"}],"env_material":[{"text":"soil","tag":"attribute"}],"environmental sample":[{"text":"TRUE","tag":"attribute"}],"geo loc name":[{"text":"Antarctica: Taylor Dry Valley","tag":"attribute"}],"isolate":[{"text":"USCg_Taylor","tag":"attribute"}],"isolation source":[{"text":"Near-surface active layer soil samples from the polygonal terrain","tag":"attribute"}],"lat lon":[{"text":"79.65 S 163.1 E","tag":"attribute"}],"metagenome source":[{"text":"soil metagenome","ontologyTerms":["http://purl.obolibrary.org/obo/NCBITaxon_410658"],"tag":"attribute"}],"metagenomic":[{"text":"TRUE","tag":"attribute"}],"note":[{"text":"This biosample is a metagenomic assembly obtained from the soil metagenome BioSample: SAMN06251166.","tag":"attribute"}],"organism":[{"text":"Chromatiales bacterium USCg_Taylor","ontologyTerms":["http://purl.obolibrary.org/obo/NCBITaxon_1934255"]}],"sample-type":[{"text":"metagenomic assembly","tag":"attribute"}],"title":[{"text":"USC gamma draft genome from environmental/metagenome sample from Taylor Dry Valley, Antarctica"}]},"submittedVia":"JSON_API","create":"2017-01-11T23:30:05.156Z","_links":{"self":{"href":"https://www.ebi.ac.uk/biosamples/samples/SAMN06219543"},"curationDomain":{"href":"https://www.ebi.ac.uk/biosamples/samples/SAMN06219543{?curationdomain}","templated":true},"curationLinks":{"href":"https://www.ebi.ac.uk/biosamples/samples/SAMN06219543/curationlinks"},"curationLink":{"href":"https://www.ebi.ac.uk/biosamples/samples/SAMN06219543/curationlinks/{hash}","templated":true},"structuredData":{"href":"https://www.ebi.ac.uk/biosamples/structureddata/SAMN06219543"}}}