{"name":"Genome for DOLZORAL124_Proteobacteria_67_5.8","accession":"SAMN07757605","domain":"self.BiosampleImportNCBI","taxId":1977087,"release":"2017-10-06T00:00:00Z","update":"2022-03-30T08:42:45.822Z","submitted":"2017-10-06T15:28:09.486Z","characteristics":{"External Id":[{"text":"SAMN07757605","tag":"Namespace:BioSample"}],"INSDC center name":[{"text":"Stanford University"}],"INSDC first public":[{"text":"2017-10-06T00:00:00Z"}],"INSDC last update":[{"text":"2021-05-06T16:57:52.864Z"}],"INSDC status":[{"text":"live"}],"NCBI submission model":[{"text":"MIGS.ba"},{"text":"MIGS/MIMS/MIMARKS.host-associated"}],"NCBI submission package":[{"text":"MIGS.ba.host-associated.5.0"}],"collection date":[{"text":"2010-02-10","tag":"attribute"}],"description":[{"text":"Keywords: GSC:MIxS;MIGS:5.0"}],"env biome":[{"text":"Marine environment","tag":"attribute"}],"env feature":[{"text":"Marine mammal","tag":"attribute"}],"env_material":[{"text":"Swab sample of the gingival sulcus","tag":"attribute"}],"environmental sample":[{"text":"TRUE","tag":"attribute"}],"geo loc name":[{"text":"USA: San Diego Bay, CA","tag":"attribute"}],"host":[{"text":"Tursiops truncatus","tag":"attribute"}],"host age":[{"text":"29 years","ontologyTerms":["http://purl.obolibrary.org/obo/UO_0000036"],"tag":"attribute"}],"host body habitat":[{"text":"Gingival sulcus (mouth)","tag":"attribute"}],"host sex":[{"text":"female","ontologyTerms":["http://purl.obolibrary.org/obo/PATO_0000383"],"tag":"attribute"}],"host subject id":[{"text":"DolZOral124","tag":"attribute"}],"host taxid":[{"text":"9739","tag":"attribute"}],"isolate":[{"text":"DOLZORAL124_67_5.8","tag":"attribute"}],"isolation source":[{"text":"swab sample of gingival sulcus (mouth) from 29 year old lactating female Dolphin_Z","tag":"attribute"}],"lat lon":[{"text":"32.6717 N 117.1441 W","tag":"attribute"}],"metagenome source":[{"text":"oral metagenome","tag":"attribute"}],"metagenomic":[{"text":"TRUE","tag":"attribute"}],"misc_param":[{"text":"Lactating","ontologyTerms":["http://opendata.inra.fr/ATOL/ATOL_0001682"],"tag":"attribute"}],"note":[{"text":"This BioSample is a metagenomic assembly obtained from the oral metagenome BioSample: SAMN01162508.","tag":"attribute"}],"organism":[{"text":"Proteobacteria bacterium","ontologyTerms":["http://purl.obolibrary.org/obo/NCBITaxon_1977087"]}],"sample-type":[{"text":"metagenomic assembly","tag":"attribute"}],"title":[{"text":"Uncultured bacteria isolated from gingival sulcus of 29 year old lactating female Dolphin_Z"}]},"submittedVia":"JSON_API","create":"2017-10-06T15:28:09.486Z","_links":{"self":{"href":"https://www.ebi.ac.uk/biosamples/samples/SAMN07757605"},"curationDomain":{"href":"https://www.ebi.ac.uk/biosamples/samples/SAMN07757605{?curationdomain}","templated":true},"curationLinks":{"href":"https://www.ebi.ac.uk/biosamples/samples/SAMN07757605/curationlinks"},"curationLink":{"href":"https://www.ebi.ac.uk/biosamples/samples/SAMN07757605/curationlinks/{hash}","templated":true},"structuredData":{"href":"https://www.ebi.ac.uk/biosamples/structureddata/SAMN07757605"}}}