{"name":"BACL4 MAG-120820-bin23","accession":"SAMN03741964","domain":"self.BiosampleImportNCBI","taxId":1655579,"release":"2015-11-08T00:00:00Z","update":"2022-03-29T11:16:11.102Z","submitted":"2015-05-28T09:58:39Z","characteristics":{"External Id":[{"text":"SAMN03741964","tag":"Namespace:BioSample"}],"INSDC center name":[{"text":"Kungliga Tekniska Hogskolan, Science for Life Laboratory"}],"INSDC first public":[{"text":"2015-11-08T00:00:00Z"}],"INSDC last update":[{"text":"2021-02-28T02:44:25.557Z"}],"INSDC status":[{"text":"live"}],"NCBI submission model":[{"text":"Microbe, viral or environmental"}],"NCBI submission package":[{"text":"Microbe.1.0"}],"collection date":[{"text":"2012-08-20","tag":"attribute"}],"depth":[{"text":"2","tag":"attribute"}],"description":[{"text":"Genome assembled from metagenome sample SAMN03351395"}],"env biome":[{"text":"Brackish water","tag":"attribute"}],"environmental sample":[{"text":"TRUE","tag":"attribute"}],"geo loc name":[{"text":"Baltic Sea","tag":"attribute"}],"isolate":[{"text":"BACL4 MAG-120820-bin23","tag":"attribute"}],"isolation source":[{"text":"surface water","tag":"attribute"}],"isolation-source":[{"text":"brackish water collected from the surface of the Baltic Sea","tag":"attribute"}],"lat lon":[{"text":"56.930850 N 17.060667 E","tag":"attribute"}],"metagenome source":[{"text":"marine metagenome","tag":"attribute"}],"metagenomic":[{"text":"TRUE","tag":"attribute"}],"organism":[{"text":"Actinobacteria bacterium BACL4 MAG-120820-bin23","ontologyTerms":["http://purl.obolibrary.org/obo/NCBITaxon_1655579"]}],"salinity (psu)":[{"text":"6.2","tag":"attribute"}],"sample type":[{"text":"Metagenomic Assembly","tag":"attribute"}],"temp":[{"text":"18.4","tag":"attribute"}],"title":[{"text":"Microbe sample from Actinobacteria bacterium BACL4 MAG-120820-bin23"}]},"submittedVia":"JSON_API","create":"2015-05-28T09:58:39Z","_links":{"self":{"href":"https://www.ebi.ac.uk/biosamples/samples/SAMN03741964"},"curationDomain":{"href":"https://www.ebi.ac.uk/biosamples/samples/SAMN03741964{?curationdomain}","templated":true},"curationLinks":{"href":"https://www.ebi.ac.uk/biosamples/samples/SAMN03741964/curationlinks"},"curationLink":{"href":"https://www.ebi.ac.uk/biosamples/samples/SAMN03741964/curationlinks/{hash}","templated":true},"structuredData":{"href":"https://www.ebi.ac.uk/biosamples/structureddata/SAMN03741964"}}}