{"name":"M1-NSP1_genomebin","accession":"SAMN05908746","domain":"self.BiosampleImportNCBI","taxId":1917472,"release":"2016-12-29T00:00:00Z","update":"2022-03-29T21:59:10.125Z","submitted":"2016-10-14T11:54:03.983Z","characteristics":{"External Id":[{"text":"SAMN05908746","tag":"Namespace:BioSample"}],"INSDC center name":[{"text":"The Ohio State University"}],"INSDC first public":[{"text":"2016-12-29T00:00:00Z"}],"INSDC last update":[{"text":"2021-02-28T03:44:51.453Z"}],"INSDC status":[{"text":"live"}],"NCBI submission model":[{"text":"Microbe, viral or environmental"}],"NCBI submission package":[{"text":"Microbe.1.0"}],"collection date":[{"text":"2014-11","tag":"attribute"}],"derived-from":[{"text":"This biosample is a metagenomic assembly obtained from the plant surface metagenome BioSample: SAMN05892929","tag":"attribute"}],"environmental sample":[{"text":"TRUE","tag":"attribute"}],"geo loc name":[{"text":"USA:Ohio","tag":"attribute"}],"isolate":[{"text":"NSP1","tag":"attribute"}],"isolate_name_alias":[{"text":"Methanosaeta-1, November 2014 surface plant core 1","tag":"attribute"}],"isolation source":[{"text":"plant surface","tag":"attribute"}],"metagenome source":[{"text":"wetland metagenome","tag":"attribute"}],"metagenomic":[{"text":"TRUE","tag":"attribute"}],"organism":[{"text":"Methanosaeta sp. NSP1","ontologyTerms":["http://purl.obolibrary.org/obo/NCBITaxon_1917472"]}],"sample type":[{"text":"metagenomic assembly","tag":"attribute"}],"title":[{"text":"Microbe sample from Methanosaeta sp. NSP1"}]},"submittedVia":"JSON_API","create":"2016-10-14T11:54:03.983Z","_links":{"self":{"href":"https://www.ebi.ac.uk/biosamples/samples/SAMN05908746"},"curationDomain":{"href":"https://www.ebi.ac.uk/biosamples/samples/SAMN05908746{?curationdomain}","templated":true},"curationLinks":{"href":"https://www.ebi.ac.uk/biosamples/samples/SAMN05908746/curationlinks"},"curationLink":{"href":"https://www.ebi.ac.uk/biosamples/samples/SAMN05908746/curationlinks/{hash}","templated":true},"structuredData":{"href":"https://www.ebi.ac.uk/biosamples/structureddata/SAMN05908746"}}}