{"name":"UBA11222","accession":"SAMN08017829","domain":"self.BiosampleImportNCBI","taxId":1913988,"release":"2017-11-13T00:00:00Z","update":"2022-03-30T10:41:33.765Z","submitted":"2017-11-13T20:19:14.430Z","characteristics":{"External Id":[{"text":"SAMN08017829","tag":"Namespace:BioSample"}],"INSDC center name":[{"text":"University of Queensland"}],"INSDC first public":[{"text":"2017-11-13T00:00:00Z"}],"INSDC secondary accession":[{"text":"SRS2846926"}],"INSDC status":[{"text":"live"}],"NCBI submission model":[{"text":"Microbe, viral or environmental"}],"SRA accession":[{"text":"SRS2846926"}],"assembly method":[{"text":"CLC de novo assembler","tag":"attribute"}],"assembly_method_version":[{"text":"4.4.1","tag":"attribute"}],"completeness_estimated":[{"text":"72.20%","tag":"attribute"}],"contamination_estimated":[{"text":"1.52%","tag":"attribute"}],"environmental sample":[{"text":"true","tag":"attribute"}],"genome coverage":[{"text":"4.33x","tag":"attribute"}],"isolate":[{"text":"UBA11222","tag":"attribute"}],"isolation source":[{"text":"beach sand","tag":"attribute"}],"mapping_method":[{"text":"BWA (BWA-MEM)","tag":"attribute"}],"mapping_method_version":[{"text":"0.7.12-r1039","tag":"attribute"}],"metagenome source":[{"text":"beach sand metagenome","tag":"attribute"}],"metagenomic":[{"text":"true","tag":"attribute"}],"note":[{"text":"beach sand metagenome","tag":"attribute"}],"organism":[{"text":"Alphaproteobacteria bacterium","ontologyTerms":["http://purl.obolibrary.org/obo/NCBITaxon_1913988"]}],"quality_assessment_method":[{"text":"CheckM","tag":"attribute"}],"quality_assessment_method_version":[{"text":"1.0.6","tag":"attribute"}],"sample type":[{"text":"metagenomic assembly","tag":"attribute"}],"title":[{"text":"Uncultivated Alphaproteobacteria bacterium UBA11222 genome recovered from SRX696248"}],"value":[{"text":"This BioSample is a metagenomic assembly obtained from the beach sand metagenome reads: SRR1570769.","tag":"attribute"}]},"externalReferences":[{"url":"https://www.ebi.ac.uk/ena/data/view/SAMN08017829","duo":null}],"submittedVia":"JSON_API","create":"2017-11-13T20:19:14.430Z","_links":{"self":{"href":"https://www.ebi.ac.uk/biosamples/samples/SAMN08017829"},"curationDomain":{"href":"https://www.ebi.ac.uk/biosamples/samples/SAMN08017829{?curationdomain}","templated":true},"curationLinks":{"href":"https://www.ebi.ac.uk/biosamples/samples/SAMN08017829/curationlinks"},"curationLink":{"href":"https://www.ebi.ac.uk/biosamples/samples/SAMN08017829/curationlinks/{hash}","templated":true},"structuredData":{"href":"https://www.ebi.ac.uk/biosamples/structureddata/SAMN08017829"}}}