{"name":"SAMN05443529","accession":"SAMN05443529","domain":"self.BiosampleImportNCBI","taxId":1121419,"release":"2016-07-26T00:00:00Z","update":"2022-03-29T19:45:35.551Z","submitted":"2016-07-26T21:08:38.083Z","characteristics":{"External Id":[{"text":"SAMN05443529","tag":"Namespace:BioSample"},{"text":"Gp0131647","tag":"Namespace:DOE Joint Genome Institute"}],"INSDC center name":[{"text":"DOE Joint Genome Institute"}],"INSDC first public":[{"text":"2016-07-26T00:00:00Z"}],"INSDC last update":[{"text":"2019-06-20T17:39:56.807Z"}],"INSDC secondary accession":[{"text":"SRS1686189"}],"INSDC status":[{"text":"live"}],"NCBI submission model":[{"text":"MIGS.ba"}],"NCBI submission package":[{"text":"MIGS.ba.5.0"}],"SRA accession":[{"text":"SRS1686189"}],"description":[{"text":"Keywords: GSC:MIxS;MIGS:5.0"}],"geo loc name":[{"text":"Russia:Kolyma Lowland, Siberia","tag":"attribute"}],"organism":[{"text":"Desulfosporosinus hippei DSM 8344","ontologyTerms":["http://purl.obolibrary.org/obo/NCBITaxon_1121419"]}],"strain":[{"text":"DSM 8344","tag":"attribute"}],"title":[{"text":"Desulfosporosinus hippei DSM 8344"}],"type material":[{"text":"type strain of Desulfosporosinus hippei","tag":"attribute"}]},"externalReferences":[{"url":"https://www.ebi.ac.uk/ena/data/view/SAMN05443529","duo":null}],"submittedVia":"JSON_API","create":"2016-07-26T21:08:38.083Z","_links":{"self":{"href":"https://www.ebi.ac.uk/biosamples/samples/SAMN05443529"},"curationDomain":{"href":"https://www.ebi.ac.uk/biosamples/samples/SAMN05443529{?curationdomain}","templated":true},"curationLinks":{"href":"https://www.ebi.ac.uk/biosamples/samples/SAMN05443529/curationlinks"},"curationLink":{"href":"https://www.ebi.ac.uk/biosamples/samples/SAMN05443529/curationlinks/{hash}","templated":true},"structuredData":{"href":"https://www.ebi.ac.uk/biosamples/structureddata/SAMN05443529"}}}