{"name":"RBG_16_Euryarchaeota_67_27_curated","accession":"SAMN04316255","domain":"self.BiosampleImportNCBI","taxId":1797980,"release":"2016-02-22T00:00:00Z","update":"2022-03-29T15:10:35.994Z","submitted":"2015-12-03T12:35:38Z","characteristics":{"External Id":[{"text":"SAMN04316255","tag":"Namespace:BioSample"}],"INSDC center name":[{"text":"Banfield Lab, University of California, Berkeley"}],"INSDC first public":[{"text":"2016-02-22T00:00:00Z"}],"INSDC last update":[{"text":"2021-02-28T03:01:21.954Z"}],"INSDC status":[{"text":"live"}],"NCBI submission model":[{"text":"Metagenome or environmental"}],"NCBI submission package":[{"text":"Metagenome.environmental.1.0"}],"collection date":[{"text":"2007-07-07","tag":"attribute"}],"environmental sample":[{"text":"true","tag":"attribute"}],"geo loc name":[{"text":"USA: Rifle, CO","tag":"attribute"}],"isolation source":[{"text":"Rifle background sediment; well D04 at 16ft depth","tag":"attribute"}],"lat lon":[{"text":"39.5369 N 107.7828 W","tag":"attribute"}],"metagenome source":[{"text":"subsurface metagenome","tag":"attribute"}],"metagenomic":[{"text":"true","tag":"attribute"}],"note":[{"text":"This biosample is a genome obtained from the metagenome sample SAMN03842428","tag":"attribute"}],"organism":[{"text":"Euryarchaeota archaeon RBG_16_67_27","ontologyTerms":["http://purl.obolibrary.org/obo/NCBITaxon_1797980"]}],"title":[{"text":"Metagenome or environmental sample from Euryarchaeota archaeon RBG_16_67_27"}]},"submittedVia":"JSON_API","create":"2015-12-03T12:35:38Z","_links":{"self":{"href":"https://www.ebi.ac.uk/biosamples/samples/SAMN04316255"},"curationDomain":{"href":"https://www.ebi.ac.uk/biosamples/samples/SAMN04316255{?curationdomain}","templated":true},"curationLinks":{"href":"https://www.ebi.ac.uk/biosamples/samples/SAMN04316255/curationlinks"},"curationLink":{"href":"https://www.ebi.ac.uk/biosamples/samples/SAMN04316255/curationlinks/{hash}","templated":true},"structuredData":{"href":"https://www.ebi.ac.uk/biosamples/structureddata/SAMN04316255"}}}