{"name":"ASPF","accession":"SAMN02440925","domain":"self.BiosampleImportNCBI","taxId":1130285,"release":"2013-12-11T13:16:48.310Z","update":"2022-03-29T02:46:16.330Z","submitted":"2013-12-11T13:14:00.323Z","characteristics":{"External Id":[{"text":"SAMN02440925","tag":"Namespace:BioSample"}],"INSDC center name":[{"text":"NCBI"}],"INSDC first public":[{"text":"2013-12-11T13:16:48.310Z"}],"INSDC last update":[{"text":"2015-05-18T13:00:30.317Z"}],"INSDC status":[{"text":"live"}],"NCBI submission model":[{"text":"Generic"}],"NCBI submission package":[{"text":"Generic.1.0"}],"note":[{"text":"single cell isolate","tag":"attribute"}],"organism":[{"text":"Aigarchaeota archaeon JGI 0000106-J15","ontologyTerms":["http://purl.obolibrary.org/obo/NCBITaxon_1130285"]}],"project name":[{"text":"candidate division pSL4 archaeon JGI 0000106-J15","tag":"attribute"}],"strain":[{"text":"JGI 0000106-J15","tag":"attribute"}],"title":[{"text":"Generic sample from Aigarchaeota archaeon JGI 0000106-J15"}]},"submittedVia":"JSON_API","create":"2013-12-11T13:14:00.323Z","_links":{"self":{"href":"https://www.ebi.ac.uk/biosamples/samples/SAMN02440925"},"curationDomain":{"href":"https://www.ebi.ac.uk/biosamples/samples/SAMN02440925{?curationdomain}","templated":true},"curationLinks":{"href":"https://www.ebi.ac.uk/biosamples/samples/SAMN02440925/curationlinks"},"curationLink":{"href":"https://www.ebi.ac.uk/biosamples/samples/SAMN02440925/curationlinks/{hash}","templated":true},"structuredData":{"href":"https://www.ebi.ac.uk/biosamples/structureddata/SAMN02440925"}}}