{"name":"Hydrogenibacillus schlegelii","accession":"SAMN03272447","domain":"self.BiosampleImportNCBI","taxId":1484,"release":"2015-03-01T00:00:00Z","update":"2022-03-29T07:54:55.383Z","submitted":"2014-12-22T15:41:18.596Z","characteristics":{"External Id":[{"text":"SAMN03272447","tag":"Namespace:BioSample"}],"INSDC center name":[{"text":"California Institute of Technology"}],"INSDC first public":[{"text":"2015-03-01T00:00:00Z"}],"INSDC last update":[{"text":"2019-06-20T17:10:31.320Z"}],"INSDC status":[{"text":"live"}],"NCBI submission model":[{"text":"Microbe, viral or environmental"}],"NCBI submission package":[{"text":"Microbe.1.0"}],"collection date":[{"text":"1978","tag":"attribute"}],"culture collection":[{"text":"DSM:2000","tag":"attribute"}],"geo loc name":[{"text":"Switzerland: Neufchatel","tag":"attribute"}],"isolation source":[{"text":"eutrophic lake Le Loclat","tag":"attribute"}],"organism":[{"text":"Hydrogenibacillus schlegelii","ontologyTerms":["http://purl.obolibrary.org/obo/NCBITaxon_1484"]}],"sample type":[{"text":"Isolate","tag":"attribute"}],"strain":[{"text":"MA 48","tag":"attribute"}],"title":[{"text":"Microbe sample from Hydrogenibacillus schlegelii"}],"type material":[{"text":"type strain of Hydrogenibacillus schlegelii","tag":"attribute"}]},"submittedVia":"JSON_API","create":"2014-12-22T15:41:18.596Z","_links":{"self":{"href":"https://www.ebi.ac.uk/biosamples/samples/SAMN03272447"},"curationDomain":{"href":"https://www.ebi.ac.uk/biosamples/samples/SAMN03272447{?curationdomain}","templated":true},"curationLinks":{"href":"https://www.ebi.ac.uk/biosamples/samples/SAMN03272447/curationlinks"},"curationLink":{"href":"https://www.ebi.ac.uk/biosamples/samples/SAMN03272447/curationlinks/{hash}","templated":true},"structuredData":{"href":"https://www.ebi.ac.uk/biosamples/structureddata/SAMN03272447"}}}