{"name":"Peptococcaceae bacterium UBA4997","accession":"SAMN06455634","domain":"self.BiosampleImportNCBI","taxId":1952710,"release":"2017-02-27T00:00:00Z","update":"2022-03-30T01:30:58.295Z","submitted":"2017-02-27T11:15:52.826Z","characteristics":{"External Id":[{"text":"SAMN06455634","tag":"Namespace:BioSample"}],"INSDC center name":[{"text":"University of Queensland"}],"INSDC first public":[{"text":"2017-02-27T00:00:00Z"}],"INSDC secondary accession":[{"text":"SRS2035892"}],"INSDC status":[{"text":"live"}],"NCBI submission model":[{"text":"Microbe, viral or environmental"}],"SRA accession":[{"text":"SRS2035892"}],"assembly method":[{"text":"CLC de novo assembler","tag":"attribute"}],"assembly_method_version":[{"text":"4.4.1","tag":"attribute"}],"completeness_estimated":[{"text":"78.52%","tag":"attribute"}],"contamination_estimated":[{"text":"0.77%","tag":"attribute"}],"environmental sample":[{"text":"true","tag":"attribute"}],"genome coverage":[{"text":"11.88","tag":"attribute"}],"geo loc name":[{"text":"China: Luzhou","tag":"attribute"}],"isolate":[{"text":"UBA4997","tag":"attribute"}],"isolation-source":[{"text":"mud","tag":"attribute"}],"mapping_method":[{"text":"BWA (BWA-MEM)","tag":"attribute"}],"mapping_method_version":[{"text":"0.7.12-r1039","tag":"attribute"}],"metagenome source":[{"text":"fermentation metagenome","tag":"attribute"}],"metagenomic":[{"text":"true","tag":"attribute"}],"organism":[{"text":"Peptococcaceae bacterium UBA4997","ontologyTerms":["http://purl.obolibrary.org/obo/NCBITaxon_1952710"]}],"quality_assessment_method":[{"text":"CheckM","tag":"attribute"}],"quality_assessment_method_version":[{"text":"1.0.6","tag":"attribute"}],"sample type":[{"text":"metagenomic assembly","tag":"attribute"}],"subsrc_note":[{"text":"Genome binned from sequencing reads available in SRX691278 metagenome","tag":"attribute"}],"title":[{"text":"Uncultivated Peptococcaceae bacterium UBA4997 genome recovered from SRX691278"}],"value":[{"text":"This BioSample is a metagenomic assembly obtained from the fermentation metagenome reads: SRR1562003.","tag":"attribute"}]},"externalReferences":[{"url":"https://www.ebi.ac.uk/ena/data/view/SAMN06455634","duo":null}],"submittedVia":"JSON_API","create":"2017-02-27T11:15:52.826Z","_links":{"self":{"href":"https://www.ebi.ac.uk/biosamples/samples/SAMN06455634"},"curationDomain":{"href":"https://www.ebi.ac.uk/biosamples/samples/SAMN06455634{?curationdomain}","templated":true},"curationLinks":{"href":"https://www.ebi.ac.uk/biosamples/samples/SAMN06455634/curationlinks"},"curationLink":{"href":"https://www.ebi.ac.uk/biosamples/samples/SAMN06455634/curationlinks/{hash}","templated":true},"structuredData":{"href":"https://www.ebi.ac.uk/biosamples/structureddata/SAMN06455634"}}}