{"name":"Turicibacter Sample","accession":"SAMN00007491","domain":"self.BiosampleImportNCBI","taxId":702450,"release":"2010-01-14T14:03:08.380Z","update":"2022-03-28T12:04:36.687Z","submitted":"2010-01-14T14:03:03.520Z","characteristics":{"External Id":[{"text":"SAMN00007491","tag":"Namespace:BioSample"}],"INSDC center name":[{"text":"J. Craig Venter Institute"}],"INSDC first public":[{"text":"2010-01-14T14:03:08.380Z"}],"INSDC last update":[{"text":"2015-02-20T16:37:54.430Z"}],"INSDC secondary accession":[{"text":"SRS009832"}],"INSDC status":[{"text":"live"}],"NCBI submission model":[{"text":"MIGS.ba"}],"NCBI submission package":[{"text":"MIGS.ba.5.0"}],"SRA accession":[{"text":"SRS009832"}],"assembly":[{"text":"Newbler Assembler v. 2.3","tag":"attribute"}],"biome":[{"text":"terrestrial biome [ENVO:00000446]","tag":"attribute"}],"collection date":[{"text":"not determined","tag":"attribute"}],"description":[{"text":"Partial genome sequencing of Australian HMP08 using 454 technology"}],"estimated size":[{"text":"2953000","tag":"attribute"}],"feature":[{"text":"human-associated habitat [ENVO:00009003]","tag":"attribute"}],"finishing strategy (depth of coverage)":[{"text":"Level 2: High-Quality Draft70.6x;125","tag":"attribute"}],"geo loc name":[{"text":"not determined","tag":"attribute"}],"host taxid":[{"text":"9606","tag":"attribute"}],"isol_growth_condt":[{"text":"not determined","tag":"attribute"}],"lat lon":[{"text":"not determined","tag":"attribute"}],"material":[{"text":"biological product [ENVO:02000043]","tag":"attribute"}],"misc_param: HMP body site":[{"text":"not determined","tag":"attribute"}],"misc_param: HMP supersite":[{"text":"gastrointestinal_tract","tag":"attribute"}],"nucleic acid extraction":[{"text":"not determined","tag":"attribute"}],"num_replicons":[{"text":"not determined","tag":"attribute"}],"organism":[{"text":"Turicibacter sanguinis PC909","ontologyTerms":["http://purl.obolibrary.org/obo/NCBITaxon_702450"]}],"project name":[{"text":"Turicibacter sanguinis PC909","tag":"attribute"}],"project_type":[{"text":"Reference Genome","tag":"attribute"}],"ref_biomaterial":[{"text":"not determined","tag":"attribute"}],"sequencing method":[{"text":"454","tag":"attribute"}],"sop":[{"text":"http://hmpdacc.org/doc/CommonGeneAnnotation_SOP.pdf","tag":"attribute"}],"source_mat_id":[{"text":"not determined","tag":"attribute"}],"specific host":[{"text":"Homo sapiens","ontologyTerms":["http://purl.obolibrary.org/obo/NCBITaxon_9606"],"tag":"attribute"}],"strain":[{"text":"PC909","tag":"attribute"}],"title":[{"text":"MIGS Cultured Bacterial/Archaeal sample from Turicibacter sanguinis PC909"}]},"externalReferences":[{"url":"https://www.ebi.ac.uk/ena/data/view/SAMN00007491","duo":null}],"submittedVia":"JSON_API","create":"2010-01-14T14:03:03.520Z","_links":{"self":{"href":"https://www.ebi.ac.uk/biosamples/samples/SAMN00007491"},"curationDomain":{"href":"https://www.ebi.ac.uk/biosamples/samples/SAMN00007491{?curationdomain}","templated":true},"curationLinks":{"href":"https://www.ebi.ac.uk/biosamples/samples/SAMN00007491/curationlinks"},"curationLink":{"href":"https://www.ebi.ac.uk/biosamples/samples/SAMN00007491/curationlinks/{hash}","templated":true},"structuredData":{"href":"https://www.ebi.ac.uk/biosamples/structureddata/SAMN00007491"}}}