{"name":"UTPRO1","accession":"SAMN06342773","domain":"self.BiosampleImportNCBI","taxId":1961108,"release":"2017-02-21T00:00:00Z","update":"2022-03-30T00:51:09.037Z","submitted":"2017-02-16T14:55:07.113Z","characteristics":{"External Id":[{"text":"SAMN06342773","tag":"Namespace:BioSample"}],"INSDC center name":[{"text":"University of Wisconsin - Madison"}],"INSDC first public":[{"text":"2017-02-21T00:00:00Z"}],"INSDC last update":[{"text":"2021-02-28T04:03:03.851Z"}],"INSDC status":[{"text":"live"}],"NCBI submission model":[{"text":"MIGS.ba"},{"text":"MIGS/MIMS/MIMARKS.wastewater"}],"NCBI submission package":[{"text":"MIGS.ba.wastewater.5.0"}],"collection date":[{"text":"2015-09-09","tag":"attribute"}],"description":[{"text":"Keywords: GSC:MIxS;MIGS:5.0"}],"env biome":[{"text":"lab-scale wastewater treatment bioreactor","tag":"attribute"}],"env feature":[{"text":"bioreactor","tag":"attribute"}],"env_material":[{"text":"wastewater","tag":"attribute"}],"environmental sample":[{"text":"TRUE","tag":"attribute"}],"geo loc name":[{"text":"USA: Salt Lake City","tag":"attribute"}],"isolate":[{"text":"UTPRO1","tag":"attribute"}],"isolation source":[{"text":"anaerobic digester filtrate obtained from the belt filter press of the CVWRF wastewater treatment plant","tag":"attribute"}],"lat lon":[{"text":"40.7649 N 111.842 W","tag":"attribute"}],"metagenome source":[{"text":"bioreactor sludge metagenome","tag":"attribute"}],"metagenomic":[{"text":"TRUE","tag":"attribute"}],"note":[{"text":"This BioSample is a metagenomic assembly obtained from the bioreactor sludge metagenome BioSample: SAMN05785373 and SAMN05785375.","tag":"attribute"}],"organism":[{"text":"Polyangiaceae bacterium UTPRO1","ontologyTerms":["http://purl.obolibrary.org/obo/NCBITaxon_1961108"]}],"reactor_type":[{"text":"5L sequencing batch reactor","tag":"attribute"}],"sample type":[{"text":"metagenomic assembly","tag":"attribute"}],"sewage_type":[{"text":"municipal","tag":"attribute"}],"title":[{"text":"MIGS Cultured Bacterial/Archaeal sample from Polyangiaceae bacterium UTPRO1"}],"wastewater_type":[{"text":"anaerobic digester filtrate","tag":"attribute"}]},"submittedVia":"JSON_API","create":"2017-02-16T14:55:07.113Z","_links":{"self":{"href":"https://www.ebi.ac.uk/biosamples/samples/SAMN06342773"},"curationDomain":{"href":"https://www.ebi.ac.uk/biosamples/samples/SAMN06342773{?curationdomain}","templated":true},"curationLinks":{"href":"https://www.ebi.ac.uk/biosamples/samples/SAMN06342773/curationlinks"},"curationLink":{"href":"https://www.ebi.ac.uk/biosamples/samples/SAMN06342773/curationlinks/{hash}","templated":true},"structuredData":{"href":"https://www.ebi.ac.uk/biosamples/structureddata/SAMN06342773"}}}