{"name":"Mageeibacillus sp. UBA1257","accession":"SAMN06456139","domain":"self.BiosampleImportNCBI","taxId":1946783,"release":"2017-02-27T00:00:00Z","update":"2022-03-30T01:31:11.621Z","submitted":"2017-02-27T11:16:17.186Z","characteristics":{"External Id":[{"text":"SAMN06456139","tag":"Namespace:BioSample"}],"INSDC center name":[{"text":"University of Queensland"}],"INSDC first public":[{"text":"2017-02-27T00:00:00Z"}],"INSDC secondary accession":[{"text":"SRS2031950"}],"INSDC status":[{"text":"live"}],"NCBI submission model":[{"text":"Microbe, viral or environmental"}],"SRA accession":[{"text":"SRS2031950"}],"assembly method":[{"text":"CLC de novo assembler","tag":"attribute"}],"assembly_method_version":[{"text":"4.4.1","tag":"attribute"}],"completeness_estimated":[{"text":"75.10%","tag":"attribute"}],"contamination_estimated":[{"text":"0.70%","tag":"attribute"}],"environmental sample":[{"text":"true","tag":"attribute"}],"genome coverage":[{"text":"16.6","tag":"attribute"}],"isolate":[{"text":"UBA1257","tag":"attribute"}],"isolation-source":[{"text":"Switch grass fiber attached community in cow rumen, 72 hour post incubation","tag":"attribute"}],"mapping_method":[{"text":"BWA (BWA-MEM)","tag":"attribute"}],"mapping_method_version":[{"text":"0.7.12-r1039","tag":"attribute"}],"metagenome source":[{"text":"bovine gut metagenome","tag":"attribute"}],"metagenomic":[{"text":"true","tag":"attribute"}],"quality_assessment_method":[{"text":"CheckM","tag":"attribute"}],"quality_assessment_method_version":[{"text":"1.0.6","tag":"attribute"}],"sample type":[{"text":"metagenomic assembly","tag":"attribute"}],"subsrc_note":[{"text":"Genome binned from sequencing reads available in SRX035182 metagenome","tag":"attribute"}],"title":[{"text":"Uncultivated Mageeibacillus sp. UBA1257 genome recovered from SRX035182"}],"value":[{"text":"This BioSample is a metagenomic assembly obtained from the bovine gut metagenome reads: SRR094926,SRR094429,SRR094437.","tag":"attribute"}]},"externalReferences":[{"url":"https://www.ebi.ac.uk/ena/data/view/SAMN06456139","duo":null}],"submittedVia":"JSON_API","create":"2017-02-27T11:16:17.186Z","_links":{"self":{"href":"https://www.ebi.ac.uk/biosamples/samples/SAMN06456139"},"curationDomain":{"href":"https://www.ebi.ac.uk/biosamples/samples/SAMN06456139{?curationdomain}","templated":true},"curationLinks":{"href":"https://www.ebi.ac.uk/biosamples/samples/SAMN06456139/curationlinks"},"curationLink":{"href":"https://www.ebi.ac.uk/biosamples/samples/SAMN06456139/curationlinks/{hash}","templated":true},"structuredData":{"href":"https://www.ebi.ac.uk/biosamples/structureddata/SAMN06456139"}}}