{"name":"PRA9","accession":"SAMN02996431","domain":"self.BiosampleImportNCBI","taxId":244582,"release":"2014-09-25T06:52:09.110Z","update":"2022-03-29T06:20:50.134Z","submitted":"2014-08-17T15:15:33.710Z","characteristics":{"External Id":[{"text":"SAMN02996431","tag":"Namespace:BioSample"}],"INSDC center name":[{"text":"University of Virginia"}],"INSDC first public":[{"text":"2014-09-25T06:52:09.110Z"}],"INSDC last update":[{"text":"2014-09-25T06:52:09.110Z"}],"INSDC status":[{"text":"live"}],"NCBI submission model":[{"text":"MIGS.ba"},{"text":"MIGS/MIMS/MIMARKS.host-associated"}],"NCBI submission package":[{"text":"MIGS.ba.host-associated.5.0"}],"collection date":[{"text":"2010-06-30","tag":"attribute"}],"description":[{"text":"Keywords: GSC:MIxS;MIGS:5.0"}],"host":[{"text":"Acanthamoeba sp. UWET39","tag":"attribute"}],"organism":[{"text":"Candidatus Paracaedibacter symbiosus","ontologyTerms":["http://purl.obolibrary.org/obo/NCBITaxon_244582"]}],"strain":[{"text":"PRA9","tag":"attribute"}],"title":[{"text":"MIGS Cultured Bacterial/Archaeal sample from Candidatus Paracaedibacter symbiosus"}]},"submittedVia":"JSON_API","create":"2014-08-17T15:15:33.710Z","_links":{"self":{"href":"https://www.ebi.ac.uk/biosamples/samples/SAMN02996431"},"curationDomain":{"href":"https://www.ebi.ac.uk/biosamples/samples/SAMN02996431{?curationdomain}","templated":true},"curationLinks":{"href":"https://www.ebi.ac.uk/biosamples/samples/SAMN02996431/curationlinks"},"curationLink":{"href":"https://www.ebi.ac.uk/biosamples/samples/SAMN02996431/curationlinks/{hash}","templated":true},"structuredData":{"href":"https://www.ebi.ac.uk/biosamples/structureddata/SAMN02996431"}}}