{"name":"rifle_stimulation_kh","accession":"SAMN00998488","domain":"self.BiosampleImportNCBI","taxId":749907,"release":"2012-07-16T00:00:00Z","update":"2022-03-28T18:17:39.129Z","submitted":"2012-05-24T19:05:02.753Z","characteristics":{"External Id":[{"text":"SAMN00998488","tag":"Namespace:BioSample"}],"INSDC center name":[{"text":"University of California, Berkeley"}],"INSDC first public":[{"text":"2012-07-16T00:00:00Z"}],"INSDC last update":[{"text":"2018-05-30T13:32:07.221Z"}],"INSDC secondary accession":[{"text":"SRS335217"}],"INSDC status":[{"text":"live"}],"NCBI submission model":[{"text":"Metagenome or environmental"}],"NCBI submission package":[{"text":"Metagenome.environmental.1.0"}],"SRA accession":[{"text":"SRS335217"}],"collection date":[{"text":"Aug-2009","tag":"attribute"}],"description":[{"text":"sediment metagenome"}],"geo loc name":[{"text":"USA: Rifle, Colorado","tag":"attribute"}],"isolation-source":[{"text":"subsurface aquifer sediment","tag":"attribute"}],"lat lon":[{"text":"39.529053 N 107.772406 W","tag":"attribute"}],"organism":[{"text":"sediment metagenome","ontologyTerms":["http://purl.obolibrary.org/obo/NCBITaxon_749907"]}],"title":[{"text":"flow-through sediment column"}]},"externalReferences":[{"url":"https://www.ebi.ac.uk/ena/data/view/SAMN00998488","duo":null}],"submittedVia":"JSON_API","create":"2012-05-24T19:05:02.753Z","_links":{"self":{"href":"https://www.ebi.ac.uk/biosamples/samples/SAMN00998488"},"curationDomain":{"href":"https://www.ebi.ac.uk/biosamples/samples/SAMN00998488{?curationdomain}","templated":true},"curationLinks":{"href":"https://www.ebi.ac.uk/biosamples/samples/SAMN00998488/curationlinks"},"curationLink":{"href":"https://www.ebi.ac.uk/biosamples/samples/SAMN00998488/curationlinks/{hash}","templated":true},"structuredData":{"href":"https://www.ebi.ac.uk/biosamples/structureddata/SAMN00998488"}}}