{"name":"AOM enrichment G60 ANME-1","accession":"SAMN08434988","domain":"self.BiosampleImportNCBI","taxId":2056316,"release":"2018-02-05T00:00:00Z","update":"2022-03-30T12:58:35.756Z","submitted":"2018-01-29T20:49:05.983Z","characteristics":{"External Id":[{"text":"SAMN08434988","tag":"Namespace:BioSample"}],"INSDC center name":[{"text":"Max Planck Institute for Marine Microbiolgy"}],"INSDC first public":[{"text":"2018-02-05T00:00:00Z"}],"INSDC last update":[{"text":"2021-02-28T05:27:06.868Z"}],"INSDC status":[{"text":"live"}],"NCBI submission model":[{"text":"Microbe, viral or environmental"}],"collected by":[{"text":"Gunter Wegener","tag":"attribute"}],"collection date":[{"text":"2009-12","tag":"attribute"}],"depth":[{"text":"1999","tag":"attribute"}],"env biome":[{"text":"ENVO:00000447","tag":"attribute"}],"environmental sample":[{"text":"TRUE","tag":"attribute"}],"geo loc name":[{"text":"Mexico: Guaymas Basin, Gulf of California","tag":"attribute"}],"isolate":[{"text":"G60ANME1","tag":"attribute"}],"isolation source":[{"text":"hydrothermal sediments","tag":"attribute"}],"lat lon":[{"text":"27.100437 N 111.124548 W","tag":"attribute"}],"metagenome source":[{"text":"hydrothermal vent metagenome","tag":"attribute"}],"metagenomic":[{"text":"TRUE","tag":"attribute"}],"note":[{"text":"This BioSample is a metagenomic assembly obtained from the AOM enrichment G60 CH4 BioSample: SAMN08452099.","tag":"attribute"}],"organism":[{"text":"Methanophagales archaeon","ontologyTerms":["http://purl.obolibrary.org/obo/NCBITaxon_2056316"]}],"sample type":[{"text":"metagenomic assembly","tag":"attribute"}],"temp":[{"text":"60 degC","tag":"attribute"}],"title":[{"text":"Microbe sample from Methanophagales archaeon"}]},"submittedVia":"JSON_API","create":"2018-01-29T20:49:05.983Z","_links":{"self":{"href":"https://www.ebi.ac.uk/biosamples/samples/SAMN08434988"},"curationDomain":{"href":"https://www.ebi.ac.uk/biosamples/samples/SAMN08434988{?curationdomain}","templated":true},"curationLinks":{"href":"https://www.ebi.ac.uk/biosamples/samples/SAMN08434988/curationlinks"},"curationLink":{"href":"https://www.ebi.ac.uk/biosamples/samples/SAMN08434988/curationlinks/{hash}","templated":true},"structuredData":{"href":"https://www.ebi.ac.uk/biosamples/structureddata/SAMN08434988"}}}