{"name":"Euryarchaeota archaeon UBA169","accession":"SAMN06027388","domain":"self.BiosampleImportNCBI","taxId":1915773,"release":"2016-11-16T00:00:00Z","update":"2022-03-29T22:45:58.234Z","submitted":"2016-11-16T17:04:37.716Z","characteristics":{"External Id":[{"text":"SAMN06027388","tag":"Namespace:BioSample"}],"INSDC center name":[{"text":"University of Queensland"}],"INSDC first public":[{"text":"2016-11-16T00:00:00Z"}],"INSDC last update":[{"text":"2017-08-15T14:13:37.932Z"}],"INSDC secondary accession":[{"text":"SRS1809621"}],"INSDC status":[{"text":"live"}],"NCBI submission model":[{"text":"Microbe, viral or environmental"}],"NCBI submission package":[{"text":"Microbe.1.0"}],"SRA accession":[{"text":"SRS1809621"}],"assembly method":[{"text":"CLC de novo assembler","tag":"attribute"}],"assembly_method_version":[{"text":"4.4.1","tag":"attribute"}],"completeness_estimated":[{"text":"56.98%","tag":"attribute"}],"contamination_estimated":[{"text":"0.00%","tag":"attribute"}],"description":[{"text":"Uncultivated genome recovered from an assembly of the ERX555907 metagenome."}],"environmental sample":[{"text":"TRUE","tag":"attribute"}],"genome coverage":[{"text":"86.89","tag":"attribute"}],"isolate":[{"text":"UBA169","tag":"attribute"}],"isolation-source":[{"text":"saline water (ENVO:00002010), including plankton (ENVO:xxxxxxxx)","tag":"attribute"}],"mapping_method":[{"text":"BWA (BWA-MEM)","tag":"attribute"}],"mapping_method_version":[{"text":"0.7.12-r1039","tag":"attribute"}],"metagenome source":[{"text":"marine metagenome","tag":"attribute"}],"metagenomic":[{"text":"TRUE","tag":"attribute"}],"organism":[{"text":"Euryarchaeota archaeon UBA169","ontologyTerms":["http://purl.obolibrary.org/obo/NCBITaxon_1915773"]}],"quality_assessment_method":[{"text":"CheckM","tag":"attribute"}],"quality_assessment_method_version":[{"text":"1.0.6","tag":"attribute"}],"sample type":[{"text":"metagenomic assembly","tag":"attribute"}],"subsrc_note":[{"text":"Genome binned from sequencing reads available in ERX555907","tag":"attribute"}],"title":[{"text":"Uncultivated Euryarchaeota archaeon UBA169 genome recovered from ERX555907"}]},"externalReferences":[{"url":"https://www.ebi.ac.uk/ena/data/view/SAMN06027388","duo":null}],"submittedVia":"JSON_API","create":"2016-11-16T17:04:37.716Z","_links":{"self":{"href":"https://www.ebi.ac.uk/biosamples/samples/SAMN06027388"},"curationDomain":{"href":"https://www.ebi.ac.uk/biosamples/samples/SAMN06027388{?curationdomain}","templated":true},"curationLinks":{"href":"https://www.ebi.ac.uk/biosamples/samples/SAMN06027388/curationlinks"},"curationLink":{"href":"https://www.ebi.ac.uk/biosamples/samples/SAMN06027388/curationlinks/{hash}","templated":true},"structuredData":{"href":"https://www.ebi.ac.uk/biosamples/structureddata/SAMN06027388"}}}