{"name":"SubsurfaceFluids-21-22_U1362A_JdFR-50","accession":"SAMN06226367","domain":"self.BiosampleImportNCBI","taxId":1935104,"release":"2017-01-17T00:00:00Z","update":"2022-03-30T00:00:06.392Z","submitted":"2017-01-12T17:46:10.013Z","characteristics":{"External Id":[{"text":"SAMN06226367","tag":"Namespace:BioSample"}],"INSDC center name":[{"text":"University of Southern California"}],"INSDC first public":[{"text":"2017-01-17T00:00:00Z"}],"INSDC last update":[{"text":"2021-02-28T03:57:36.834Z"}],"INSDC status":[{"text":"live"}],"NCBI submission model":[{"text":"Microbe, viral or environmental"}],"NCBI submission package":[{"text":"Microbe.1.0"}],"collection date":[{"text":"2011-07-12","tag":"attribute"}],"depth":[{"text":"454","tag":"attribute"}],"env biome":[{"text":"hydrothermal fluid","tag":"attribute"}],"environmental sample":[{"text":"TRUE","tag":"attribute"}],"geo loc name":[{"text":"Pacific Ocean","tag":"attribute"}],"isolate":[{"text":"JdFR-50","tag":"attribute"}],"isolation source":[{"text":"basaltic crustal fluids","tag":"attribute"}],"lat lon":[{"text":"47.76 N 127.76 W","tag":"attribute"}],"metagenome source":[{"text":"subsurface metagenome","tag":"attribute"}],"metagenomic":[{"text":"TRUE","tag":"attribute"}],"note":[{"text":"This biosample is a metagenomic assembly obtained from the subsurface metagenome BioSample: SAMN03166137","tag":"attribute"}],"organism":[{"text":"Candidatus Acetothermia bacterium JdFR-50","ontologyTerms":["http://purl.obolibrary.org/obo/NCBITaxon_1935104"]}],"publication":[{"text":"Jungbluth_etal_ScientificData","tag":"attribute"}],"sample type":[{"text":"metagenomic assembly","tag":"attribute"}],"title":[{"text":"Microbe sample from Candidatus Acetothermia bacterium JdFR-50"}]},"submittedVia":"JSON_API","create":"2017-01-12T17:46:10.013Z","_links":{"self":{"href":"https://www.ebi.ac.uk/biosamples/samples/SAMN06226367"},"curationDomain":{"href":"https://www.ebi.ac.uk/biosamples/samples/SAMN06226367{?curationdomain}","templated":true},"curationLinks":{"href":"https://www.ebi.ac.uk/biosamples/samples/SAMN06226367/curationlinks"},"curationLink":{"href":"https://www.ebi.ac.uk/biosamples/samples/SAMN06226367/curationlinks/{hash}","templated":true},"structuredData":{"href":"https://www.ebi.ac.uk/biosamples/structureddata/SAMN06226367"}}}