{"name":"Chthonomonas sp. UBA2785","accession":"SAMN06457878","domain":"self.BiosampleImportNCBI","taxId":1946339,"release":"2017-02-27T00:00:00Z","update":"2022-03-30T01:31:56.957Z","submitted":"2017-02-27T14:01:55.693Z","characteristics":{"External Id":[{"text":"SAMN06457878","tag":"Namespace:BioSample"}],"INSDC center name":[{"text":"University of Queensland"}],"INSDC first public":[{"text":"2017-02-27T00:00:00Z"}],"INSDC secondary accession":[{"text":"SRS2033808"}],"INSDC status":[{"text":"live"}],"NCBI submission model":[{"text":"Microbe, viral or environmental"}],"SRA accession":[{"text":"SRS2033808"}],"assembly method":[{"text":"CLC de novo assembler","tag":"attribute"}],"assembly_method_version":[{"text":"4.4.1","tag":"attribute"}],"completeness_estimated":[{"text":"94.43%","tag":"attribute"}],"contamination_estimated":[{"text":"0.93%","tag":"attribute"}],"environmental sample":[{"text":"true","tag":"attribute"}],"genome coverage":[{"text":"57.62","tag":"attribute"}],"geo loc name":[{"text":"Australia: Brisbane, Thorneside Wastewater Treatment Plant","tag":"attribute"}],"isolate":[{"text":"UBA2785","tag":"attribute"}],"isolation-source":[{"text":"activated sludge","tag":"attribute"}],"mapping_method":[{"text":"BWA (BWA-MEM)","tag":"attribute"}],"mapping_method_version":[{"text":"0.7.12-r1039","tag":"attribute"}],"metagenome source":[{"text":"EBPR bioreactor metagenome","tag":"attribute"}],"metagenomic":[{"text":"true","tag":"attribute"}],"quality_assessment_method":[{"text":"CheckM","tag":"attribute"}],"quality_assessment_method_version":[{"text":"1.0.6","tag":"attribute"}],"sample type":[{"text":"metagenomic assembly","tag":"attribute"}],"subsrc_note":[{"text":"Genome binned from sequencing reads available in SRX393041 metagenome","tag":"attribute"}],"title":[{"text":"Uncultivated Chthonomonas sp. UBA2785 genome recovered from SRX393041"}],"value":[{"text":"This BioSample is a metagenomic assembly obtained from the EBPR bioreactor metagenome reads: SRR1051195.","tag":"attribute"}]},"externalReferences":[{"url":"https://www.ebi.ac.uk/ena/data/view/SAMN06457878","duo":null}],"submittedVia":"JSON_API","create":"2017-02-27T14:01:55.693Z","_links":{"self":{"href":"https://www.ebi.ac.uk/biosamples/samples/SAMN06457878"},"curationDomain":{"href":"https://www.ebi.ac.uk/biosamples/samples/SAMN06457878{?curationdomain}","templated":true},"curationLinks":{"href":"https://www.ebi.ac.uk/biosamples/samples/SAMN06457878/curationlinks"},"curationLink":{"href":"https://www.ebi.ac.uk/biosamples/samples/SAMN06457878/curationlinks/{hash}","templated":true},"structuredData":{"href":"https://www.ebi.ac.uk/biosamples/structureddata/SAMN06457878"}}}