{"name":"L54-1-50","accession":"SAMN05915834","domain":"self.BiosampleImportNCBI","taxId":1909734,"release":"2017-05-20T00:00:00Z","update":"2022-03-29T22:02:01.554Z","submitted":"2016-10-18T05:03:03.320Z","characteristics":{"External Id":[{"text":"SAMN05915834","tag":"Namespace:BioSample"}],"INSDC center name":[{"text":"State of Oceanic Administration"}],"INSDC first public":[{"text":"2017-05-20T00:00:00Z"}],"INSDC last update":[{"text":"2019-06-20T17:44:56.627Z"}],"INSDC status":[{"text":"live"}],"NCBI submission model":[{"text":"Microbe, viral or environmental"}],"NCBI submission package":[{"text":"Microbe.1.0"}],"collection date":[{"text":"2006-10","tag":"attribute"}],"geo loc name":[{"text":"China","tag":"attribute"}],"isolation source":[{"text":"seawater from South China Sea","tag":"attribute"}],"organism":[{"text":"Oceanibaculum nanhaiense","ontologyTerms":["http://purl.obolibrary.org/obo/NCBITaxon_1909734"]}],"sample type":[{"text":"single cell","ontologyTerms":["http://www.ebi.ac.uk/efo/EFO_0009899"],"tag":"attribute"}],"strain":[{"text":"L54-1-50","tag":"attribute"}],"title":[{"text":"Microbe sample from Oceanibaculum nanhaiense"}],"type material":[{"text":"type strain of Oceanibaculum nanhaiense","tag":"attribute"}]},"submittedVia":"JSON_API","create":"2016-10-18T05:03:03.320Z","_links":{"self":{"href":"https://www.ebi.ac.uk/biosamples/samples/SAMN05915834"},"curationDomain":{"href":"https://www.ebi.ac.uk/biosamples/samples/SAMN05915834{?curationdomain}","templated":true},"curationLinks":{"href":"https://www.ebi.ac.uk/biosamples/samples/SAMN05915834/curationlinks"},"curationLink":{"href":"https://www.ebi.ac.uk/biosamples/samples/SAMN05915834/curationlinks/{hash}","templated":true},"structuredData":{"href":"https://www.ebi.ac.uk/biosamples/structureddata/SAMN05915834"}}}