{"name":"Methanolinea sp. SDB","accession":"SAMN04125648","domain":"self.BiosampleImportNCBI","taxId":1735327,"release":"2015-10-01T00:00:00Z","update":"2022-03-29T13:57:48.492Z","submitted":"2015-10-01T14:12:13Z","characteristics":{"External Id":[{"text":"SAMN04125648","tag":"Namespace:BioSample"}],"INSDC center name":[{"text":"University of Oklahoma"}],"INSDC first public":[{"text":"2015-10-01T00:00:00Z"}],"INSDC last update":[{"text":"2021-02-28T02:53:26.209Z"}],"INSDC status":[{"text":"live"}],"NCBI submission model":[{"text":"Microbe, viral or environmental"}],"NCBI submission package":[{"text":"Microbe.1.0"}],"collection date":[{"text":"2013-11-10","tag":"attribute"}],"environmental sample":[{"text":"TRUE","tag":"attribute"}],"geo loc name":[{"text":"USA: San Diego Bay Sediment","tag":"attribute"}],"isolate":[{"text":"SDB","tag":"attribute"}],"isolation source":[{"text":"methanogenic consortium capable of long-chain paraffin degradation (SDB culture) enriched from contaminated sediments of San Diego Bay, California; degrades n-alkanes from C25 to C50","tag":"attribute"}],"lat lon":[{"text":"32.70 N 117.16 W","tag":"attribute"}],"metagenome source":[{"text":"marine sediment metagenome","tag":"attribute"}],"metagenomic":[{"text":"TRUE","tag":"attribute"}],"note":[{"text":"This biosample is a metagenomic assembly obtained from the marine sediment metagenome BioSample: SAMN04001714.","tag":"attribute"}],"organism":[{"text":"Methanolinea sp. SDB","ontologyTerms":["http://purl.obolibrary.org/obo/NCBITaxon_1735327"]}],"sample type":[{"text":"metagenomic assembly","tag":"attribute"}],"title":[{"text":"SDB Consortium Genome Bin 5"}]},"submittedVia":"JSON_API","create":"2015-10-01T14:12:13Z","_links":{"self":{"href":"https://www.ebi.ac.uk/biosamples/samples/SAMN04125648"},"curationDomain":{"href":"https://www.ebi.ac.uk/biosamples/samples/SAMN04125648{?curationdomain}","templated":true},"curationLinks":{"href":"https://www.ebi.ac.uk/biosamples/samples/SAMN04125648/curationlinks"},"curationLink":{"href":"https://www.ebi.ac.uk/biosamples/samples/SAMN04125648/curationlinks/{hash}","templated":true},"structuredData":{"href":"https://www.ebi.ac.uk/biosamples/structureddata/SAMN04125648"}}}