{"name":"980","accession":"SAMN00017498","domain":"self.BiosampleImportNCBI","taxId":562970,"release":"2010-07-23T12:02:04.153Z","update":"2022-03-28T12:07:30.428Z","submitted":"2010-07-23T12:02:04.067Z","characteristics":{"External Id":[{"text":"SAMN00017498","tag":"Namespace:BioSample"}],"INSDC center name":[{"text":"Joint Genome Institute, U.S. Department of Energy"}],"INSDC first public":[{"text":"2010-07-23T12:02:04.153Z"}],"INSDC last update":[{"text":"2015-11-25T12:21:47.120Z"}],"INSDC secondary accession":[{"text":"SRS085451"}],"INSDC status":[{"text":"live"}],"NCBI submission model":[{"text":"Generic"}],"NCBI submission package":[{"text":"Generic.1.0"}],"SRA accession":[{"text":"SRS085451"}],"description":[{"text":"Bacillus tusciae DSM 2912"}],"organism":[{"text":"Kyrpidia tusciae DSM 2912","ontologyTerms":["http://purl.obolibrary.org/obo/NCBITaxon_562970"]}],"sample number":[{"text":"4083340","tag":"attribute"}],"strain":[{"text":"DSM 2912","tag":"attribute"}],"title":[{"text":"Generic sample from Kyrpidia tusciae DSM 2912"}]},"externalReferences":[{"url":"https://www.ebi.ac.uk/ena/data/view/SAMN00017498","duo":null}],"submittedVia":"JSON_API","create":"2010-07-23T12:02:04.067Z","_links":{"self":{"href":"https://www.ebi.ac.uk/biosamples/samples/SAMN00017498"},"curationDomain":{"href":"https://www.ebi.ac.uk/biosamples/samples/SAMN00017498{?curationdomain}","templated":true},"curationLinks":{"href":"https://www.ebi.ac.uk/biosamples/samples/SAMN00017498/curationlinks"},"curationLink":{"href":"https://www.ebi.ac.uk/biosamples/samples/SAMN00017498/curationlinks/{hash}","templated":true},"structuredData":{"href":"https://www.ebi.ac.uk/biosamples/structureddata/SAMN00017498"}}}