{"name":"Genome for DOLJORAL78_Planctomycetes_63_9","accession":"SAMN07757489","domain":"self.BiosampleImportNCBI","taxId":2026780,"release":"2017-10-06T00:00:00Z","update":"2022-10-26T12:08:00.114Z","submitted":"2017-10-06T15:28:07.676Z","characteristics":{"External Id":[{"text":"SAMN07757489","tag":"Namespace:BioSample"}],"INSDC center name":[{"text":"Stanford University"}],"INSDC first public":[{"text":"2017-10-06T00:00:00Z"}],"INSDC last update":[{"text":"2022-10-25T21:05:35.870Z"}],"INSDC status":[{"text":"live"}],"NCBI submission model":[{"text":"MIGS.ba"},{"text":"MIGS/MIMS/MIMARKS.host-associated"}],"NCBI submission package":[{"text":"MIGS.ba.host-associated.5.0"}],"collection date":[{"text":"2008-08-20","tag":"attribute"}],"description":[{"text":"Keywords: GSC:MIxS;MIGS:5.0"}],"env biome":[{"text":"Marine environment","tag":"attribute"}],"env feature":[{"text":"Marine mammal","tag":"attribute"}],"env_material":[{"text":"Swab sample of the gingival sulcus","tag":"attribute"}],"environmental sample":[{"text":"TRUE","tag":"attribute"}],"geo loc name":[{"text":"USA: San Diego Bay, CA","tag":"attribute"}],"host":[{"text":"Tursiops truncatus","tag":"attribute"}],"host age":[{"text":"5 years","ontologyTerms":["http://purl.obolibrary.org/obo/UO_0000036"],"tag":"attribute"}],"host body habitat":[{"text":"Gingival sulcus (mouth)","tag":"attribute"}],"host sex":[{"text":"male","ontologyTerms":["http://purl.obolibrary.org/obo/PATO_0000384"],"tag":"attribute"}],"host subject id":[{"text":"DolJOral78","tag":"attribute"}],"host taxid":[{"text":"9739","tag":"attribute"}],"isolate":[{"text":"DOLJORAL78_63_9","tag":"attribute"}],"isolation source":[{"text":"swab sample of gingival sulcus (mouth) from 5 year old male Dolphin_J","tag":"attribute"}],"lat lon":[{"text":"32.6717 N 117.1441 W","tag":"attribute"}],"metagenome source":[{"text":"oral metagenome","tag":"attribute"}],"metagenomic":[{"text":"TRUE","tag":"attribute"}],"note":[{"text":"This BioSample is a metagenomic assembly obtained from the oral metagenome BioSample: SAMN01162460.","tag":"attribute"}],"organism":[{"text":"Planctomycetota bacterium","ontologyTerms":["http://purl.obolibrary.org/obo/NCBITaxon_2026780"]}],"sample-type":[{"text":"metagenomic assembly","tag":"attribute"}],"title":[{"text":"Uncultured bacteria isolated from gingival sulcus of 5 year old male Dolphin_J"}]},"submittedVia":"PIPELINE_IMPORT","create":"2017-10-06T15:28:07.676Z","_links":{"self":{"href":"https://www.ebi.ac.uk/biosamples/samples/SAMN07757489"},"curationDomain":{"href":"https://www.ebi.ac.uk/biosamples/samples/SAMN07757489{?curationdomain}","templated":true},"curationLinks":{"href":"https://www.ebi.ac.uk/biosamples/samples/SAMN07757489/curationlinks"},"curationLink":{"href":"https://www.ebi.ac.uk/biosamples/samples/SAMN07757489/curationlinks/{hash}","templated":true},"structuredData":{"href":"https://www.ebi.ac.uk/biosamples/structureddata/SAMN07757489"}}}