{"name":"Syntrophaceae bacterium UBA1062","accession":"SAMN06455729","domain":"self.BiosampleImportNCBI","taxId":1961415,"release":"2017-02-27T00:00:00Z","update":"2022-03-30T01:31:00.646Z","submitted":"2017-02-27T11:15:57.250Z","characteristics":{"External Id":[{"text":"SAMN06455729","tag":"Namespace:BioSample"}],"INSDC center name":[{"text":"University of Queensland"}],"INSDC first public":[{"text":"2017-02-27T00:00:00Z"}],"INSDC secondary accession":[{"text":"SRS2033719"}],"INSDC status":[{"text":"live"}],"NCBI submission model":[{"text":"Microbe, viral or environmental"}],"SRA accession":[{"text":"SRS2033719"}],"assembly method":[{"text":"CLC de novo assembler","tag":"attribute"}],"assembly_method_version":[{"text":"4.4.1","tag":"attribute"}],"completeness_estimated":[{"text":"86.90%","tag":"attribute"}],"contamination_estimated":[{"text":"2.10%","tag":"attribute"}],"environmental sample":[{"text":"true","tag":"attribute"}],"genome coverage":[{"text":"43.47","tag":"attribute"}],"isolate":[{"text":"UBA1062","tag":"attribute"}],"isolation-source":[{"text":"Anaerobic Digestion Sludge","tag":"attribute"}],"mapping_method":[{"text":"BWA (BWA-MEM)","tag":"attribute"}],"mapping_method_version":[{"text":"0.7.12-r1039","tag":"attribute"}],"metagenome source":[{"text":"anaerobic digester metagenome","tag":"attribute"}],"metagenomic":[{"text":"true","tag":"attribute"}],"organism":[{"text":"Syntrophaceae bacterium UBA1062","ontologyTerms":["http://purl.obolibrary.org/obo/NCBITaxon_1961415"]}],"quality_assessment_method":[{"text":"CheckM","tag":"attribute"}],"quality_assessment_method_version":[{"text":"1.0.6","tag":"attribute"}],"sample type":[{"text":"metagenomic assembly","tag":"attribute"}],"subsrc_note":[{"text":"Genome binned from sequencing reads available in SRX371701 metagenome","tag":"attribute"}],"title":[{"text":"Uncultivated Syntrophaceae bacterium UBA1062 genome recovered from SRX371701"}],"value":[{"text":"This BioSample is a metagenomic assembly obtained from the anaerobic digester metagenome reads: SRR1022352.","tag":"attribute"}]},"externalReferences":[{"url":"https://www.ebi.ac.uk/ena/data/view/SAMN06455729","duo":null}],"submittedVia":"JSON_API","create":"2017-02-27T11:15:57.250Z","_links":{"self":{"href":"https://www.ebi.ac.uk/biosamples/samples/SAMN06455729"},"curationDomain":{"href":"https://www.ebi.ac.uk/biosamples/samples/SAMN06455729{?curationdomain}","templated":true},"curationLinks":{"href":"https://www.ebi.ac.uk/biosamples/samples/SAMN06455729/curationlinks"},"curationLink":{"href":"https://www.ebi.ac.uk/biosamples/samples/SAMN06455729/curationlinks/{hash}","templated":true},"structuredData":{"href":"https://www.ebi.ac.uk/biosamples/structureddata/SAMN06455729"}}}