{"name":"SAMN05660462","accession":"SAMN05660462","domain":"self.BiosampleImportNCBI","taxId":1123007,"release":"2016-08-25T00:00:00Z","update":"2022-03-29T20:54:29.757Z","submitted":"2016-08-25T14:31:16.656Z","characteristics":{"External Id":[{"text":"SAMN05660462","tag":"Namespace:BioSample"},{"text":"Gp0102857","tag":"Namespace:DOE Joint Genome Institute"}],"INSDC center name":[{"text":"DOE Joint Genome Institute"}],"INSDC first public":[{"text":"2016-08-25T00:00:00Z"}],"INSDC last update":[{"text":"2019-06-20T17:41:35.203Z"}],"INSDC secondary accession":[{"text":"SRS1667841"}],"INSDC status":[{"text":"live"}],"NCBI submission model":[{"text":"MIGS.ba"}],"NCBI submission package":[{"text":"MIGS.ba.5.0"}],"SRA accession":[{"text":"SRS1667841"}],"description":[{"text":"Keywords: GSC:MIxS;MIGS:5.0"}],"geo loc name":[{"text":"China","tag":"attribute"}],"organism":[{"text":"Proteiniborus ethanoligenes DSM 21650","ontologyTerms":["http://purl.obolibrary.org/obo/NCBITaxon_1123007"]}],"strain":[{"text":"DSM 21650","tag":"attribute"}],"title":[{"text":"Proteiniborus ethanoligenes DSM 21650"}],"type material":[{"text":"type strain of Proteiniborus ethanoligenes","tag":"attribute"}]},"externalReferences":[{"url":"https://www.ebi.ac.uk/ena/data/view/SAMN05660462","duo":null}],"submittedVia":"JSON_API","create":"2016-08-25T14:31:16.656Z","_links":{"self":{"href":"https://www.ebi.ac.uk/biosamples/samples/SAMN05660462"},"curationDomain":{"href":"https://www.ebi.ac.uk/biosamples/samples/SAMN05660462{?curationdomain}","templated":true},"curationLinks":{"href":"https://www.ebi.ac.uk/biosamples/samples/SAMN05660462/curationlinks"},"curationLink":{"href":"https://www.ebi.ac.uk/biosamples/samples/SAMN05660462/curationlinks/{hash}","templated":true},"structuredData":{"href":"https://www.ebi.ac.uk/biosamples/structureddata/SAMN05660462"}}}