{"name":"UBA11051","accession":"SAMN08019854","domain":"self.BiosampleImportNCBI","taxId":2033014,"release":"2017-11-13T00:00:00Z","update":"2022-03-30T10:42:15.734Z","submitted":"2017-11-13T20:27:14.300Z","characteristics":{"External Id":[{"text":"SAMN08019854","tag":"Namespace:BioSample"}],"INSDC center name":[{"text":"University of Queensland"}],"INSDC first public":[{"text":"2017-11-13T00:00:00Z"}],"INSDC secondary accession":[{"text":"SRS2847252"}],"INSDC status":[{"text":"live"}],"NCBI submission model":[{"text":"Microbe, viral or environmental"}],"SRA accession":[{"text":"SRS2847252"}],"assembly method":[{"text":"CLC de novo assembler","tag":"attribute"}],"assembly_method_version":[{"text":"4.4.1","tag":"attribute"}],"completeness_estimated":[{"text":"87.00%","tag":"attribute"}],"contamination_estimated":[{"text":"1.13%","tag":"attribute"}],"environmental sample":[{"text":"true","tag":"attribute"}],"genome coverage":[{"text":"8.36x","tag":"attribute"}],"isolate":[{"text":"UBA11051","tag":"attribute"}],"isolation source":[{"text":"bioreactor","tag":"attribute"}],"mapping_method":[{"text":"BWA (BWA-MEM)","tag":"attribute"}],"mapping_method_version":[{"text":"0.7.12-r1039","tag":"attribute"}],"metagenome source":[{"text":"bioreactor metagenome","tag":"attribute"}],"metagenomic":[{"text":"true","tag":"attribute"}],"note":[{"text":"bioreactor metagenome","tag":"attribute"}],"quality_assessment_method":[{"text":"CheckM","tag":"attribute"}],"quality_assessment_method_version":[{"text":"1.0.6","tag":"attribute"}],"sample type":[{"text":"metagenomic assembly","tag":"attribute"}],"title":[{"text":"Uncultivated Armatimonadetes bacterium UBA11051 genome recovered from SRX392470"}],"value":[{"text":"This BioSample is a metagenomic assembly obtained from the bioreactor metagenome reads: SRR1050527.","tag":"attribute"}]},"externalReferences":[{"url":"https://www.ebi.ac.uk/ena/data/view/SAMN08019854","duo":null}],"submittedVia":"JSON_API","create":"2017-11-13T20:27:14.300Z","_links":{"self":{"href":"https://www.ebi.ac.uk/biosamples/samples/SAMN08019854"},"curationDomain":{"href":"https://www.ebi.ac.uk/biosamples/samples/SAMN08019854{?curationdomain}","templated":true},"curationLinks":{"href":"https://www.ebi.ac.uk/biosamples/samples/SAMN08019854/curationlinks"},"curationLink":{"href":"https://www.ebi.ac.uk/biosamples/samples/SAMN08019854/curationlinks/{hash}","templated":true},"structuredData":{"href":"https://www.ebi.ac.uk/biosamples/structureddata/SAMN08019854"}}}