{"name":"Gammapro7","accession":"SAMN08158042","domain":"self.BiosampleImportNCBI","taxId":1977087,"release":"2017-12-10T00:00:00Z","update":"2022-03-30T11:32:22.159Z","submitted":"2017-12-10T11:33:05.446Z","characteristics":{"External Id":[{"text":"SAMN08158042","tag":"Namespace:BioSample"}],"INSDC center name":[{"text":"Max planck institute for marine microbiology"}],"INSDC first public":[{"text":"2017-12-10T00:00:00Z"}],"INSDC last update":[{"text":"2019-06-20T18:13:33.731Z"}],"INSDC status":[{"text":"live"}],"NCBI submission model":[{"text":"MIGS/MIMS/MIMARKS.water"},{"text":"MIGS.ba"}],"NCBI submission package":[{"text":"MIGS.ba.water.5.0"}],"collection date":[{"text":"2012","tag":"attribute"}],"depth":[{"text":"100 m","tag":"attribute"}],"description":[{"text":"Keywords: GSC:MIxS;MIGS:5.0"}],"env biome":[{"text":"marine","tag":"attribute"}],"env feature":[{"text":"marine","tag":"attribute"}],"env_material":[{"text":"water","ontologyTerms":["http://purl.obolibrary.org/obo/CHEBI_15377"],"tag":"attribute"}],"environmental sample":[{"text":"TRUE","tag":"attribute"}],"geo loc name":[{"text":"Atlantic Ocean","tag":"attribute"}],"isolate":[{"text":"Gammapro7","tag":"attribute"}],"isolation-source":[{"text":"marine water","tag":"attribute"}],"metagenome source":[{"text":"marine metagenome","tag":"attribute"}],"metagenomic":[{"text":"TRUE","tag":"attribute"}],"note":[{"text":"This BioSample is a metagenomic assembly obtained from the marine metagenome BioSample: SAMN08153838, SAMN08153839, SAMN08153840.","tag":"attribute"}],"organism":[{"text":"Proteobacteria bacterium","ontologyTerms":["http://purl.obolibrary.org/obo/NCBITaxon_1977087"]}],"title":[{"text":"MIGS Cultured Bacterial/Archaeal sample from Proteobacteria bacterium"}]},"submittedVia":"JSON_API","create":"2017-12-10T11:33:05.446Z","_links":{"self":{"href":"https://www.ebi.ac.uk/biosamples/samples/SAMN08158042"},"curationDomain":{"href":"https://www.ebi.ac.uk/biosamples/samples/SAMN08158042{?curationdomain}","templated":true},"curationLinks":{"href":"https://www.ebi.ac.uk/biosamples/samples/SAMN08158042/curationlinks"},"curationLink":{"href":"https://www.ebi.ac.uk/biosamples/samples/SAMN08158042/curationlinks/{hash}","templated":true},"structuredData":{"href":"https://www.ebi.ac.uk/biosamples/structureddata/SAMN08158042"}}}