{"name":"ABCK","accession":"SAMN02436148","domain":"self.BiosampleImportNCBI","taxId":313628,"release":"2013-12-04T00:00:00Z","update":"2022-03-29T02:44:50.064Z","submitted":"2013-12-04T14:22:52.140Z","characteristics":{"External Id":[{"text":"SAMN02436148","tag":"Namespace:BioSample"}],"INSDC center name":[{"text":"NCBI"}],"INSDC first public":[{"text":"2013-12-04T00:00:00Z"}],"INSDC last update":[{"text":"2019-06-20T16:43:51.118Z"}],"INSDC status":[{"text":"live"}],"NCBI submission model":[{"text":"Generic"}],"NCBI submission package":[{"text":"Generic.1.0"}],"organism":[{"text":"Lentisphaera araneosa HTCC2155","ontologyTerms":["http://purl.obolibrary.org/obo/NCBITaxon_313628"]}],"strain":[{"text":"HTCC2155","tag":"attribute"}],"title":[{"text":"Generic sample from Lentisphaera araneosa HTCC2155"}],"type material":[{"text":"type strain of Lentisphaera araneosa","tag":"attribute"}]},"submittedVia":"JSON_API","create":"2013-12-04T14:22:52.140Z","_links":{"self":{"href":"https://www.ebi.ac.uk/biosamples/samples/SAMN02436148"},"curationDomain":{"href":"https://www.ebi.ac.uk/biosamples/samples/SAMN02436148{?curationdomain}","templated":true},"curationLinks":{"href":"https://www.ebi.ac.uk/biosamples/samples/SAMN02436148/curationlinks"},"curationLink":{"href":"https://www.ebi.ac.uk/biosamples/samples/SAMN02436148/curationlinks/{hash}","templated":true},"structuredData":{"href":"https://www.ebi.ac.uk/biosamples/structureddata/SAMN02436148"}}}