{"name":"SAMN04488561","accession":"SAMN04488561","domain":"self.BiosampleImportNCBI","taxId":561176,"release":"2016-02-11T00:00:00Z","update":"2022-03-29T16:12:34.820Z","submitted":"2016-02-11T20:40:04Z","characteristics":{"External Id":[{"text":"Gp0116587","tag":"Namespace:DOE Joint Genome Institute"},{"text":"SAMN04488561","tag":"Namespace:BioSample"}],"INSDC center name":[{"text":"DOE Joint Genome Institute"}],"INSDC first public":[{"text":"2016-02-11T00:00:00Z"}],"INSDC last update":[{"text":"2019-06-20T17:26:50.087Z"}],"INSDC secondary accession":[{"text":"SRS1674408"}],"INSDC status":[{"text":"live"}],"NCBI submission model":[{"text":"MIGS.ba"}],"NCBI submission package":[{"text":"MIGS.ba.5.0"}],"SRA accession":[{"text":"SRS1674408"}],"description":[{"text":"Keywords: GSC:MIxS;MIGS:5.0"}],"organism":[{"text":"Jiangella alba","ontologyTerms":["http://purl.obolibrary.org/obo/NCBITaxon_561176"]}],"strain":[{"text":"DSM 45237","tag":"attribute"}],"title":[{"text":"Jiangella alba DSM 45237"}],"type material":[{"text":"type strain of Jiangella alba","tag":"attribute"}]},"externalReferences":[{"url":"https://www.ebi.ac.uk/ena/data/view/SAMN04488561","duo":null}],"submittedVia":"JSON_API","create":"2016-02-11T20:40:04Z","_links":{"self":{"href":"https://www.ebi.ac.uk/biosamples/samples/SAMN04488561"},"curationDomain":{"href":"https://www.ebi.ac.uk/biosamples/samples/SAMN04488561{?curationdomain}","templated":true},"curationLinks":{"href":"https://www.ebi.ac.uk/biosamples/samples/SAMN04488561/curationlinks"},"curationLink":{"href":"https://www.ebi.ac.uk/biosamples/samples/SAMN04488561/curationlinks/{hash}","templated":true},"structuredData":{"href":"https://www.ebi.ac.uk/biosamples/structureddata/SAMN04488561"}}}