{"name":"Bdellovibrionaceae bacterium UBA1609","accession":"SAMN06451982","domain":"self.BiosampleImportNCBI","taxId":1961504,"release":"2017-02-27T00:00:00Z","update":"2022-03-30T01:29:25.798Z","submitted":"2017-02-27T11:08:21.146Z","characteristics":{"External Id":[{"text":"SAMN06451982","tag":"Namespace:BioSample"}],"INSDC center name":[{"text":"University of Queensland"}],"INSDC first public":[{"text":"2017-02-27T00:00:00Z"}],"INSDC secondary accession":[{"text":"SRS2031565"}],"INSDC status":[{"text":"live"}],"NCBI submission model":[{"text":"Microbe, viral or environmental"}],"SRA accession":[{"text":"SRS2031565"}],"assembly method":[{"text":"CLC de novo assembler","tag":"attribute"}],"assembly_method_version":[{"text":"4.4.1","tag":"attribute"}],"completeness_estimated":[{"text":"97.32%","tag":"attribute"}],"contamination_estimated":[{"text":"0.00%","tag":"attribute"}],"environmental sample":[{"text":"true","tag":"attribute"}],"genome coverage":[{"text":"31.03","tag":"attribute"}],"isolate":[{"text":"UBA1609","tag":"attribute"}],"isolation-source":[{"text":"saline water (ENVO:00002010), including plankton (ENVO:xxxxxxxx)","tag":"attribute"}],"mapping_method":[{"text":"BWA (BWA-MEM)","tag":"attribute"}],"mapping_method_version":[{"text":"0.7.12-r1039","tag":"attribute"}],"metagenome source":[{"text":"marine metagenome","tag":"attribute"}],"metagenomic":[{"text":"true","tag":"attribute"}],"quality_assessment_method":[{"text":"CheckM","tag":"attribute"}],"quality_assessment_method_version":[{"text":"1.0.6","tag":"attribute"}],"sample type":[{"text":"metagenomic assembly","tag":"attribute"}],"subsrc_note":[{"text":"Genome binned from sequencing reads available in ERX556123 metagenome","tag":"attribute"}],"title":[{"text":"Uncultivated Bdellovibrionaceae bacterium UBA1609 genome recovered from ERX556123"}],"value":[{"text":"This BioSample is a metagenomic assembly obtained from the marine metagenome reads: ERR599000.","tag":"attribute"}]},"externalReferences":[{"url":"https://www.ebi.ac.uk/ena/data/view/SAMN06451982","duo":null}],"submittedVia":"JSON_API","create":"2017-02-27T11:08:21.146Z","_links":{"self":{"href":"https://www.ebi.ac.uk/biosamples/samples/SAMN06451982"},"curationDomain":{"href":"https://www.ebi.ac.uk/biosamples/samples/SAMN06451982{?curationdomain}","templated":true},"curationLinks":{"href":"https://www.ebi.ac.uk/biosamples/samples/SAMN06451982/curationlinks"},"curationLink":{"href":"https://www.ebi.ac.uk/biosamples/samples/SAMN06451982/curationlinks/{hash}","templated":true},"structuredData":{"href":"https://www.ebi.ac.uk/biosamples/structureddata/SAMN06451982"}}}