{"name":"AFOH","accession":"SAMN02469801","domain":"self.BiosampleImportNCBI","taxId":637390,"release":"2013-12-19T00:00:00Z","update":"2022-03-29T02:55:27.182Z","submitted":"2013-12-19T13:09:34.563Z","characteristics":{"External Id":[{"text":"SAMN02469801","tag":"Namespace:BioSample"}],"INSDC center name":[{"text":"NCBI"}],"INSDC first public":[{"text":"2013-12-19T00:00:00Z"}],"INSDC last update":[{"text":"2019-06-20T16:45:28.885Z"}],"INSDC status":[{"text":"live"}],"NCBI submission model":[{"text":"Generic"}],"NCBI submission package":[{"text":"Generic.1.0"}],"culture-collection":[{"text":"ATCC:19377","tag":"attribute"}],"organism":[{"text":"Acidithiobacillus thiooxidans ATCC 19377","ontologyTerms":["http://purl.obolibrary.org/obo/NCBITaxon_637390"]}],"strain":[{"text":"ATCC 19377","tag":"attribute"}],"title":[{"text":"Sample from Acidithiobacillus thiooxidans ATCC 19377"}],"type material":[{"text":"type strain of Acidithiobacillus thiooxidans","tag":"attribute"}]},"submittedVia":"JSON_API","create":"2013-12-19T13:09:34.563Z","_links":{"self":{"href":"https://www.ebi.ac.uk/biosamples/samples/SAMN02469801"},"curationDomain":{"href":"https://www.ebi.ac.uk/biosamples/samples/SAMN02469801{?curationdomain}","templated":true},"curationLinks":{"href":"https://www.ebi.ac.uk/biosamples/samples/SAMN02469801/curationlinks"},"curationLink":{"href":"https://www.ebi.ac.uk/biosamples/samples/SAMN02469801/curationlinks/{hash}","templated":true},"structuredData":{"href":"https://www.ebi.ac.uk/biosamples/structureddata/SAMN02469801"}}}