{"name":"Actinobacteria bacterium UBA2279","accession":"SAMN06456530","domain":"self.BiosampleImportNCBI","taxId":1953119,"release":"2017-02-27T00:00:00Z","update":"2022-03-30T01:31:21.970Z","submitted":"2017-02-27T11:16:35.750Z","characteristics":{"External Id":[{"text":"SAMN06456530","tag":"Namespace:BioSample"}],"INSDC center name":[{"text":"University of Queensland"}],"INSDC first public":[{"text":"2017-02-27T00:00:00Z"}],"INSDC secondary accession":[{"text":"SRS2034223"}],"INSDC status":[{"text":"live"}],"NCBI submission model":[{"text":"Microbe, viral or environmental"}],"SRA accession":[{"text":"SRS2034223"}],"assembly method":[{"text":"CLC de novo assembler","tag":"attribute"}],"assembly_method_version":[{"text":"4.4.1","tag":"attribute"}],"completeness_estimated":[{"text":"94.31%","tag":"attribute"}],"contamination_estimated":[{"text":"2.22%","tag":"attribute"}],"environmental sample":[{"text":"true","tag":"attribute"}],"genome coverage":[{"text":"82.59","tag":"attribute"}],"geo loc name":[{"text":"Canada: Northern Alberta","tag":"attribute"}],"isolate":[{"text":"UBA2279","tag":"attribute"}],"isolation-source":[{"text":"biofilm","ontologyTerms":["http://purl.obolibrary.org/obo/BTO_0002690"],"tag":"attribute"}],"mapping_method":[{"text":"BWA (BWA-MEM)","tag":"attribute"}],"mapping_method_version":[{"text":"0.7.12-r1039","tag":"attribute"}],"metagenome source":[{"text":"hydrocarbon metagenome","tag":"attribute"}],"metagenomic":[{"text":"true","tag":"attribute"}],"organism":[{"text":"Actinobacteria bacterium UBA2279","ontologyTerms":["http://purl.obolibrary.org/obo/NCBITaxon_1953119"]}],"quality_assessment_method":[{"text":"CheckM","tag":"attribute"}],"quality_assessment_method_version":[{"text":"1.0.6","tag":"attribute"}],"sample type":[{"text":"metagenomic assembly","tag":"attribute"}],"subsrc_note":[{"text":"Genome binned from sequencing reads available in SRX559898 metagenome","tag":"attribute"}],"title":[{"text":"Uncultivated Actinobacteria bacterium UBA2279 genome recovered from SRX559898"}],"value":[{"text":"This BioSample is a metagenomic assembly obtained from the hydrocarbon metagenome reads: SRR1313259,SRR1313257,SRR1313264,SRR1313260,SRR1313258,SRR1313261.","tag":"attribute"}]},"externalReferences":[{"url":"https://www.ebi.ac.uk/ena/data/view/SAMN06456530","duo":null}],"submittedVia":"JSON_API","create":"2017-02-27T11:16:35.750Z","_links":{"self":{"href":"https://www.ebi.ac.uk/biosamples/samples/SAMN06456530"},"curationDomain":{"href":"https://www.ebi.ac.uk/biosamples/samples/SAMN06456530{?curationdomain}","templated":true},"curationLinks":{"href":"https://www.ebi.ac.uk/biosamples/samples/SAMN06456530/curationlinks"},"curationLink":{"href":"https://www.ebi.ac.uk/biosamples/samples/SAMN06456530/curationlinks/{hash}","templated":true},"structuredData":{"href":"https://www.ebi.ac.uk/biosamples/structureddata/SAMN06456530"}}}