{"name":"Firmicutes bacterium UBA6811","accession":"SAMN06456985","domain":"self.BiosampleImportNCBI","taxId":1948100,"release":"2017-02-27T00:00:00Z","update":"2022-03-30T01:31:32.621Z","submitted":"2017-02-27T14:01:29.016Z","characteristics":{"External Id":[{"text":"SAMN06456985","tag":"Namespace:BioSample"}],"INSDC center name":[{"text":"University of Queensland"}],"INSDC first public":[{"text":"2017-02-27T00:00:00Z"}],"INSDC secondary accession":[{"text":"SRS2034162"}],"INSDC status":[{"text":"live"}],"NCBI submission model":[{"text":"Microbe, viral or environmental"}],"SRA accession":[{"text":"SRS2034162"}],"assembly method":[{"text":"CLC de novo assembler","tag":"attribute"}],"assembly_method_version":[{"text":"4.4.1","tag":"attribute"}],"completeness_estimated":[{"text":"87.91%","tag":"attribute"}],"contamination_estimated":[{"text":"4.68%","tag":"attribute"}],"environmental sample":[{"text":"true","tag":"attribute"}],"genome coverage":[{"text":"17.52","tag":"attribute"}],"geo loc name":[{"text":"Canada: Medicine Hat Glauconitic field","tag":"attribute"}],"isolate":[{"text":"UBA6811","tag":"attribute"}],"isolation-source":[{"text":"waste water","tag":"attribute"}],"mapping_method":[{"text":"BWA (BWA-MEM)","tag":"attribute"}],"mapping_method_version":[{"text":"0.7.12-r1039","tag":"attribute"}],"metagenome source":[{"text":"hydrocarbon metagenome","tag":"attribute"}],"metagenomic":[{"text":"true","tag":"attribute"}],"organism":[{"text":"Firmicutes bacterium UBA6811","ontologyTerms":["http://purl.obolibrary.org/obo/NCBITaxon_1948100"]}],"quality_assessment_method":[{"text":"CheckM","tag":"attribute"}],"quality_assessment_method_version":[{"text":"1.0.6","tag":"attribute"}],"sample type":[{"text":"metagenomic assembly","tag":"attribute"}],"subsrc_note":[{"text":"Genome binned from sequencing reads available in SRX545991 metagenome","tag":"attribute"}],"title":[{"text":"Uncultivated Firmicutes bacterium UBA6811 genome recovered from SRX545991"}],"value":[{"text":"This BioSample is a metagenomic assembly obtained from the hydrocarbon metagenome reads: SRR1290767,SRR1290771,SRR1290769,SRR1290772,SRR1290774,SRR1290764.","tag":"attribute"}]},"externalReferences":[{"url":"https://www.ebi.ac.uk/ena/data/view/SAMN06456985","duo":null}],"submittedVia":"JSON_API","create":"2017-02-27T14:01:29.016Z","_links":{"self":{"href":"https://www.ebi.ac.uk/biosamples/samples/SAMN06456985"},"curationDomain":{"href":"https://www.ebi.ac.uk/biosamples/samples/SAMN06456985{?curationdomain}","templated":true},"curationLinks":{"href":"https://www.ebi.ac.uk/biosamples/samples/SAMN06456985/curationlinks"},"curationLink":{"href":"https://www.ebi.ac.uk/biosamples/samples/SAMN06456985/curationlinks/{hash}","templated":true},"structuredData":{"href":"https://www.ebi.ac.uk/biosamples/structureddata/SAMN06456985"}}}