{"name":"GWE2_Gammaproteobacteria_37_16_curated","accession":"SAMN04313899","domain":"self.BiosampleImportNCBI","taxId":1798261,"release":"2016-02-22T00:00:00Z","update":"2022-03-29T15:09:31.139Z","submitted":"2015-12-03T12:24:38Z","characteristics":{"External Id":[{"text":"SAMN04313899","tag":"Namespace:BioSample"}],"INSDC center name":[{"text":"Banfield Lab, University of California, Berkeley"}],"INSDC first public":[{"text":"2016-02-22T00:00:00Z"}],"INSDC last update":[{"text":"2021-02-28T03:00:16.774Z"}],"INSDC status":[{"text":"live"}],"NCBI submission model":[{"text":"Metagenome or environmental"}],"NCBI submission package":[{"text":"Metagenome.environmental.1.0"}],"collection date":[{"text":"2011-10-31","tag":"attribute"}],"environmental sample":[{"text":"true","tag":"attribute"}],"geo loc name":[{"text":"USA: Rifle, CO","tag":"attribute"}],"isolation source":[{"text":"Rifle well CD01 at time point 5 / E; 5m depth; 0.2 filter","tag":"attribute"}],"lat lon":[{"text":"39.5369 N 107.7828 W","tag":"attribute"}],"metagenome source":[{"text":"subsurface metagenome","tag":"attribute"}],"metagenomic":[{"text":"true","tag":"attribute"}],"note":[{"text":"This biosample is a genome obtained from the metagenome sample SAMN03203003","tag":"attribute"}],"organism":[{"text":"Gammaproteobacteria bacterium GWE2_37_16","ontologyTerms":["http://purl.obolibrary.org/obo/NCBITaxon_1798261"]}],"title":[{"text":"Metagenome or environmental sample from Gammaproteobacteria bacterium GWE2_37_16"}]},"submittedVia":"JSON_API","create":"2015-12-03T12:24:38Z","_links":{"self":{"href":"https://www.ebi.ac.uk/biosamples/samples/SAMN04313899"},"curationDomain":{"href":"https://www.ebi.ac.uk/biosamples/samples/SAMN04313899{?curationdomain}","templated":true},"curationLinks":{"href":"https://www.ebi.ac.uk/biosamples/samples/SAMN04313899/curationlinks"},"curationLink":{"href":"https://www.ebi.ac.uk/biosamples/samples/SAMN04313899/curationlinks/{hash}","templated":true},"structuredData":{"href":"https://www.ebi.ac.uk/biosamples/structureddata/SAMN04313899"}}}