{"name":"Firmicutes bacterium UBA4881","accession":"SAMN06451266","domain":"self.BiosampleImportNCBI","taxId":1948013,"release":"2017-02-27T00:00:00Z","update":"2022-03-30T01:29:10.477Z","submitted":"2017-02-27T11:04:29.203Z","characteristics":{"External Id":[{"text":"SAMN06451266","tag":"Namespace:BioSample"}],"INSDC center name":[{"text":"University of Queensland"}],"INSDC first public":[{"text":"2017-02-27T00:00:00Z"}],"INSDC last update":[{"text":"2017-08-15T13:14:40.103Z"}],"INSDC secondary accession":[{"text":"SRS2035759"}],"INSDC status":[{"text":"live"}],"NCBI submission model":[{"text":"Microbe, viral or environmental"}],"NCBI submission package":[{"text":"Microbe.1.0"}],"SRA accession":[{"text":"SRS2035759"}],"assembly method":[{"text":"CLC de novo assembler","tag":"attribute"}],"assembly_method_version":[{"text":"4.4.1","tag":"attribute"}],"completeness_estimated":[{"text":"93.45%","tag":"attribute"}],"contamination_estimated":[{"text":"1.31%","tag":"attribute"}],"description":[{"text":"Uncultivated genome recovered from an assembly of the SRX691270 metagenome."}],"environmental sample":[{"text":"true","tag":"attribute"}],"genome coverage":[{"text":"14.44","tag":"attribute"}],"geo loc name":[{"text":"China: Luzhou","tag":"attribute"}],"isolate":[{"text":"UBA4881","tag":"attribute"}],"isolation-source":[{"text":"mud","tag":"attribute"}],"mapping_method":[{"text":"BWA (BWA-MEM)","tag":"attribute"}],"mapping_method_version":[{"text":"0.7.12-r1039","tag":"attribute"}],"metagenome source":[{"text":"fermentation metagenome","tag":"attribute"}],"metagenomic":[{"text":"true","tag":"attribute"}],"organism":[{"text":"Firmicutes bacterium UBA4881","ontologyTerms":["http://purl.obolibrary.org/obo/NCBITaxon_1948013"]}],"quality_assessment_method":[{"text":"CheckM","tag":"attribute"}],"quality_assessment_method_version":[{"text":"1.0.6","tag":"attribute"}],"sample type":[{"text":"metagenomic assembly","tag":"attribute"}],"subsrc_note":[{"text":"Genome binned from sequencing reads available in SRX691270 metagenome","tag":"attribute"}],"title":[{"text":"Uncultivated Firmicutes bacterium UBA4881 genome recovered from SRX691270"}],"value":[{"text":"This BioSample is a metagenomic assembly obtained from the fermentation metagenome reads: SRR1561995.","tag":"attribute"}]},"externalReferences":[{"url":"https://www.ebi.ac.uk/ena/data/view/SAMN06451266","duo":null}],"submittedVia":"JSON_API","create":"2017-02-27T11:04:29.203Z","_links":{"self":{"href":"https://www.ebi.ac.uk/biosamples/samples/SAMN06451266"},"curationDomain":{"href":"https://www.ebi.ac.uk/biosamples/samples/SAMN06451266{?curationdomain}","templated":true},"curationLinks":{"href":"https://www.ebi.ac.uk/biosamples/samples/SAMN06451266/curationlinks"},"curationLink":{"href":"https://www.ebi.ac.uk/biosamples/samples/SAMN06451266/curationlinks/{hash}","templated":true},"structuredData":{"href":"https://www.ebi.ac.uk/biosamples/structureddata/SAMN06451266"}}}