{"name":"Peptococcaceae bacterium UBA5767","accession":"SAMN06451449","domain":"self.BiosampleImportNCBI","taxId":1952717,"release":"2017-02-27T00:00:00Z","update":"2022-03-30T01:29:14.055Z","submitted":"2017-02-27T11:07:37.203Z","characteristics":{"External Id":[{"text":"SAMN06451449","tag":"Namespace:BioSample"}],"INSDC center name":[{"text":"University of Queensland"}],"INSDC first public":[{"text":"2017-02-27T00:00:00Z"}],"INSDC secondary accession":[{"text":"SRS2032413"}],"INSDC status":[{"text":"live"}],"NCBI submission model":[{"text":"Microbe, viral or environmental"}],"SRA accession":[{"text":"SRS2032413"}],"assembly method":[{"text":"CLC de novo assembler","tag":"attribute"}],"assembly_method_version":[{"text":"4.4.1","tag":"attribute"}],"completeness_estimated":[{"text":"76.78%","tag":"attribute"}],"contamination_estimated":[{"text":"2.11%","ontologyTerms":["http://purl.obolibrary.org/obo/CHEBI_16236"],"tag":"attribute"}],"environmental sample":[{"text":"true","tag":"attribute"}],"genome coverage":[{"text":"18.13","tag":"attribute"}],"geo loc name":[{"text":"Canada: Northern Alberta","tag":"attribute"}],"isolate":[{"text":"UBA5767","tag":"attribute"}],"isolation-source":[{"text":"waste water","tag":"attribute"}],"mapping_method":[{"text":"BWA (BWA-MEM)","tag":"attribute"}],"mapping_method_version":[{"text":"0.7.12-r1039","tag":"attribute"}],"metagenome source":[{"text":"hydrocarbon metagenome","tag":"attribute"}],"metagenomic":[{"text":"true","tag":"attribute"}],"organism":[{"text":"Peptococcaceae bacterium UBA5767","ontologyTerms":["http://purl.obolibrary.org/obo/NCBITaxon_1952717"]}],"quality_assessment_method":[{"text":"CheckM","tag":"attribute"}],"quality_assessment_method_version":[{"text":"1.0.6","tag":"attribute"}],"sample type":[{"text":"metagenomic assembly","tag":"attribute"}],"subsrc_note":[{"text":"Genome binned from sequencing reads available in SRX210886 metagenome","tag":"attribute"}],"title":[{"text":"Uncultivated Peptococcaceae bacterium UBA5767 genome recovered from SRX210886"}],"value":[{"text":"This BioSample is a metagenomic assembly obtained from the hydrocarbon metagenome reads: SRR636559.","tag":"attribute"}]},"externalReferences":[{"url":"https://www.ebi.ac.uk/ena/data/view/SAMN06451449","duo":null}],"submittedVia":"JSON_API","create":"2017-02-27T11:07:37.203Z","_links":{"self":{"href":"https://www.ebi.ac.uk/biosamples/samples/SAMN06451449"},"curationDomain":{"href":"https://www.ebi.ac.uk/biosamples/samples/SAMN06451449{?curationdomain}","templated":true},"curationLinks":{"href":"https://www.ebi.ac.uk/biosamples/samples/SAMN06451449/curationlinks"},"curationLink":{"href":"https://www.ebi.ac.uk/biosamples/samples/SAMN06451449/curationlinks/{hash}","templated":true},"structuredData":{"href":"https://www.ebi.ac.uk/biosamples/structureddata/SAMN06451449"}}}