{"name":"Microbe sample from Altiarchaeales archaeon WOR_SM1_86-2","accession":"SAMN04980912","domain":"self.BiosampleImportNCBI","taxId":1849364,"release":"2016-05-13T00:00:00Z","update":"2022-03-29T18:07:51.546Z","submitted":"2016-05-11T12:12:04Z","characteristics":{"External Id":[{"text":"SAMN04980912","tag":"Namespace:BioSample"}],"INSDC center name":[{"text":"University of Tennessee"}],"INSDC first public":[{"text":"2016-05-13T00:00:00Z"}],"INSDC last update":[{"text":"2021-02-28T03:20:58.028Z"}],"INSDC status":[{"text":"live"}],"NCBI submission model":[{"text":"Microbe, viral or environmental"}],"NCBI submission package":[{"text":"Microbe.1.0"}],"collection date":[{"text":"2010-10","tag":"attribute"}],"depth":[{"text":"16-26 cm","ontologyTerms":["http://purl.obolibrary.org/obo/UO_0000015"],"tag":"attribute"}],"description":[{"text":"A metagenomic assembly was found to contain genetic information related to other members of the archaeal taxon Altiarchaeales."}],"env biome":[{"text":"ENVO_01000020","tag":"attribute"}],"environmental sample":[{"text":"TRUE","tag":"attribute"}],"geo loc name":[{"text":"USA: White Oak River Estuary, North Carolina","tag":"attribute"}],"isolate":[{"text":"WOR_SM1_86-2","tag":"attribute"}],"isolation source":[{"text":"Sulfate-methane transition zone estuary sediments 16-26 cm","tag":"attribute"}],"lat lon":[{"text":"34.7414 N 77.1234 W","tag":"attribute"}],"metagenome source":[{"text":"sediment metagenome","tag":"attribute"}],"metagenomic":[{"text":"TRUE","tag":"attribute"}],"note":[{"text":"This biosample is a metagenomic assembly obtained from the sediment metagenome SAMN03451118","tag":"attribute"}],"organism":[{"text":"Candidatus Altiarchaeales archaeon WOR_SM1_86-2","ontologyTerms":["http://purl.obolibrary.org/obo/NCBITaxon_1849364"]}],"sample type":[{"text":"metagenomic assembly","tag":"attribute"}],"title":[{"text":"Microbe sample from Candidatus Altiarchaeales archaeon WOR_SM1_86-2"}]},"submittedVia":"JSON_API","create":"2016-05-11T12:12:04Z","_links":{"self":{"href":"https://www.ebi.ac.uk/biosamples/samples/SAMN04980912"},"curationDomain":{"href":"https://www.ebi.ac.uk/biosamples/samples/SAMN04980912{?curationdomain}","templated":true},"curationLinks":{"href":"https://www.ebi.ac.uk/biosamples/samples/SAMN04980912/curationlinks"},"curationLink":{"href":"https://www.ebi.ac.uk/biosamples/samples/SAMN04980912/curationlinks/{hash}","templated":true},"structuredData":{"href":"https://www.ebi.ac.uk/biosamples/structureddata/SAMN04980912"}}}