{"name":"Alphaproteobacteria bacterium MarineAlpha5_Bin3","accession":"SAMN07286205","domain":"self.BiosampleImportNCBI","taxId":2013078,"release":"2018-02-23T00:00:00Z","update":"2022-03-30T05:52:15.231Z","submitted":"2017-06-28T09:35:08.110Z","characteristics":{"External Id":[{"text":"SAMN07286205","tag":"Namespace:BioSample"}],"INSDC center name":[{"text":"Uppsala University"}],"INSDC first public":[{"text":"2018-02-23T00:00:00Z"}],"INSDC last update":[{"text":"2021-09-26T03:01:26.433Z"}],"INSDC status":[{"text":"live"}],"NCBI submission model":[{"text":"Microbe, viral or environmental"}],"NCBI submission package":[{"text":"Microbe.1.0"}],"collection date":[{"text":"2010-10-23","tag":"attribute"}],"depth":[{"text":"5002 m","tag":"attribute"}],"environmental sample":[{"text":"TRUE","tag":"attribute"}],"geo loc name":[{"text":"Atlantic Ocean: Northern Atlantic Ocean","tag":"attribute"}],"isolate":[{"text":"MarineAlpha5_Bin3","tag":"attribute"}],"isolation source":[{"text":"ocean water","tag":"attribute"}],"lat lon":[{"text":"10.91066666 N 44.66783333 W","tag":"attribute"}],"metagenome source":[{"text":"marine metagenome","tag":"attribute"}],"metagenomic":[{"text":"TRUE","tag":"attribute"}],"note":[{"text":"This BioSample is a metagenomic assembly obtained from the marine metagenome BioSample: SAMN04578346.","tag":"attribute"}],"organism":[{"text":"Alphaproteobacteria bacterium MarineAlpha5_Bin3","ontologyTerms":["http://purl.obolibrary.org/obo/NCBITaxon_2013078"]}],"sample type":[{"text":"metagenomic assembly","tag":"attribute"}],"title":[{"text":"Marine metagenome (Moca4)"}]},"submittedVia":"JSON_API","create":"2017-06-28T09:35:08.110Z","_links":{"self":{"href":"https://www.ebi.ac.uk/biosamples/samples/SAMN07286205"},"curationDomain":{"href":"https://www.ebi.ac.uk/biosamples/samples/SAMN07286205{?curationdomain}","templated":true},"curationLinks":{"href":"https://www.ebi.ac.uk/biosamples/samples/SAMN07286205/curationlinks"},"curationLink":{"href":"https://www.ebi.ac.uk/biosamples/samples/SAMN07286205/curationlinks/{hash}","templated":true},"structuredData":{"href":"https://www.ebi.ac.uk/biosamples/structureddata/SAMN07286205"}}}