{"name":"AUEY","accession":"SAMN02440640","domain":"self.BiosampleImportNCBI","taxId":1304885,"release":"2013-12-11T00:00:00Z","update":"2022-03-29T02:46:10.985Z","submitted":"2013-12-11T13:07:34.576Z","characteristics":{"External Id":[{"text":"SAMN02440640","tag":"Namespace:BioSample"}],"GOLD Stamp ID":[{"text":"Gi38793","tag":"attribute"}],"Gram Staining":[{"text":"Gram-","tag":"attribute"}],"INSDC center name":[{"text":"NCBI"}],"INSDC first public":[{"text":"2013-12-11T00:00:00Z"}],"INSDC last update":[{"text":"2019-06-20T16:44:31.669Z"}],"INSDC secondary accession":[{"text":"SRS844159"}],"INSDC status":[{"text":"live"}],"NCBI submission model":[{"text":"Generic"}],"NCBI submission package":[{"text":"Generic.1.0"}],"SRA accession":[{"text":"SRS844159"}],"organism":[{"text":"Desulforegula conservatrix Mb1Pa","ontologyTerms":["http://purl.obolibrary.org/obo/NCBITaxon_1304885"]}],"project name":[{"text":"Desulforegula conservatrix Mb1Pa, DSM 13527","tag":"attribute"}],"ref_biomaterial":[{"text":"DSM 13527","tag":"attribute"}],"strain":[{"text":"Mb1Pa","tag":"attribute"}],"title":[{"text":"Generic sample from Desulforegula conservatrix Mb1Pa"}],"type material":[{"text":"type strain of Desulforegula conservatrix","tag":"attribute"}]},"externalReferences":[{"url":"https://www.ebi.ac.uk/ena/data/view/SAMN02440640","duo":null}],"submittedVia":"JSON_API","create":"2013-12-11T13:07:34.576Z","_links":{"self":{"href":"https://www.ebi.ac.uk/biosamples/samples/SAMN02440640"},"curationDomain":{"href":"https://www.ebi.ac.uk/biosamples/samples/SAMN02440640{?curationdomain}","templated":true},"curationLinks":{"href":"https://www.ebi.ac.uk/biosamples/samples/SAMN02440640/curationlinks"},"curationLink":{"href":"https://www.ebi.ac.uk/biosamples/samples/SAMN02440640/curationlinks/{hash}","templated":true},"structuredData":{"href":"https://www.ebi.ac.uk/biosamples/structureddata/SAMN02440640"}}}