{"name":"73.20110800_S3S.47","accession":"SAMN08179250","domain":"self.BiosampleImportNCBI","taxId":2026780,"release":"2018-05-19T00:00:00Z","update":"2022-10-26T12:08:19.649Z","submitted":"2017-12-14T19:09:14.226Z","characteristics":{"External Id":[{"text":"SAMN08179250","tag":"Namespace:BioSample"}],"INSDC center name":[{"text":"The University of Queensland"}],"INSDC first public":[{"text":"2018-05-19T00:00:00Z"}],"INSDC last update":[{"text":"2022-10-25T21:05:36.165Z"}],"INSDC status":[{"text":"live"}],"NCBI submission model":[{"text":"Microbe, viral or environmental"}],"NCBI submission package":[{"text":"Microbe.1.0"}],"altitude":[{"text":"363 m","tag":"attribute"}],"collection date":[{"text":"2011-08-16","tag":"attribute"}],"depth":[{"text":"0.01-0.04","tag":"attribute"}],"environmental sample":[{"text":"1","tag":"attribute"}],"geo loc name":[{"text":"Sweden: Stordalen Mire","tag":"attribute"}],"isolate":[{"text":"bog_1363","tag":"attribute"}],"isolation source":[{"text":"permafrost active layer soil","tag":"attribute"}],"lat lon":[{"text":"68.3533 N 19.0475 E","tag":"attribute"}],"metagenome source":[{"text":"peat metagenome","tag":"attribute"}],"metagenomic":[{"text":"1","tag":"attribute"}],"name":[{"text":"note","tag":"attribute"}],"organism":[{"text":"Planctomycetota bacterium","ontologyTerms":["http://purl.obolibrary.org/obo/NCBITaxon_2026780"]}],"sample type":[{"text":"metagenomic assembly","tag":"attribute"}],"title":[{"text":"MAG Planctomycetes-like_bog_1363 from metagenome 20110800_S3S"}],"value":[{"text":"This BioSample is a metagenomic assembly obtained from the 20110800_S3S metagenome BioSample: SAMN07124945.","tag":"attribute"}]},"submittedVia":"PIPELINE_IMPORT","create":"2017-12-14T19:09:14.226Z","_links":{"self":{"href":"https://www.ebi.ac.uk/biosamples/samples/SAMN08179250"},"curationDomain":{"href":"https://www.ebi.ac.uk/biosamples/samples/SAMN08179250{?curationdomain}","templated":true},"curationLinks":{"href":"https://www.ebi.ac.uk/biosamples/samples/SAMN08179250/curationlinks"},"curationLink":{"href":"https://www.ebi.ac.uk/biosamples/samples/SAMN08179250/curationlinks/{hash}","templated":true},"structuredData":{"href":"https://www.ebi.ac.uk/biosamples/structureddata/SAMN08179250"}}}