{"name":"RIFCSPHIGHO2_12_FULL_Deltaproteobacteria_43_9_curated","accession":"SAMN04315668","domain":"self.BiosampleImportNCBI","taxId":1797867,"release":"2016-02-22T00:00:00Z","update":"2022-03-29T15:10:22.549Z","submitted":"2015-12-03T12:28:05Z","characteristics":{"External Id":[{"text":"SAMN04315668","tag":"Namespace:BioSample"}],"INSDC center name":[{"text":"Banfield Lab, University of California, Berkeley"}],"INSDC first public":[{"text":"2016-02-22T00:00:00Z"}],"INSDC last update":[{"text":"2021-02-28T03:01:05.720Z"}],"INSDC status":[{"text":"live"}],"NCBI submission model":[{"text":"Metagenome or environmental"}],"NCBI submission package":[{"text":"Metagenome.environmental.1.0"}],"collection date":[{"text":"2013-07-07","tag":"attribute"}],"environmental sample":[{"text":"true","tag":"attribute"}],"geo loc name":[{"text":"USA: Rifle, CO","tag":"attribute"}],"isolation source":[{"text":"Rifle well FP-101 under high O2 conditions; 1.2 micron filter; full assembly","tag":"attribute"}],"lat lon":[{"text":"39.5369 N 107.7828 W","tag":"attribute"}],"metagenome source":[{"text":"subsurface metagenome","tag":"attribute"}],"metagenomic":[{"text":"true","tag":"attribute"}],"note":[{"text":"This biosample is a genome obtained from the metagenome sample SAMN03842435","tag":"attribute"}],"organism":[{"text":"Deltaproteobacteria bacterium RIFCSPHIGHO2_12_FULL_43_9","ontologyTerms":["http://purl.obolibrary.org/obo/NCBITaxon_1797867"]}],"title":[{"text":"Metagenome or environmental sample from Deltaproteobacteria bacterium RIFCSPHIGHO2_12_FULL_43_9"}]},"submittedVia":"JSON_API","create":"2015-12-03T12:28:05Z","_links":{"self":{"href":"https://www.ebi.ac.uk/biosamples/samples/SAMN04315668"},"curationDomain":{"href":"https://www.ebi.ac.uk/biosamples/samples/SAMN04315668{?curationdomain}","templated":true},"curationLinks":{"href":"https://www.ebi.ac.uk/biosamples/samples/SAMN04315668/curationlinks"},"curationLink":{"href":"https://www.ebi.ac.uk/biosamples/samples/SAMN04315668/curationlinks/{hash}","templated":true},"structuredData":{"href":"https://www.ebi.ac.uk/biosamples/structureddata/SAMN04315668"}}}