{"name":"AG-355-O21","accession":"SAMN08886219","domain":"self.BiosampleImportNCBI","taxId":2162571,"release":"2018-04-06T00:00:00Z","update":"2022-03-30T16:17:00.805Z","submitted":"2018-04-06T15:44:13.107Z","characteristics":{"External Id":[{"text":"SAMN08886219","tag":"Namespace:BioSample"}],"INSDC center name":[{"text":"Massachusetts Institute of Technology"}],"INSDC first public":[{"text":"2018-04-06T00:00:00Z"}],"INSDC secondary accession":[{"text":"SRS3198273"}],"INSDC status":[{"text":"live"}],"NCBI submission model":[{"text":"Microbe, viral or environmental"}],"SRA accession":[{"text":"SRS3198273"}],"bottle_id":[{"text":"1024800403","tag":"attribute"}],"collection date":[{"text":"2009-07-14","tag":"attribute"}],"cruise id":[{"text":"AE0916","tag":"attribute"}],"cruise_name":[{"text":"BATS248","tag":"attribute"}],"cruise_station":[{"text":"BATS","tag":"attribute"}],"depth":[{"text":"10m","tag":"attribute"}],"env biome":[{"text":"ocean_biome","tag":"attribute"}],"geo loc name":[{"text":"Atlantic Ocean","tag":"attribute"}],"gold_study_name":[{"text":"HOT-BATS-SingleCells","tag":"attribute"}],"img genome id":[{"text":"2716884516","tag":"attribute"}],"img_genome_name":[{"text":"SAR116 cluster alphaproteobacterium AG-355-O21","tag":"attribute"}],"isolate":[{"text":"AG-355-O21","tag":"attribute"}],"isolation source":[{"text":"single cell amplified by WGA-X; seawater","tag":"attribute"}],"lat lon":[{"text":"31.07 N 64.17 W","tag":"attribute"}],"longhurst_province":[{"text":"NASW","tag":"attribute"}],"organism":[{"text":"SAR116 cluster bacterium AG-355-O21","ontologyTerms":["http://purl.obolibrary.org/obo/NCBITaxon_2162571"]}],"project":[{"text":"BATS","tag":"attribute"}],"sample type":[{"text":"single cell","ontologyTerms":["http://www.ebi.ac.uk/efo/EFO_0009899"],"tag":"attribute"}],"sequencing center":[{"text":"Bigelow Laboratory Single Cell Genomics Center (SCGC)","tag":"attribute"}],"taxon id":[{"text":"62654","tag":"attribute"}],"title":[{"text":"Microbe sample from SAR116 cluster bacterium AG-355-O21"}]},"externalReferences":[{"url":"https://www.ebi.ac.uk/ena/data/view/SAMN08886219","duo":null}],"submittedVia":"JSON_API","create":"2018-04-06T15:44:13.107Z","_links":{"self":{"href":"https://www.ebi.ac.uk/biosamples/samples/SAMN08886219"},"curationDomain":{"href":"https://www.ebi.ac.uk/biosamples/samples/SAMN08886219{?curationdomain}","templated":true},"curationLinks":{"href":"https://www.ebi.ac.uk/biosamples/samples/SAMN08886219/curationlinks"},"curationLink":{"href":"https://www.ebi.ac.uk/biosamples/samples/SAMN08886219/curationlinks/{hash}","templated":true},"structuredData":{"href":"https://www.ebi.ac.uk/biosamples/structureddata/SAMN08886219"}}}