{"name":"SAMN05977994","accession":"SAMN05977994","domain":"self.BiosampleImportNCBI","taxId":586733,"release":"2016-12-02T00:00:00Z","update":"2022-03-29T22:24:12.436Z","submitted":"2016-11-03T12:57:18.143Z","characteristics":{"External Id":[{"text":"MMMOSAM:b5fd8d6d-ad9c-4a08-ad28-f37f0666a1a0","tag":"Namespace:ModMedMicOxford"},{"text":"SAMN05977994","tag":"Namespace:BioSample"}],"INSDC center name":[{"text":"Modernising Medical Microbiology, NDM, Oxford University"}],"INSDC first public":[{"text":"2016-12-02T00:00:00Z"}],"INSDC last update":[{"text":"2021-02-28T03:48:36.870Z"}],"INSDC secondary accession":[{"text":"SRS1804850"}],"INSDC status":[{"text":"live"}],"NCBI submission model":[{"text":"Microbe, viral or environmental"}],"NCBI submission package":[{"text":"Microbe.1.0"}],"SRA accession":[{"text":"SRS1804850"}],"collected by":[{"text":"ModMedMicOxford","tag":"attribute"}],"collection date":[{"text":"2010-12-01","tag":"attribute"}],"culture-collection":[{"text":"CCUG:58238","tag":"attribute"}],"geo loc name":[{"text":"Sweden: Gothenburg","tag":"attribute"}],"host":[{"text":"Cow","tag":"attribute"}],"isolation source":[{"text":"Teat apex","tag":"attribute"}],"organism":[{"text":"Staphylococcus devriesei","ontologyTerms":["http://purl.obolibrary.org/obo/NCBITaxon_586733"]}],"sample type":[{"text":"whole organism","ontologyTerms":["http://purl.obolibrary.org/obo/UBERON_0000468"],"tag":"attribute"}],"strain":[{"text":"CCUG 58238","tag":"attribute"}],"title":[{"text":"Staphylococcus genus type strain"}],"type material":[{"text":"type strain of Staphylococcus devriesei","tag":"attribute"}]},"externalReferences":[{"url":"https://www.ebi.ac.uk/ena/browser/view/SAMN05977994","duo":[]},{"url":"https://www.ebi.ac.uk/ena/data/view/SAMN05977994","duo":null}],"submittedVia":"JSON_API","create":"2016-11-03T12:57:18.143Z","_links":{"self":{"href":"https://www.ebi.ac.uk/biosamples/samples/SAMN05977994"},"curationDomain":{"href":"https://www.ebi.ac.uk/biosamples/samples/SAMN05977994{?curationdomain}","templated":true},"curationLinks":{"href":"https://www.ebi.ac.uk/biosamples/samples/SAMN05977994/curationlinks"},"curationLink":{"href":"https://www.ebi.ac.uk/biosamples/samples/SAMN05977994/curationlinks/{hash}","templated":true},"structuredData":{"href":"https://www.ebi.ac.uk/biosamples/structureddata/SAMN05977994"}}}