{"name":"Thaumarchaeota archaeum casp-thauma4","accession":"SAMN03733546","domain":"self.BiosampleImportNCBI","taxId":1661714,"release":"2015-10-30T00:00:00Z","update":"2022-03-29T11:12:31.022Z","submitted":"2015-05-25T13:12:17Z","characteristics":{"External Id":[{"text":"SAMN03733546","tag":"Namespace:BioSample"}],"INSDC center name":[{"text":"University of Tehran / Iranian Biological Resource Center"}],"INSDC first public":[{"text":"2015-10-30T00:00:00Z"}],"INSDC last update":[{"text":"2021-02-28T02:44:15.693Z"}],"INSDC status":[{"text":"live"}],"NCBI submission model":[{"text":"Microbe, viral or environmental"}],"NCBI submission package":[{"text":"Microbe.1.0"}],"collection date":[{"text":"2013-10-01","tag":"attribute"}],"description":[{"text":"The Caspian Sea is the world's largest enclosed body of water. The northern part of the Caspian sea is largely a freshwater habitat. Salinity increases gradually towards the middle part, and the southernmost part is a stable brackish ecosystem with 1.1% salinty (ca. one third of the open ocean). This biosample contains a genome in phylum Alphaproteobacteria assembled from Caspian Sea depth profile metagenomes."}],"environmental sample":[{"text":"TRUE","tag":"attribute"}],"geo loc name":[{"text":"Iran: Caspian Sea near Babolsar","tag":"attribute"}],"isolate":[{"text":"casp-thauma4","tag":"attribute"}],"isolation source":[{"text":"Capian Sea","tag":"attribute"}],"metagenome source":[{"text":"aquatic metagenome","tag":"attribute"}],"metagenomic":[{"text":"TRUE","tag":"attribute"}],"note":[{"text":"This biosample is a metagenomic assembly obtained from the aquatic metagenome BioSamples: SAMN03444909, SAMN03444948, and SAMN03444961","tag":"attribute"}],"organism":[{"text":"Thaumarchaeota archaeon casp-thauma4","ontologyTerms":["http://purl.obolibrary.org/obo/NCBITaxon_1661714"]}],"sample type":[{"text":"metagenomic assembly","tag":"attribute"}],"title":[{"text":"Thaumarchaeota archaeon casp-thauma4"}]},"submittedVia":"JSON_API","create":"2015-05-25T13:12:17Z","_links":{"self":{"href":"https://www.ebi.ac.uk/biosamples/samples/SAMN03733546"},"curationDomain":{"href":"https://www.ebi.ac.uk/biosamples/samples/SAMN03733546{?curationdomain}","templated":true},"curationLinks":{"href":"https://www.ebi.ac.uk/biosamples/samples/SAMN03733546/curationlinks"},"curationLink":{"href":"https://www.ebi.ac.uk/biosamples/samples/SAMN03733546/curationlinks/{hash}","templated":true},"structuredData":{"href":"https://www.ebi.ac.uk/biosamples/structureddata/SAMN03733546"}}}