{"name":"Heimdallarchaeote LC_3","accession":"SAMN04924817","domain":"self.BiosampleImportNCBI","taxId":1841598,"release":"2017-01-12T00:00:00Z","update":"2022-03-29T17:39:08.275Z","submitted":"2016-05-01T17:54:04Z","characteristics":{"External Id":[{"text":"SAMN04924817","tag":"Namespace:BioSample"}],"INSDC center name":[{"text":"Uppsala University"}],"INSDC first public":[{"text":"2017-01-12T00:00:00Z"}],"INSDC last update":[{"text":"2021-09-26T02:35:08.800Z"}],"INSDC status":[{"text":"live"}],"NCBI submission model":[{"text":"Microbe, viral or environmental"}],"NCBI submission package":[{"text":"Microbe.1.0"}],"altitude":[{"text":"-3283 m","tag":"attribute"}],"collection date":[{"text":"2010","tag":"attribute"}],"depth":[{"text":"0.75 mbsf","tag":"attribute"}],"description":[{"text":"Heimdallarchaeote LC_3 was extracted from an MDA-amplified Loki's Castle sample in two rounds of binning, by PhymmBL and ESOM and taking their intersection, and further cleaned using unamplified coverage, and collapsing of overlaping contigs with minimus, among other things. For details of the metagenome generation and binning see Zaremba-Niedzwiedzka et al."}],"env biome":[{"text":"sea floor","tag":"attribute"}],"environmental sample":[{"text":"TRUE","tag":"attribute"}],"geo loc name":[{"text":"Arctic Ocean: Gakkel Ridge","tag":"attribute"}],"isolate":[{"text":"LC_3","tag":"attribute"}],"isolation source":[{"text":"LokiAmp MDA-amplified sample from Loki's castle hydrothermal vent sediment","tag":"attribute"}],"lat lon":[{"text":"73.763167 N 8.46399999 E","tag":"attribute"}],"metagenome source":[{"text":"marine sediment metagenome","tag":"attribute"}],"metagenomic":[{"text":"TRUE","tag":"attribute"}],"note":[{"text":"This biosample is a metagenomic assembly obtained from the marine sediment metagenome BioSample: SAMN03002195","tag":"attribute"}],"organism":[{"text":"Candidatus Heimdallarchaeota archaeon LC_3","ontologyTerms":["http://purl.obolibrary.org/obo/NCBITaxon_1841598"]}],"sample type":[{"text":"metagenomic assembly","tag":"attribute"}],"title":[{"text":"Metagenomic bin for Heimdallarchaeote LC_3 from marine sediments SAMN03002195"}]},"submittedVia":"JSON_API","create":"2016-05-01T17:54:04Z","_links":{"self":{"href":"https://www.ebi.ac.uk/biosamples/samples/SAMN04924817"},"curationDomain":{"href":"https://www.ebi.ac.uk/biosamples/samples/SAMN04924817{?curationdomain}","templated":true},"curationLinks":{"href":"https://www.ebi.ac.uk/biosamples/samples/SAMN04924817/curationlinks"},"curationLink":{"href":"https://www.ebi.ac.uk/biosamples/samples/SAMN04924817/curationlinks/{hash}","templated":true},"structuredData":{"href":"https://www.ebi.ac.uk/biosamples/structureddata/SAMN04924817"}}}