{"name":"Phycisphaerales bacterium UBA3160","accession":"SAMN06455685","domain":"self.BiosampleImportNCBI","taxId":1951197,"release":"2017-02-27T00:00:00Z","update":"2022-03-30T01:30:59.686Z","submitted":"2017-02-27T11:15:55.276Z","characteristics":{"External Id":[{"text":"SAMN06455685","tag":"Namespace:BioSample"}],"INSDC center name":[{"text":"University of Queensland"}],"INSDC first public":[{"text":"2017-02-27T00:00:00Z"}],"INSDC secondary accession":[{"text":"SRS2031451"}],"INSDC status":[{"text":"live"}],"NCBI submission model":[{"text":"Microbe, viral or environmental"}],"SRA accession":[{"text":"SRS2031451"}],"assembly method":[{"text":"CLC de novo assembler","tag":"attribute"}],"assembly_method_version":[{"text":"4.4.1","tag":"attribute"}],"completeness_estimated":[{"text":"97.35%","tag":"attribute"}],"contamination_estimated":[{"text":"1.14%","ontologyTerms":["http://purl.obolibrary.org/obo/PO_0007085"],"tag":"attribute"}],"environmental sample":[{"text":"true","tag":"attribute"}],"genome coverage":[{"text":"27.3","tag":"attribute"}],"isolate":[{"text":"UBA3160","tag":"attribute"}],"isolation-source":[{"text":"saline water (ENVO:00002010), including plankton (ENVO:xxxxxxxx)","tag":"attribute"}],"mapping_method":[{"text":"BWA (BWA-MEM)","tag":"attribute"}],"mapping_method_version":[{"text":"0.7.12-r1039","tag":"attribute"}],"metagenome source":[{"text":"marine metagenome","tag":"attribute"}],"metagenomic":[{"text":"true","tag":"attribute"}],"organism":[{"text":"Phycisphaerales bacterium UBA3160","ontologyTerms":["http://purl.obolibrary.org/obo/NCBITaxon_1951197"]}],"quality_assessment_method":[{"text":"CheckM","tag":"attribute"}],"quality_assessment_method_version":[{"text":"1.0.6","tag":"attribute"}],"sample type":[{"text":"metagenomic assembly","tag":"attribute"}],"subsrc_note":[{"text":"Genome binned from sequencing reads available in ERX556045 metagenome","tag":"attribute"}],"title":[{"text":"Uncultivated Phycisphaerales bacterium UBA3160 genome recovered from ERX556045"}],"value":[{"text":"This BioSample is a metagenomic assembly obtained from the marine metagenome reads: ERR598965.","tag":"attribute"}]},"externalReferences":[{"url":"https://www.ebi.ac.uk/ena/data/view/SAMN06455685","duo":null}],"submittedVia":"JSON_API","create":"2017-02-27T11:15:55.276Z","_links":{"self":{"href":"https://www.ebi.ac.uk/biosamples/samples/SAMN06455685"},"curationDomain":{"href":"https://www.ebi.ac.uk/biosamples/samples/SAMN06455685{?curationdomain}","templated":true},"curationLinks":{"href":"https://www.ebi.ac.uk/biosamples/samples/SAMN06455685/curationlinks"},"curationLink":{"href":"https://www.ebi.ac.uk/biosamples/samples/SAMN06455685/curationlinks/{hash}","templated":true},"structuredData":{"href":"https://www.ebi.ac.uk/biosamples/structureddata/SAMN06455685"}}}