{"name":"candidate division WOR-3 bacterium 4484_18","accession":"SAMN07350899","domain":"self.BiosampleImportNCBI","taxId":2020626,"release":"2017-07-14T00:00:00Z","update":"2022-03-30T06:11:10.591Z","submitted":"2017-07-14T09:39:04.413Z","characteristics":{"External Id":[{"text":"SAMN07350899","tag":"Namespace:BioSample"}],"INSDC center name":[{"text":"The University of Texas at Austin"}],"INSDC first public":[{"text":"2017-07-14T00:00:00Z"}],"INSDC last update":[{"text":"2017-07-14T15:40:06.885Z"}],"INSDC status":[{"text":"live"}],"NCBI submission model":[{"text":"Microbe, viral or environmental"}],"NCBI submission package":[{"text":"Microbe.1.0"}],"collection date":[{"text":"2008-12","tag":"attribute"}],"description":[{"text":"This biosample is a metagenomic assembly obtained from two marine sediment metagenomes BioSample: SAMN06251742 and SAMN06251743."}],"environmental sample":[{"text":"TRUE","tag":"attribute"}],"geo loc name":[{"text":"USA: Guaymas Basin, Gulf of California","tag":"attribute"}],"isolate":[{"text":"4484_18","tag":"attribute"}],"isolation source":[{"text":"deep-sea hydrothermal vent sediments","tag":"attribute"}],"metagenome source":[{"text":"marine sediment metagenome","tag":"attribute"}],"metagenomic":[{"text":"TRUE","tag":"attribute"}],"note":[{"text":"This biosample is a metagenomic assembly obtained from two marine sediment metagenomes BioSample: SAMN06251742 and SAMN06251743.","tag":"attribute"}],"organism":[{"text":"candidate division bacterium WOR-3 4484_18","ontologyTerms":["http://purl.obolibrary.org/obo/NCBITaxon_2020626"]}],"sample type":[{"text":"metagenomic assembly","tag":"attribute"}],"title":[{"text":"Microbe sample from candidate division WOR-3 4484_18"}]},"submittedVia":"JSON_API","create":"2017-07-14T09:39:04.413Z","_links":{"self":{"href":"https://www.ebi.ac.uk/biosamples/samples/SAMN07350899"},"curationDomain":{"href":"https://www.ebi.ac.uk/biosamples/samples/SAMN07350899{?curationdomain}","templated":true},"curationLinks":{"href":"https://www.ebi.ac.uk/biosamples/samples/SAMN07350899/curationlinks"},"curationLink":{"href":"https://www.ebi.ac.uk/biosamples/samples/SAMN07350899/curationlinks/{hash}","templated":true},"structuredData":{"href":"https://www.ebi.ac.uk/biosamples/structureddata/SAMN07350899"}}}