{"name":"RIFOXYA2_FULL_Raymondbacteria_49_16_curated","accession":"SAMN04314369","domain":"self.BiosampleImportNCBI","taxId":1817885,"release":"2016-03-21T00:00:00Z","update":"2022-03-29T15:09:42.411Z","submitted":"2015-12-03T12:24:53Z","characteristics":{"External Id":[{"text":"SAMN04314369","tag":"Namespace:BioSample"}],"INSDC center name":[{"text":"Banfield Lab, University of California, Berkeley"}],"INSDC first public":[{"text":"2016-03-21T00:00:00Z"}],"INSDC last update":[{"text":"2021-02-28T03:00:31.684Z"}],"INSDC status":[{"text":"live"}],"NCBI submission model":[{"text":"Metagenome or environmental"}],"NCBI submission package":[{"text":"Metagenome.environmental.1.0"}],"collection date":[{"text":"2012-08-02","tag":"attribute"}],"environmental sample":[{"text":"true","tag":"attribute"}],"geo loc name":[{"text":"USA: Rifle, CO","tag":"attribute"}],"isolation source":[{"text":"Rifle well CD01 at 16ft depth; 0.2 micron filter at time point A","tag":"attribute"}],"lat lon":[{"text":"39.5369 N 107.7828 W","tag":"attribute"}],"metagenome source":[{"text":"subsurface metagenome","tag":"attribute"}],"metagenomic":[{"text":"true","tag":"attribute"}],"note":[{"text":"This biosample is a genome obtained from the metagenome sample SAMN03842443","tag":"attribute"}],"organism":[{"text":"Candidatus Raymondbacteria bacterium RIFOXYA2_FULL_49_16","ontologyTerms":["http://purl.obolibrary.org/obo/NCBITaxon_1817885"]}],"title":[{"text":"Metagenome or environmental sample from Candidatus Raymondbacteria bacterium RIFOXYA2_FULL_49_16"}]},"submittedVia":"JSON_API","create":"2015-12-03T12:24:53Z","_links":{"self":{"href":"https://www.ebi.ac.uk/biosamples/samples/SAMN04314369"},"curationDomain":{"href":"https://www.ebi.ac.uk/biosamples/samples/SAMN04314369{?curationdomain}","templated":true},"curationLinks":{"href":"https://www.ebi.ac.uk/biosamples/samples/SAMN04314369/curationlinks"},"curationLink":{"href":"https://www.ebi.ac.uk/biosamples/samples/SAMN04314369/curationlinks/{hash}","templated":true},"structuredData":{"href":"https://www.ebi.ac.uk/biosamples/structureddata/SAMN04314369"}}}