{"name":"bacterium UBP3_UBA6266","accession":"SAMN06455703","domain":"self.BiosampleImportNCBI","taxId":1953431,"release":"2017-02-27T00:00:00Z","update":"2022-03-30T01:31:00.074Z","submitted":"2017-02-27T11:15:56.060Z","characteristics":{"External Id":[{"text":"SAMN06455703","tag":"Namespace:BioSample"}],"INSDC center name":[{"text":"University of Queensland"}],"INSDC first public":[{"text":"2017-02-27T00:00:00Z"}],"INSDC last update":[{"text":"2017-08-15T12:58:19.340Z"}],"INSDC secondary accession":[{"text":"SRS2033406"}],"INSDC status":[{"text":"live"}],"NCBI submission model":[{"text":"Microbe, viral or environmental"}],"NCBI submission package":[{"text":"Microbe.1.0"}],"SRA accession":[{"text":"SRS2033406"}],"assembly method":[{"text":"CLC de novo assembler","tag":"attribute"}],"assembly_method_version":[{"text":"4.4.1","tag":"attribute"}],"completeness_estimated":[{"text":"87.84%","tag":"attribute"}],"contamination_estimated":[{"text":"3.38%","tag":"attribute"}],"description":[{"text":"Uncultivated genome recovered from an assembly of the SRX327522 metagenome."}],"environmental sample":[{"text":"true","tag":"attribute"}],"genome coverage":[{"text":"8.95","tag":"attribute"}],"geo loc name":[{"text":"Canada: Medicine Hat Glauconitic field","tag":"attribute"}],"isolate":[{"text":"UBA6266","tag":"attribute"}],"isolation-source":[{"text":"waste water","tag":"attribute"}],"mapping_method":[{"text":"BWA (BWA-MEM)","tag":"attribute"}],"mapping_method_version":[{"text":"0.7.12-r1039","tag":"attribute"}],"metagenome source":[{"text":"hydrocarbon metagenome","tag":"attribute"}],"metagenomic":[{"text":"true","tag":"attribute"}],"organism":[{"text":"bacterium UBP3_UBA6266","ontologyTerms":["http://purl.obolibrary.org/obo/NCBITaxon_1953431"]}],"quality_assessment_method":[{"text":"CheckM","tag":"attribute"}],"quality_assessment_method_version":[{"text":"1.0.6","tag":"attribute"}],"sample type":[{"text":"metagenomic assembly","tag":"attribute"}],"subsrc_note":[{"text":"Genome binned from sequencing reads available in SRX327522 metagenome","tag":"attribute"}],"title":[{"text":"Uncultivated bacterium UBP3_UBA6266 genome recovered from SRX327522"}],"value":[{"text":"This BioSample is a metagenomic assembly obtained from the hydrocarbon metagenome reads: SRR943321,SRR943320,SRR943319,SRR943317,SRR942928,SRR943316,SRR943318.","tag":"attribute"}]},"externalReferences":[{"url":"https://www.ebi.ac.uk/ena/data/view/SAMN06455703","duo":null}],"submittedVia":"JSON_API","create":"2017-02-27T11:15:56.060Z","_links":{"self":{"href":"https://www.ebi.ac.uk/biosamples/samples/SAMN06455703"},"curationDomain":{"href":"https://www.ebi.ac.uk/biosamples/samples/SAMN06455703{?curationdomain}","templated":true},"curationLinks":{"href":"https://www.ebi.ac.uk/biosamples/samples/SAMN06455703/curationlinks"},"curationLink":{"href":"https://www.ebi.ac.uk/biosamples/samples/SAMN06455703/curationlinks/{hash}","templated":true},"structuredData":{"href":"https://www.ebi.ac.uk/biosamples/structureddata/SAMN06455703"}}}