{"name":"Anaerolineaceae bacterium NAT290","accession":"SAMN07618355","domain":"self.BiosampleImportNCBI","taxId":2024896,"release":"2017-09-07T00:00:00Z","update":"2022-03-30T07:44:24.929Z","submitted":"2017-09-07T19:28:08.053Z","characteristics":{"External Id":[{"text":"SAMN07618355","tag":"Namespace:BioSample"}],"INSDC center name":[{"text":"University of Southern California"}],"INSDC first public":[{"text":"2017-09-07T00:00:00Z"}],"INSDC last update":[{"text":"2018-10-30T14:46:12.253Z"}],"INSDC status":[{"text":"live"}],"NCBI submission model":[{"text":"Microbe, viral or environmental"}],"NCBI submission package":[{"text":"Microbe.1.0"}],"collected by":[{"text":"Tara Oceans Consortium","tag":"attribute"}],"collection date":[{"text":"2011","tag":"attribute"}],"depth":[{"text":"5-1000m","ontologyTerms":["http://www.ebi.ac.uk/efo/EFO_0006768"],"tag":"attribute"}],"env biome":[{"text":"marine pelagic biome","tag":"attribute"}],"environmental sample":[{"text":"1","tag":"attribute"}],"geo loc name":[{"text":"Atlantic Ocean","tag":"attribute"}],"isolate":[{"text":"NAT290","tag":"attribute"}],"isolation source":[{"text":"North Atlantic Ocean","tag":"attribute"}],"metagenome source":[{"text":"marine metagenome","tag":"attribute"}],"metagenomic":[{"text":"1","tag":"attribute"}],"note":[{"text":"This BioSample is a metagenomic assembly obtained from the publically available reads for the TARA Oceans Project deposited in the Sequence Read Archive (SRA) database with runs accessions ERR599052, ERR598942, ERR599115, ERR598989, ERR1719294, ERR1719252, ERR1719387, ERR1756149, ERR1756234, ERR868477, ERR599363, ERR598987, ERR599070, ERR599099, ERR599147, ERR1719158, ERR1719449, ERR1755987, ERR1756266, ERR868492, ERR599340, ERR868512, ERR599366, ERR1756080, ERR868390, ERR599355, ERR1719359, ERR1719377, ERR1756036, ERR1756336, ERR868398, ERR599345, ERR1712000, ERR1712169, ERR868467, ERR599365","tag":"attribute"}],"organism":[{"text":"Anaerolineaceae bacterium","ontologyTerms":["http://purl.obolibrary.org/obo/NCBITaxon_2024896"]}],"sample type":[{"text":"metagenomic assembly","tag":"attribute"}],"title":[{"text":"2,631 Draft Metagenome-Assembled Genomes from the Global Oceans"}]},"submittedVia":"JSON_API","create":"2017-09-07T19:28:08.053Z","_links":{"self":{"href":"https://www.ebi.ac.uk/biosamples/samples/SAMN07618355"},"curationDomain":{"href":"https://www.ebi.ac.uk/biosamples/samples/SAMN07618355{?curationdomain}","templated":true},"curationLinks":{"href":"https://www.ebi.ac.uk/biosamples/samples/SAMN07618355/curationlinks"},"curationLink":{"href":"https://www.ebi.ac.uk/biosamples/samples/SAMN07618355/curationlinks/{hash}","templated":true},"structuredData":{"href":"https://www.ebi.ac.uk/biosamples/structureddata/SAMN07618355"}}}