{"name":"Gammaproteobacteria bacterium CPC92","accession":"SAMN07620402","domain":"self.BiosampleImportNCBI","taxId":1913989,"release":"2017-09-07T00:00:00Z","update":"2022-03-30T07:45:34.120Z","submitted":"2017-09-07T19:44:09.900Z","characteristics":{"External Id":[{"text":"SAMN07620402","tag":"Namespace:BioSample"}],"INSDC center name":[{"text":"University of Southern California"}],"INSDC first public":[{"text":"2017-09-07T00:00:00Z"}],"INSDC last update":[{"text":"2018-10-30T14:46:48.576Z"}],"INSDC status":[{"text":"live"}],"NCBI submission model":[{"text":"Microbe, viral or environmental"}],"NCBI submission package":[{"text":"Microbe.1.0"}],"collected by":[{"text":"Tara Oceans Consortium","tag":"attribute"}],"collection date":[{"text":"2010","tag":"attribute"}],"depth":[{"text":"5-1000m","ontologyTerms":["http://www.ebi.ac.uk/efo/EFO_0006768"],"tag":"attribute"}],"env biome":[{"text":"marine pelagic biome","tag":"attribute"}],"environmental sample":[{"text":"1","tag":"attribute"}],"geo loc name":[{"text":"Pacific Ocean","tag":"attribute"}],"isolate":[{"text":"CPC92","ontologyTerms":["http://www.ebi.ac.uk/efo/EFO_0006559"],"tag":"attribute"}],"isolation source":[{"text":"Chile-Peru Current Coastal Province","tag":"attribute"}],"metagenome source":[{"text":"marine metagenome","tag":"attribute"}],"metagenomic":[{"text":"1","tag":"attribute"}],"note":[{"text":"This BioSample is a metagenomic assembly obtained from the publically available reads for the TARA Oceans Project deposited in the Sequence Read Archive (SRA) database with runs accessions ERR599057, ERR599376, ERR599112, ERR599371, ERR599058, ERR599026, ERR599362, ERR599012, ERR599339, ERR598970, ERR599088, ERR599150, ERR594392, ERR599021, ERR599164, ERR599225, ERR599351, ERR598972, ERR599023, ERR599025, ERR594324, ERR594385, ERR598979, ERR599146, ERR594320, ERR598960, ERR599034, ERR598990, ERR599018, ERR599110, ERR594291, ERR594382, ERR594414","tag":"attribute"}],"organism":[{"text":"Gammaproteobacteria bacterium","ontologyTerms":["http://purl.obolibrary.org/obo/NCBITaxon_1913989"]}],"sample type":[{"text":"metagenomic assembly","tag":"attribute"}],"title":[{"text":"2,631 Draft Metagenome-Assembled Genomes from the Global Oceans"}]},"submittedVia":"JSON_API","create":"2017-09-07T19:44:09.900Z","_links":{"self":{"href":"https://www.ebi.ac.uk/biosamples/samples/SAMN07620402"},"curationDomain":{"href":"https://www.ebi.ac.uk/biosamples/samples/SAMN07620402{?curationdomain}","templated":true},"curationLinks":{"href":"https://www.ebi.ac.uk/biosamples/samples/SAMN07620402/curationlinks"},"curationLink":{"href":"https://www.ebi.ac.uk/biosamples/samples/SAMN07620402/curationlinks/{hash}","templated":true},"structuredData":{"href":"https://www.ebi.ac.uk/biosamples/structureddata/SAMN07620402"}}}