{"name":"UBA9636","accession":"SAMN08017683","domain":"self.BiosampleImportNCBI","taxId":2035772,"release":"2017-12-15T09:50:04.620Z","update":"2022-03-30T10:41:30.993Z","submitted":"2017-11-13T20:19:11.807Z","characteristics":{"External Id":[{"text":"SAMN08017683","tag":"Namespace:BioSample"}],"INSDC center name":[{"text":"University of Queensland"}],"INSDC secondary accession":[{"text":"SRS2843977"}],"INSDC status":[{"text":"live"}],"NCBI submission model":[{"text":"Microbe, viral or environmental"}],"SRA accession":[{"text":"SRS2843977"}],"assembly method":[{"text":"CLC de novo assembler","tag":"attribute"}],"assembly_method_version":[{"text":"4.4.1","tag":"attribute"}],"completeness_estimated":[{"text":"90.26%","tag":"attribute"}],"contamination_estimated":[{"text":"2.15%","tag":"attribute"}],"environmental sample":[{"text":"true","tag":"attribute"}],"genome coverage":[{"text":"17.17x","tag":"attribute"}],"isolate":[{"text":"UBA9636","tag":"attribute"}],"isolation source":[{"text":"groundwater","tag":"attribute"}],"mapping_method":[{"text":"BWA (BWA-MEM)","tag":"attribute"}],"mapping_method_version":[{"text":"0.7.12-r1039","tag":"attribute"}],"metagenome source":[{"text":"groundwater metagenome","tag":"attribute"}],"metagenomic":[{"text":"true","tag":"attribute"}],"note":[{"text":"groundwater metagenome","tag":"attribute"}],"organism":[{"text":"Candidatus Omnitrophica bacterium","ontologyTerms":["http://purl.obolibrary.org/obo/NCBITaxon_2035772"]}],"quality_assessment_method":[{"text":"CheckM","tag":"attribute"}],"quality_assessment_method_version":[{"text":"1.0.6","tag":"attribute"}],"sample type":[{"text":"metagenomic assembly","tag":"attribute"}],"title":[{"text":"Uncultivated Omnitrophica bacterium UBA9636 genome recovered from SRX1161881"}],"value":[{"text":"This BioSample is a metagenomic assembly obtained from the groundwater metagenome reads: SRR2177954.","tag":"attribute"}]},"externalReferences":[{"url":"https://www.ebi.ac.uk/ena/data/view/SAMN08017683","duo":null}],"submittedVia":"JSON_API","create":"2017-11-13T20:19:11.807Z","_links":{"self":{"href":"https://www.ebi.ac.uk/biosamples/samples/SAMN08017683"},"curationDomain":{"href":"https://www.ebi.ac.uk/biosamples/samples/SAMN08017683{?curationdomain}","templated":true},"curationLinks":{"href":"https://www.ebi.ac.uk/biosamples/samples/SAMN08017683/curationlinks"},"curationLink":{"href":"https://www.ebi.ac.uk/biosamples/samples/SAMN08017683/curationlinks/{hash}","templated":true},"structuredData":{"href":"https://www.ebi.ac.uk/biosamples/structureddata/SAMN08017683"}}}