{"name":"Uncultured WSA2 archaeon \"Ca. Methanofastidiosum methylthioreducens U1lsi0528\" genome","accession":"SAMN04008119","domain":"self.BiosampleImportNCBI","taxId":1705564,"release":"2016-03-17T00:00:00Z","update":"2022-03-29T13:06:09.168Z","submitted":"2015-08-21T22:57:33Z","characteristics":{"External Id":[{"text":"SAMN04008119","tag":"Namespace:BioSample"}],"INSDC center name":[{"text":"University of Illinois"}],"INSDC first public":[{"text":"2016-03-17T00:00:00Z"}],"INSDC last update":[{"text":"2021-02-28T02:50:35.105Z"}],"INSDC status":[{"text":"live"}],"NCBI submission model":[{"text":"Metagenome or environmental"}],"NCBI submission package":[{"text":"Metagenome.environmental.1.0"}],"collection date":[{"text":"2014-05-28","tag":"attribute"}],"environmental sample":[{"text":"true","tag":"attribute"}],"geo loc name":[{"text":"USA","tag":"attribute"}],"isolate":[{"text":"U1lsi0528_Bin055","tag":"attribute"}],"isolation source":[{"text":"Methanogenic purified terephthalic acid process wastewater treatment bioreactor","tag":"attribute"}],"lat lon":[{"text":"38.88 N 77.02 W","tag":"attribute"}],"metagenome source":[{"text":"bioreactor metagenome","tag":"attribute"}],"metagenomic":[{"text":"true","tag":"attribute"}],"note":[{"text":"This biosample is a metagenomic assembly obtained from the bioreactor metagenome BioSample: SAMN04270880.","tag":"attribute"}],"organism":[{"text":"Candidatus Methanofastidiosum methylthiophilus","ontologyTerms":["http://purl.obolibrary.org/obo/NCBITaxon_1705564"]}],"sample-type":[{"text":"metagenomic assembly","tag":"attribute"}],"title":[{"text":"Metagenome-derived genome of uncultured WSA2 archaeon Ca. Methanofastidiosum methylthioreducens U1lsi0528"}]},"submittedVia":"JSON_API","create":"2015-08-21T22:57:33Z","_links":{"self":{"href":"https://www.ebi.ac.uk/biosamples/samples/SAMN04008119"},"curationDomain":{"href":"https://www.ebi.ac.uk/biosamples/samples/SAMN04008119{?curationdomain}","templated":true},"curationLinks":{"href":"https://www.ebi.ac.uk/biosamples/samples/SAMN04008119/curationlinks"},"curationLink":{"href":"https://www.ebi.ac.uk/biosamples/samples/SAMN04008119/curationlinks/{hash}","templated":true},"structuredData":{"href":"https://www.ebi.ac.uk/biosamples/structureddata/SAMN04008119"}}}