{"name":"CG10_big_fil_rev_8_21_14_0_10_Archaea_43_11","accession":"SAMN06659321","domain":"self.BiosampleImportNCBI","taxId":1975556,"release":"2017-11-14T00:00:00Z","update":"2022-03-30T02:58:07.217Z","submitted":"2017-03-29T19:37:34.030Z","characteristics":{"External Id":[{"text":"SAMN06659321","tag":"Namespace:BioSample"}],"INSDC center name":[{"text":"Jill Banfield's Lab at Berkeley"}],"INSDC first public":[{"text":"2017-11-14T00:00:00Z"}],"INSDC last update":[{"text":"2021-02-28T04:11:11.688Z"}],"INSDC status":[{"text":"live"}],"NCBI submission model":[{"text":"MIGS/MIMS/MIMARKS.water"},{"text":"MIGS.ba"}],"NCBI submission package":[{"text":"MIGS.ba.water.5.0"}],"collection date":[{"text":"2014-08-21","tag":"attribute"}],"depth":[{"text":"2 m","tag":"attribute"}],"description":[{"text":"Keywords: GSC:MIxS;MIGS:5.0"}],"env biome":[{"text":"subsurface","tag":"attribute"}],"env feature":[{"text":"aquifer","tag":"attribute"}],"env_material":[{"text":"groundwater","tag":"attribute"}],"environmental sample":[{"text":"TRUE","tag":"attribute"}],"geo loc name":[{"text":"USA: Crystal Geyser near Green River, Utah","tag":"attribute"}],"isolate":[{"text":"CG10_big_fil_rev_8_21_14_0_10_43_11","tag":"attribute"}],"isolation source":[{"text":"groundwater","tag":"attribute"}],"lat lon":[{"text":"38.56 N 110.8 W","tag":"attribute"}],"metagenome source":[{"text":"groundwater metagenome","tag":"attribute"}],"metagenomic":[{"text":"TRUE","tag":"attribute"}],"note":[{"text":"This BioSample is a metagenomic assembly obtained from the groundwater metagenome BioSample: SAMN07960332","tag":"attribute"}],"organism":[{"text":"archaeon CG10_big_fil_rev_8_21_14_0_10_43_11","ontologyTerms":["http://purl.obolibrary.org/obo/NCBITaxon_1975556"]}],"sample type":[{"text":"metagenomic assembly","tag":"attribute"}],"title":[{"text":"MIGS Cultured Bacterial/Archaeal sample from archaeon CG10_big_fil_rev_8_21_14_0_10_43_11"}]},"submittedVia":"JSON_API","create":"2017-03-29T19:37:34.030Z","_links":{"self":{"href":"https://www.ebi.ac.uk/biosamples/samples/SAMN06659321"},"curationDomain":{"href":"https://www.ebi.ac.uk/biosamples/samples/SAMN06659321{?curationdomain}","templated":true},"curationLinks":{"href":"https://www.ebi.ac.uk/biosamples/samples/SAMN06659321/curationlinks"},"curationLink":{"href":"https://www.ebi.ac.uk/biosamples/samples/SAMN06659321/curationlinks/{hash}","templated":true},"structuredData":{"href":"https://www.ebi.ac.uk/biosamples/structureddata/SAMN06659321"}}}