{"name":"Verrucomicrobia bacterium UBA3783","accession":"SAMN06457848","domain":"self.BiosampleImportNCBI","taxId":1948259,"release":"2017-02-27T00:00:00Z","update":"2022-03-30T01:31:56.167Z","submitted":"2017-02-27T14:01:54.853Z","characteristics":{"External Id":[{"text":"SAMN06457848","tag":"Namespace:BioSample"}],"INSDC center name":[{"text":"University of Queensland"}],"INSDC first public":[{"text":"2017-02-27T00:00:00Z"}],"INSDC secondary accession":[{"text":"SRS2033113"}],"INSDC status":[{"text":"live"}],"NCBI submission model":[{"text":"Microbe, viral or environmental"}],"SRA accession":[{"text":"SRS2033113"}],"assembly method":[{"text":"CLC de novo assembler","tag":"attribute"}],"assembly_method_version":[{"text":"4.4.1","tag":"attribute"}],"completeness_estimated":[{"text":"83.89%","tag":"attribute"}],"contamination_estimated":[{"text":"1.61%","tag":"attribute"}],"environmental sample":[{"text":"true","tag":"attribute"}],"genome coverage":[{"text":"28.39","tag":"attribute"}],"isolate":[{"text":"UBA3783","tag":"attribute"}],"isolation-source":[{"text":"high methane producing sheep","tag":"attribute"}],"mapping_method":[{"text":"BWA (BWA-MEM)","tag":"attribute"}],"mapping_method_version":[{"text":"0.7.12-r1039","tag":"attribute"}],"metagenome source":[{"text":"gut metagenome","tag":"attribute"}],"metagenomic":[{"text":"true","tag":"attribute"}],"organism":[{"text":"Verrucomicrobia bacterium UBA3783","ontologyTerms":["http://purl.obolibrary.org/obo/NCBITaxon_1948259"]}],"quality_assessment_method":[{"text":"CheckM","tag":"attribute"}],"quality_assessment_method_version":[{"text":"1.0.6","tag":"attribute"}],"sample type":[{"text":"metagenomic assembly","tag":"attribute"}],"subsrc_note":[{"text":"Genome binned from sequencing reads available in SRX290717 metagenome","tag":"attribute"}],"title":[{"text":"Uncultivated Verrucomicrobia bacterium UBA3783 genome recovered from SRX290717"}],"value":[{"text":"This BioSample is a metagenomic assembly obtained from the gut metagenome reads: SRR873607.","tag":"attribute"}]},"externalReferences":[{"url":"https://www.ebi.ac.uk/ena/data/view/SAMN06457848","duo":null}],"submittedVia":"JSON_API","create":"2017-02-27T14:01:54.853Z","_links":{"self":{"href":"https://www.ebi.ac.uk/biosamples/samples/SAMN06457848"},"curationDomain":{"href":"https://www.ebi.ac.uk/biosamples/samples/SAMN06457848{?curationdomain}","templated":true},"curationLinks":{"href":"https://www.ebi.ac.uk/biosamples/samples/SAMN06457848/curationlinks"},"curationLink":{"href":"https://www.ebi.ac.uk/biosamples/samples/SAMN06457848/curationlinks/{hash}","templated":true},"structuredData":{"href":"https://www.ebi.ac.uk/biosamples/structureddata/SAMN06457848"}}}