{"name":"SAMN00713612","accession":"SAMN00713612","domain":"self.BiosampleImportNCBI","taxId":747365,"release":"2011-08-24T00:00:00Z","update":"2022-03-28T16:33:38.157Z","submitted":"2011-08-24T11:41:13.676Z","characteristics":{"External Id":[{"text":"SAMN00713612","tag":"Namespace:BioSample"}],"Funding Program":[{"text":"DOE-GEBA 2007","tag":"attribute"}],"GOLD Stamp ID":[{"text":"Gi02945","tag":"attribute"}],"Gene Calling Method":[{"text":"Prodigal 1.4, GenePRIMP","tag":"attribute"}],"Gram Staining":[{"text":"Gram+","tag":"attribute"}],"Greengenes ID":[{"text":"27351","tag":"attribute"}],"INSDC center name":[{"text":"NCBI"}],"INSDC first public":[{"text":"2011-08-24T00:00:00Z"}],"INSDC last update":[{"text":"2020-02-24T11:25:32.375Z"}],"INSDC secondary accession":[{"text":"SRS258449"}],"INSDC status":[{"text":"live"}],"Isolation Comments":[{"text":"isolated by Mori et al","tag":"attribute"}],"NCBI submission model":[{"text":"Generic"}],"NCBI submission package":[{"text":"Generic.1.0"}],"SRA accession":[{"text":"SRS258449"}],"Sporulation":[{"text":"Nonsporulating","tag":"attribute"}],"Type Strain":[{"text":"Yes","tag":"attribute"}],"biotic relationship":[{"text":"free living","tag":"attribute"}],"cell shape":[{"text":"Curved-shaped","tag":"attribute"}],"country":[{"text":"Japan","tag":"attribute"}],"description":[{"text":"Keywords: GSC:MIGS:2.1"}],"environment":[{"text":"Hot spring","tag":"attribute"}],"investigation type":[{"text":"bacteria_archaea","tag":"attribute"}],"isol_growth_condt":[{"text":"12910388","tag":"attribute"}],"isolation site":[{"text":"Narugo hot spring; Japan","tag":"attribute"}],"isolation-source":[{"text":"hot spring","tag":"attribute"}],"lat lon":[{"text":"38.743434 N 140.71658 E","tag":"attribute"}],"motility":[{"text":"Motile","tag":"attribute"}],"num_replicons":[{"text":"1","tag":"attribute"}],"organism":[{"text":"Thermodesulfobium narugense DSM 14796","ontologyTerms":["http://purl.obolibrary.org/obo/NCBITaxon_747365"]}],"project name":[{"text":"Thermodesulfobium narugense Na82, DSM 14796","tag":"attribute"}],"ref_biomaterial":[{"text":"DSM 14796, JCM 11510","tag":"attribute"}],"rel_to_oxygen":[{"text":"anaerobe","tag":"attribute"}],"strain":[{"text":"DSM 14796","tag":"attribute"}],"temperature optimum":[{"text":"50C","tag":"attribute"}],"temperature range":[{"text":"Thermophile","tag":"attribute"}],"title":[{"text":"Thermodesulfobium narugense DSM 14796, complete genome."}],"type material":[{"text":"type strain of Thermodesulfobium narugense","tag":"attribute"}]},"externalReferences":[{"url":"https://www.ebi.ac.uk/ena/data/view/SAMN00713612","duo":null}],"submittedVia":"JSON_API","create":"2011-08-24T11:41:13.676Z","_links":{"self":{"href":"https://www.ebi.ac.uk/biosamples/samples/SAMN00713612"},"curationDomain":{"href":"https://www.ebi.ac.uk/biosamples/samples/SAMN00713612{?curationdomain}","templated":true},"curationLinks":{"href":"https://www.ebi.ac.uk/biosamples/samples/SAMN00713612/curationlinks"},"curationLink":{"href":"https://www.ebi.ac.uk/biosamples/samples/SAMN00713612/curationlinks/{hash}","templated":true},"structuredData":{"href":"https://www.ebi.ac.uk/biosamples/structureddata/SAMN00713612"}}}