{"name":"Alicyclobacillus ferrooxydans DSM 22381","accession":"SAMN04025529","domain":"self.BiosampleImportNCBI","taxId":471514,"release":"2015-10-21T00:00:00Z","update":"2022-03-29T13:12:13.124Z","submitted":"2015-09-01T13:47:10Z","characteristics":{"External Id":[{"text":"SAMN04025529","tag":"Namespace:BioSample"}],"INSDC center name":[{"text":"California Institute of Technology"}],"INSDC first public":[{"text":"2015-10-21T00:00:00Z"}],"INSDC last update":[{"text":"2019-06-20T17:19:44.697Z"}],"INSDC status":[{"text":"live"}],"NCBI submission model":[{"text":"Microbe, viral or environmental"}],"NCBI submission package":[{"text":"Microbe.1.0"}],"culture collection":[{"text":"DSM:22381","tag":"attribute"}],"geo loc name":[{"text":"China: Yunnan Province","tag":"attribute"}],"isolation source":[{"text":"Solfataric soil","tag":"attribute"}],"organism":[{"text":"Alicyclobacillus ferrooxydans","ontologyTerms":["http://purl.obolibrary.org/obo/NCBITaxon_471514"]}],"sample type":[{"text":"Isolate","tag":"attribute"}],"strain":[{"text":"TC-34","ontologyTerms":["http://www.ebi.ac.uk/efo/EFO_0002865"],"tag":"attribute"}],"temp":[{"text":"48-50 C","tag":"attribute"}],"title":[{"text":"Microbe sample from Alicyclobacillus ferrooxydans"}],"type material":[{"text":"type strain of Alicyclobacillus ferrooxydans","tag":"attribute"}]},"submittedVia":"JSON_API","create":"2015-09-01T13:47:10Z","_links":{"self":{"href":"https://www.ebi.ac.uk/biosamples/samples/SAMN04025529"},"curationDomain":{"href":"https://www.ebi.ac.uk/biosamples/samples/SAMN04025529{?curationdomain}","templated":true},"curationLinks":{"href":"https://www.ebi.ac.uk/biosamples/samples/SAMN04025529/curationlinks"},"curationLink":{"href":"https://www.ebi.ac.uk/biosamples/samples/SAMN04025529/curationlinks/{hash}","templated":true},"structuredData":{"href":"https://www.ebi.ac.uk/biosamples/structureddata/SAMN04025529"}}}