{"name":"Generic sample from Candidatus Adiutrix intracellularis","accession":"SAMN04002515","domain":"self.BiosampleImportNCBI","taxId":1705730,"release":"2015-09-30T00:00:00Z","update":"2022-03-29T13:02:53.271Z","submitted":"2015-08-20T00:36:10Z","characteristics":{"External Id":[{"text":"SAMN04002515","tag":"Namespace:BioSample"}],"INSDC center name":[{"text":"Max Planck Institute for Terrestrial Microbiology"}],"INSDC first public":[{"text":"2015-09-30T00:00:00Z"}],"INSDC last update":[{"text":"2021-02-28T02:50:10.238Z"}],"INSDC status":[{"text":"live"}],"NCBI submission model":[{"text":"Metagenome or environmental"}],"NCBI submission package":[{"text":"Metagenome.environmental.1.0"}],"collection date":[{"text":"2005-01-01","tag":"attribute"}],"enviironmental-sample":[{"text":"true","tag":"attribute"}],"geo loc name":[{"text":"USA: Mt. Pinos, Los Padres National Forest, CA","tag":"attribute"}],"host":[{"text":"Zootermopsis nevadensis","tag":"attribute"}],"isolate":[{"text":"Adiu1","tag":"attribute"}],"isolation source":[{"text":"bacterial endosymbionts found in Trichonympha flagellates filtered from termite gut","tag":"attribute"}],"lat lon":[{"text":"34.597241 N 119.510771 W","tag":"attribute"}],"metagenome source":[{"text":"termite gut metagenome","tag":"attribute"}],"metagenomic":[{"text":"true","tag":"attribute"}],"note":[{"text":"This biosample is a metagenomic assembly obtained from the termite gut metagenome BioSample: SAMN00762031","tag":"attribute"}],"organism":[{"text":"Candidatus Adiutrix intracellularis","ontologyTerms":["http://purl.obolibrary.org/obo/NCBITaxon_1705730"]}],"sample-type":[{"text":"metagenomic assembly","tag":"attribute"}],"title":[{"text":"Metagenome or environmental sample from Candidatus Adiutrix intracellularis"}]},"submittedVia":"JSON_API","create":"2015-08-20T00:36:10Z","_links":{"self":{"href":"https://www.ebi.ac.uk/biosamples/samples/SAMN04002515"},"curationDomain":{"href":"https://www.ebi.ac.uk/biosamples/samples/SAMN04002515{?curationdomain}","templated":true},"curationLinks":{"href":"https://www.ebi.ac.uk/biosamples/samples/SAMN04002515/curationlinks"},"curationLink":{"href":"https://www.ebi.ac.uk/biosamples/samples/SAMN04002515/curationlinks/{hash}","templated":true},"structuredData":{"href":"https://www.ebi.ac.uk/biosamples/structureddata/SAMN04002515"}}}