{"name":"Thaumarchaeota archaeon UBA160","accession":"SAMN06027411","domain":"self.BiosampleImportNCBI","taxId":1915754,"release":"2016-11-16T00:00:00Z","update":"2022-03-29T22:45:58.703Z","submitted":"2016-11-16T17:04:38.866Z","characteristics":{"External Id":[{"text":"SAMN06027411","tag":"Namespace:BioSample"}],"INSDC center name":[{"text":"University of Queensland"}],"INSDC first public":[{"text":"2016-11-16T00:00:00Z"}],"INSDC last update":[{"text":"2017-08-15T14:13:38.538Z"}],"INSDC secondary accession":[{"text":"SRS1809254"}],"INSDC status":[{"text":"live"}],"NCBI submission model":[{"text":"Microbe, viral or environmental"}],"NCBI submission package":[{"text":"Microbe.1.0"}],"SRA accession":[{"text":"SRS1809254"}],"assembly method":[{"text":"CLC de novo assembler","tag":"attribute"}],"assembly_method_version":[{"text":"4.4.1","tag":"attribute"}],"completeness_estimated":[{"text":"69.74%","tag":"attribute"}],"contamination_estimated":[{"text":"0.97%","tag":"attribute"}],"description":[{"text":"Uncultivated genome recovered from an assembly of the SRX532417 metagenome."}],"environmental sample":[{"text":"TRUE","tag":"attribute"}],"genome coverage":[{"text":"55.31","tag":"attribute"}],"geo loc name":[{"text":"Taiwan: Shi-Huang-Ping hot spring","tag":"attribute"}],"isolate":[{"text":"UBA160","tag":"attribute"}],"isolation-source":[{"text":"water","ontologyTerms":["http://purl.obolibrary.org/obo/CHEBI_15377"],"tag":"attribute"}],"mapping_method":[{"text":"BWA (BWA-MEM)","tag":"attribute"}],"mapping_method_version":[{"text":"0.7.12-r1039","tag":"attribute"}],"metagenome source":[{"text":"hot springs metagenome","tag":"attribute"}],"metagenomic":[{"text":"TRUE","tag":"attribute"}],"organism":[{"text":"Thaumarchaeota archaeon UBA160","ontologyTerms":["http://purl.obolibrary.org/obo/NCBITaxon_1915754"]}],"quality_assessment_method":[{"text":"CheckM","tag":"attribute"}],"quality_assessment_method_version":[{"text":"1.0.6","tag":"attribute"}],"sample type":[{"text":"metagenomic assembly","tag":"attribute"}],"subsrc_note":[{"text":"Genome binned from sequencing reads available in SRX532417","tag":"attribute"}],"title":[{"text":"Uncultivated Thaumarchaeota archaeon UBA160 genome recovered from SRX532417"}]},"externalReferences":[{"url":"https://www.ebi.ac.uk/ena/data/view/SAMN06027411","duo":null}],"submittedVia":"JSON_API","create":"2016-11-16T17:04:38.866Z","_links":{"self":{"href":"https://www.ebi.ac.uk/biosamples/samples/SAMN06027411"},"curationDomain":{"href":"https://www.ebi.ac.uk/biosamples/samples/SAMN06027411{?curationdomain}","templated":true},"curationLinks":{"href":"https://www.ebi.ac.uk/biosamples/samples/SAMN06027411/curationlinks"},"curationLink":{"href":"https://www.ebi.ac.uk/biosamples/samples/SAMN06027411/curationlinks/{hash}","templated":true},"structuredData":{"href":"https://www.ebi.ac.uk/biosamples/structureddata/SAMN06027411"}}}