{"name":"CG_4_9_14_0_8_um_filter_Huberarchaea_31_21","accession":"SAMN06660022","domain":"self.BiosampleImportNCBI","taxId":2014257,"release":"2017-11-19T00:00:00Z","update":"2022-03-30T02:58:24.948Z","submitted":"2017-03-29T19:38:00.840Z","characteristics":{"External Id":[{"text":"SAMN06660022","tag":"Namespace:BioSample"}],"INSDC center name":[{"text":"Jill Banfield's Lab at Berkeley"}],"INSDC first public":[{"text":"2017-11-19T00:00:00Z"}],"INSDC last update":[{"text":"2021-02-28T04:11:30.218Z"}],"INSDC status":[{"text":"live"}],"NCBI submission model":[{"text":"MIGS/MIMS/MIMARKS.water"},{"text":"MIGS.ba"}],"NCBI submission package":[{"text":"MIGS.ba.water.5.0"}],"collection date":[{"text":"2014-04-09","tag":"attribute"}],"depth":[{"text":"2 m","tag":"attribute"}],"description":[{"text":"Keywords: GSC:MIxS;MIGS:5.0"}],"env biome":[{"text":"subsurface","tag":"attribute"}],"env feature":[{"text":"aquifer","tag":"attribute"}],"env_material":[{"text":"groundwater","tag":"attribute"}],"environmental sample":[{"text":"TRUE","tag":"attribute"}],"geo loc name":[{"text":"USA: Crystal Geyser near Green River, Utah","tag":"attribute"}],"isolate":[{"text":"CG_4_9_14_0_8_um_filter_31_21","tag":"attribute"}],"isolation source":[{"text":"groundwater","tag":"attribute"}],"lat lon":[{"text":"38.56 N 110.8 W","tag":"attribute"}],"metagenome source":[{"text":"groundwater metagenome","tag":"attribute"}],"metagenomic":[{"text":"TRUE","tag":"attribute"}],"note":[{"text":"This BioSample is a metagenomic assembly obtained from the groundwater metagenome BioSample: SAMN06344009","tag":"attribute"}],"organism":[{"text":"Candidatus Huberarchaeum crystalense","ontologyTerms":["http://purl.obolibrary.org/obo/NCBITaxon_2014257"]}],"sample type":[{"text":"metagenomic assembly","tag":"attribute"}],"title":[{"text":"MIGS Cultured Bacterial/Archaeal sample from Candidatus Huberarchaeum crystalense"}]},"submittedVia":"JSON_API","create":"2017-03-29T19:38:00.840Z","_links":{"self":{"href":"https://www.ebi.ac.uk/biosamples/samples/SAMN06660022"},"curationDomain":{"href":"https://www.ebi.ac.uk/biosamples/samples/SAMN06660022{?curationdomain}","templated":true},"curationLinks":{"href":"https://www.ebi.ac.uk/biosamples/samples/SAMN06660022/curationlinks"},"curationLink":{"href":"https://www.ebi.ac.uk/biosamples/samples/SAMN06660022/curationlinks/{hash}","templated":true},"structuredData":{"href":"https://www.ebi.ac.uk/biosamples/structureddata/SAMN06660022"}}}