{"name":"UBA9674","accession":"SAMN08020108","domain":"self.BiosampleImportNCBI","taxId":1898207,"release":"2017-12-15T09:50:18.620Z","update":"2022-03-30T10:42:20.405Z","submitted":"2017-11-13T20:27:18.687Z","characteristics":{"External Id":[{"text":"SAMN08020108","tag":"Namespace:BioSample"}],"INSDC center name":[{"text":"University of Queensland"}],"INSDC secondary accession":[{"text":"SRS2843391"}],"INSDC status":[{"text":"live"}],"NCBI submission model":[{"text":"Microbe, viral or environmental"}],"SRA accession":[{"text":"SRS2843391"}],"assembly method":[{"text":"CLC de novo assembler","tag":"attribute"}],"assembly_method_version":[{"text":"4.4.1","tag":"attribute"}],"completeness_estimated":[{"text":"76.79%","tag":"attribute"}],"contamination_estimated":[{"text":"1.49%","tag":"attribute"}],"environmental sample":[{"text":"true","tag":"attribute"}],"genome coverage":[{"text":"33.00x","tag":"attribute"}],"isolate":[{"text":"UBA9674","tag":"attribute"}],"isolation source":[{"text":"marine sediment","tag":"attribute"}],"mapping_method":[{"text":"BWA (BWA-MEM)","tag":"attribute"}],"mapping_method_version":[{"text":"0.7.12-r1039","tag":"attribute"}],"metagenome source":[{"text":"marine sediment metagenome","tag":"attribute"}],"metagenomic":[{"text":"true","tag":"attribute"}],"note":[{"text":"marine sediment metagenome","tag":"attribute"}],"organism":[{"text":"Clostridiales bacterium","ontologyTerms":["http://purl.obolibrary.org/obo/NCBITaxon_1898207"]}],"quality_assessment_method":[{"text":"CheckM","tag":"attribute"}],"quality_assessment_method_version":[{"text":"1.0.6","tag":"attribute"}],"sample type":[{"text":"metagenomic assembly","tag":"attribute"}],"title":[{"text":"Uncultivated Clostridiales Family XVII. Incertae Sedis bacterium UBA9674 genome recovered from SRX742691"}],"value":[{"text":"This BioSample is a metagenomic assembly obtained from the marine sediment metagenome reads: SRR1628696.","tag":"attribute"}]},"externalReferences":[{"url":"https://www.ebi.ac.uk/ena/data/view/SAMN08020108","duo":null}],"submittedVia":"JSON_API","create":"2017-11-13T20:27:18.687Z","_links":{"self":{"href":"https://www.ebi.ac.uk/biosamples/samples/SAMN08020108"},"curationDomain":{"href":"https://www.ebi.ac.uk/biosamples/samples/SAMN08020108{?curationdomain}","templated":true},"curationLinks":{"href":"https://www.ebi.ac.uk/biosamples/samples/SAMN08020108/curationlinks"},"curationLink":{"href":"https://www.ebi.ac.uk/biosamples/samples/SAMN08020108/curationlinks/{hash}","templated":true},"structuredData":{"href":"https://www.ebi.ac.uk/biosamples/structureddata/SAMN08020108"}}}