{"name":"Deltaproteobacteria bacterium UBA2409","accession":"SAMN06453627","domain":"self.BiosampleImportNCBI","taxId":1948543,"release":"2017-02-27T00:00:00Z","update":"2022-03-30T01:30:06.577Z","submitted":"2017-02-27T11:11:43.296Z","characteristics":{"External Id":[{"text":"SAMN06453627","tag":"Namespace:BioSample"}],"INSDC center name":[{"text":"University of Queensland"}],"INSDC first public":[{"text":"2017-02-27T00:00:00Z"}],"INSDC secondary accession":[{"text":"SRS2034433"}],"INSDC status":[{"text":"live"}],"NCBI submission model":[{"text":"Microbe, viral or environmental"}],"SRA accession":[{"text":"SRS2034433"}],"assembly method":[{"text":"CLC de novo assembler","tag":"attribute"}],"assembly_method_version":[{"text":"4.4.1","tag":"attribute"}],"completeness_estimated":[{"text":"89.92%","tag":"attribute"}],"contamination_estimated":[{"text":"1.26%","tag":"attribute"}],"environmental sample":[{"text":"true","tag":"attribute"}],"genome coverage":[{"text":"79.67","tag":"attribute"}],"geo loc name":[{"text":"Australia: Brisbane, Thorneside Wastewater Treatment Plant","tag":"attribute"}],"isolate":[{"text":"UBA2409","tag":"attribute"}],"isolation-source":[{"text":"activated sludge","tag":"attribute"}],"mapping_method":[{"text":"BWA (BWA-MEM)","tag":"attribute"}],"mapping_method_version":[{"text":"0.7.12-r1039","tag":"attribute"}],"metagenome source":[{"text":"bioreactor sludge metagenome","tag":"attribute"}],"metagenomic":[{"text":"true","tag":"attribute"}],"organism":[{"text":"Deltaproteobacteria bacterium UBA2409","ontologyTerms":["http://purl.obolibrary.org/obo/NCBITaxon_1948543"]}],"quality_assessment_method":[{"text":"CheckM","tag":"attribute"}],"quality_assessment_method_version":[{"text":"1.0.6","tag":"attribute"}],"sample type":[{"text":"metagenomic assembly","tag":"attribute"}],"subsrc_note":[{"text":"Genome binned from sequencing reads available in SRX646154 metagenome","tag":"attribute"}],"title":[{"text":"Uncultivated Deltaproteobacteria bacterium UBA2409 genome recovered from SRX646154"}],"value":[{"text":"This BioSample is a metagenomic assembly obtained from the bioreactor sludge metagenome reads: SRR1506984.","tag":"attribute"}]},"externalReferences":[{"url":"https://www.ebi.ac.uk/ena/data/view/SAMN06453627","duo":null}],"submittedVia":"JSON_API","create":"2017-02-27T11:11:43.296Z","_links":{"self":{"href":"https://www.ebi.ac.uk/biosamples/samples/SAMN06453627"},"curationDomain":{"href":"https://www.ebi.ac.uk/biosamples/samples/SAMN06453627{?curationdomain}","templated":true},"curationLinks":{"href":"https://www.ebi.ac.uk/biosamples/samples/SAMN06453627/curationlinks"},"curationLink":{"href":"https://www.ebi.ac.uk/biosamples/samples/SAMN06453627/curationlinks/{hash}","templated":true},"structuredData":{"href":"https://www.ebi.ac.uk/biosamples/structureddata/SAMN06453627"}}}