{"name":"MRZ_DG_27","accession":"SAMN03994145","domain":"self.BiosampleImportNCBI","taxId":1703423,"release":"2015-08-19T00:00:00Z","update":"2022-03-29T12:54:08.930Z","submitted":"2015-08-14T14:15:11Z","characteristics":{"External Id":[{"text":"SAMN03994145","tag":"Namespace:BioSample"}],"INSDC center name":[{"text":"University of Texas at Austin"}],"INSDC first public":[{"text":"2015-08-19T00:00:00Z"}],"INSDC last update":[{"text":"2021-02-28T02:49:49.193Z"}],"INSDC status":[{"text":"live"}],"NCBI submission model":[{"text":"Metagenome or environmental"}],"NCBI submission package":[{"text":"Metagenome.environmental.1.0"}],"Pub":[{"text":"Baker_ etal_Microbiome","tag":"attribute"}],"collection date":[{"text":"2010-10","tag":"attribute"}],"depth":[{"text":"52-54cm","ontologyTerms":["http://purl.obolibrary.org/obo/UO_0000015"],"tag":"attribute"}],"description":[{"text":"metagenomic_assembly_of_bulk_sediment_environmental_DNA"}],"environmental sample":[{"text":"TRUE","tag":"attribute"}],"geo loc name":[{"text":"USA: White Oak River Estuary, North Carolina","tag":"attribute"}],"isolate":[{"text":"DG_27","tag":"attribute"}],"isolation source":[{"text":"Methane-rich estuary sediments 52-54 cm","tag":"attribute"}],"lat lon":[{"text":"34.7414 N 77.1234 W","tag":"attribute"}],"metagenome source":[{"text":"sediment metagenome","tag":"attribute"}],"metagenomic":[{"text":"TRUE","tag":"attribute"}],"note":[{"text":"This biosample is a metagenomic assembly obtained from the sediment metagenome BioSample SAMN03451119","tag":"attribute"}],"organism":[{"text":"candidate division Zixibacteria bacterium DG_27","ontologyTerms":["http://purl.obolibrary.org/obo/NCBITaxon_1703423"]}],"sample type":[{"text":"metagenomic assembly","tag":"attribute"}],"title":[{"text":"unique_partial_genomes"}]},"submittedVia":"JSON_API","create":"2015-08-14T14:15:11Z","_links":{"self":{"href":"https://www.ebi.ac.uk/biosamples/samples/SAMN03994145"},"curationDomain":{"href":"https://www.ebi.ac.uk/biosamples/samples/SAMN03994145{?curationdomain}","templated":true},"curationLinks":{"href":"https://www.ebi.ac.uk/biosamples/samples/SAMN03994145/curationlinks"},"curationLink":{"href":"https://www.ebi.ac.uk/biosamples/samples/SAMN03994145/curationlinks/{hash}","templated":true},"structuredData":{"href":"https://www.ebi.ac.uk/biosamples/structureddata/SAMN03994145"}}}