{"name":"Chesapeake 2014 CTD12-5","accession":"SAMN06046392","domain":"self.BiosampleImportNCBI","taxId":1921086,"release":"2017-11-01T00:00:00Z","update":"2022-03-29T22:50:51.770Z","submitted":"2016-11-21T22:58:05.163Z","characteristics":{"External Id":[{"text":"SAMN06046392","tag":"Namespace:BioSample"}],"Fe(II) Dissolved and Nanoparticulate":[{"text":"0.41 micromolar","tag":"attribute"}],"Fe(II) Dissolved and Nanoparticulate Standard Deviation":[{"text":"0.03 micromolar","tag":"attribute"}],"Fe(II) Total":[{"text":"1.36 micromolar","tag":"attribute"}],"Fe(II) Total Standard Deviation":[{"text":"0.07 micromolar","tag":"attribute"}],"Fe(III) Dissolved and Nanoparticulate":[{"text":"0.06 micromolar","tag":"attribute"}],"Fe(III) Dissolved and Nanoparticulate Standard Deviation":[{"text":"0.02 micromolar","tag":"attribute"}],"Fe(III) Total":[{"text":"0.14 micromolar","tag":"attribute"}],"Fe(III) Total Standard Deviation":[{"text":"0.04 micromolar","tag":"attribute"}],"INSDC center name":[{"text":"University of Delaware"}],"INSDC first public":[{"text":"2017-11-01T00:00:00Z"}],"INSDC last update":[{"text":"2021-02-28T03:50:58.419Z"}],"INSDC secondary accession":[{"text":"SRS1814648"}],"INSDC status":[{"text":"live"}],"NCBI submission model":[{"text":"MIGS/MIMS/MIMARKS.water"},{"text":"MIGS.ba"}],"NCBI submission package":[{"text":"MIGS.ba.water.5.0"}],"SRA accession":[{"text":"SRS1814648"}],"biotic relationship":[{"text":"free living","tag":"attribute"}],"collection date":[{"text":"2014-08","tag":"attribute"}],"depth":[{"text":"11.4 m","tag":"attribute"}],"description":[{"text":"Zetaproteobacteria, a class of marine neutrophilic iron-oxidizing bacteria (FeOB), have recently begun to be recognized in coastal environments. Here we present the genome of Mariprofundus micogutta strain CP-5. Isolated from the oxic-anoxic transition zone of the Chesapeake Bay during seasonal stratification, this chemolithoautotroph produces bundles of iron-oxide dread structures, and is novel for its planktonic lifestyle."}],"diss_oxygen":[{"text":"0.9 micromolar","tag":"attribute"}],"env biome":[{"text":"estuarine biome","tag":"attribute"}],"env feature":[{"text":"bay","ontologyTerms":["http://www.ebi.ac.uk/efo/EFO_0005175"],"tag":"attribute"}],"env_material":[{"text":"coastal water","tag":"attribute"}],"estimated size":[{"text":"2.54 Mb","tag":"attribute"}],"geo loc name":[{"text":"USA: Chesapeake Bay","tag":"attribute"}],"isol_growth_condt":[{"text":"16260287","tag":"attribute"}],"isolation source":[{"text":"water column oxic-anoxic transition zone","tag":"attribute"}],"lat lon":[{"text":"38.9767 N 76.368 W","tag":"attribute"}],"num_replicons":[{"text":"1","tag":"attribute"}],"organism":[{"text":"Mariprofundus aestuarium","ontologyTerms":["http://purl.obolibrary.org/obo/NCBITaxon_1921086"]}],"oxy_stat_samp":[{"text":"aerobic","ontologyTerms":["http://purl.obolibrary.org/obo/EO_0007024"],"tag":"attribute"}],"ph":[{"text":"7.4","tag":"attribute"}],"ref_biomaterial":[{"text":"Publication in Prep","tag":"attribute"}],"rel_to_oxygen":[{"text":"microaerophilic","tag":"attribute"}],"salinity":[{"text":"17 ppt","tag":"attribute"}],"samp_collect_device":[{"text":"CTD","tag":"attribute"}],"strain":[{"text":"CP-5","tag":"attribute"}],"sulfide":[{"text":"0 micromolar","tag":"attribute"}],"temp":[{"text":"25.3 degrees celsius","ontologyTerms":["http://purl.obolibrary.org/obo/UO_0000027"],"tag":"attribute"}],"title":[{"text":"Complete genome of Mariprofundus micogutta strain CP-5"}],"trophic_level":[{"text":"chemolithoautotroph","tag":"attribute"}],"type material":[{"text":"type strain of Mariprofundus aestuarium","tag":"attribute"}]},"externalReferences":[{"url":"https://www.ebi.ac.uk/ena/browser/view/SAMN06046392","duo":[]},{"url":"https://www.ebi.ac.uk/ena/data/view/SAMN06046392","duo":null}],"submittedVia":"JSON_API","create":"2016-11-21T22:58:05.163Z","_links":{"self":{"href":"https://www.ebi.ac.uk/biosamples/samples/SAMN06046392"},"curationDomain":{"href":"https://www.ebi.ac.uk/biosamples/samples/SAMN06046392{?curationdomain}","templated":true},"curationLinks":{"href":"https://www.ebi.ac.uk/biosamples/samples/SAMN06046392/curationlinks"},"curationLink":{"href":"https://www.ebi.ac.uk/biosamples/samples/SAMN06046392/curationlinks/{hash}","templated":true},"structuredData":{"href":"https://www.ebi.ac.uk/biosamples/structureddata/SAMN06046392"}}}