{"name":"Uncultured Acidobacterium Mor1","accession":"SAMN03738170","domain":"self.BiosampleImportNCBI","taxId":1660251,"release":"2015-05-28T00:00:00Z","update":"2022-03-29T11:14:25.995Z","submitted":"2015-05-27T20:06:08Z","characteristics":{"External Id":[{"text":"SAMN03738170","tag":"Namespace:BioSample"}],"INSDC center name":[{"text":"UCSD"}],"INSDC first public":[{"text":"2015-05-28T00:00:00Z"}],"INSDC last update":[{"text":"2021-11-28T02:15:28.556Z"}],"INSDC status":[{"text":"live"}],"NCBI submission model":[{"text":"Microbe, viral or environmental"}],"NCBI submission package":[{"text":"Microbe.1.0"}],"collection date":[{"text":"1996-08-22","tag":"attribute"}],"description":[{"text":"Uncultured Acidobacterium Subgroup 22, strain Mor1, associated with cyanobacterium Moorea producens JHB"}],"geo loc name":[{"text":"Jamaica: Hector Bay","tag":"attribute"}],"host":[{"text":"Moorena producens JHB","tag":"attribute"}],"identified by":[{"text":"Debby Barbe","tag":"attribute"}],"isolation source":[{"text":"Hector Bay, Jamaica","tag":"attribute"}],"organism":[{"text":"Acidobacteria bacterium Mor1","ontologyTerms":["http://purl.obolibrary.org/obo/NCBITaxon_1660251"]}],"sample type":[{"text":"Mixed culture","tag":"attribute"}],"strain":[{"text":"Mor1","ontologyTerms":["http://www.ebi.ac.uk/efo/EFO_0006655"],"tag":"attribute"}],"title":[{"text":"Acidobacteria bacterium Mor1"}]},"submittedVia":"JSON_API","create":"2015-05-27T20:06:08Z","_links":{"self":{"href":"https://www.ebi.ac.uk/biosamples/samples/SAMN03738170"},"curationDomain":{"href":"https://www.ebi.ac.uk/biosamples/samples/SAMN03738170{?curationdomain}","templated":true},"curationLinks":{"href":"https://www.ebi.ac.uk/biosamples/samples/SAMN03738170/curationlinks"},"curationLink":{"href":"https://www.ebi.ac.uk/biosamples/samples/SAMN03738170/curationlinks/{hash}","templated":true},"structuredData":{"href":"https://www.ebi.ac.uk/biosamples/structureddata/SAMN03738170"}}}