{"name":"CP001798","accession":"SAMN02598510","domain":"self.BiosampleImportNCBI","taxId":472759,"release":"2014-01-28T00:00:00Z","update":"2022-03-29T03:40:18.307Z","submitted":"2014-01-28T10:41:17.663Z","characteristics":{"Biotic Relationship":[{"text":"free living","tag":"attribute"}],"External Id":[{"text":"SAMN02598510","tag":"Namespace:BioSample"}],"GOLD Stamp ID":[{"text":"Gi04229","tag":"attribute"}],"Gram Staining":[{"text":"Gram-","tag":"attribute"}],"INSDC center name":[{"text":"NCBI"}],"INSDC first public":[{"text":"2014-01-28T00:00:00Z"}],"INSDC last update":[{"text":"2019-06-20T16:49:12.610Z"}],"INSDC status":[{"text":"live"}],"NCBI submission model":[{"text":"Generic"}],"NCBI submission package":[{"text":"Generic.1.0"}],"Oxygen Requirement":[{"text":"Aerobic","ontologyTerms":["http://purl.obolibrary.org/obo/EO_0007024"],"tag":"attribute"}],"carbon source":[{"text":"Autotrophic (Calvin Benson Basham cycle)","tag":"attribute"}],"energy source":[{"text":"Chemolithotrophic","tag":"attribute"}],"habitat":[{"text":"Marine","tag":"attribute"}],"motility":[{"text":"Motile, chemotactic","tag":"attribute"}],"organism":[{"text":"Nitrosococcus halophilus Nc 4","ontologyTerms":["http://purl.obolibrary.org/obo/NCBITaxon_472759"]}],"phenotypes":[{"text":"Obligate ammonia-oxidizing, Nitrifying, aerobic Denitrifying","tag":"attribute"}],"strain":[{"text":"Nc 4","tag":"attribute"}],"temperature range":[{"text":"Mesophilic","tag":"attribute"}],"title":[{"text":"Sample from Nitrosococcus halophilus Nc 4"}],"type material":[{"text":"type strain of Nitrosococcus halophilus","tag":"attribute"}]},"submittedVia":"JSON_API","create":"2014-01-28T10:41:17.663Z","_links":{"self":{"href":"https://www.ebi.ac.uk/biosamples/samples/SAMN02598510"},"curationDomain":{"href":"https://www.ebi.ac.uk/biosamples/samples/SAMN02598510{?curationdomain}","templated":true},"curationLinks":{"href":"https://www.ebi.ac.uk/biosamples/samples/SAMN02598510/curationlinks"},"curationLink":{"href":"https://www.ebi.ac.uk/biosamples/samples/SAMN02598510/curationlinks/{hash}","templated":true},"structuredData":{"href":"https://www.ebi.ac.uk/biosamples/structureddata/SAMN02598510"}}}