{"name":"73.20110800_S3S.7","accession":"SAMN08179253","domain":"self.BiosampleImportNCBI","taxId":1913989,"release":"2018-05-19T00:00:00Z","update":"2022-03-30T11:39:13.486Z","submitted":"2017-12-14T19:09:14.276Z","characteristics":{"External Id":[{"text":"SAMN08179253","tag":"Namespace:BioSample"}],"INSDC center name":[{"text":"The University of Queensland"}],"INSDC first public":[{"text":"2018-05-19T00:00:00Z"}],"INSDC last update":[{"text":"2021-02-28T05:12:50.504Z"}],"INSDC status":[{"text":"live"}],"NCBI submission model":[{"text":"Microbe, viral or environmental"}],"NCBI submission package":[{"text":"Microbe.1.0"}],"altitude":[{"text":"363 m","tag":"attribute"}],"collection date":[{"text":"2011-08-16","tag":"attribute"}],"depth":[{"text":"0.01-0.04","tag":"attribute"}],"environmental sample":[{"text":"1","tag":"attribute"}],"geo loc name":[{"text":"Sweden: Stordalen Mire","tag":"attribute"}],"isolate":[{"text":"bog_1200","tag":"attribute"}],"isolation source":[{"text":"permafrost active layer soil","tag":"attribute"}],"lat lon":[{"text":"68.3533 N 19.0475 E","tag":"attribute"}],"metagenome source":[{"text":"peat metagenome","tag":"attribute"}],"metagenomic":[{"text":"1","tag":"attribute"}],"name":[{"text":"note","tag":"attribute"}],"organism":[{"text":"Gammaproteobacteria bacterium","ontologyTerms":["http://purl.obolibrary.org/obo/NCBITaxon_1913989"]}],"sample type":[{"text":"metagenomic assembly","tag":"attribute"}],"title":[{"text":"MAG Gammaproteobacteria_bog_1200 from metagenome 20110800_S3S"}],"value":[{"text":"This BioSample is a metagenomic assembly obtained from the 20110800_S3S metagenome BioSample: SAMN07124945.","tag":"attribute"}]},"submittedVia":"JSON_API","create":"2017-12-14T19:09:14.276Z","_links":{"self":{"href":"https://www.ebi.ac.uk/biosamples/samples/SAMN08179253"},"curationDomain":{"href":"https://www.ebi.ac.uk/biosamples/samples/SAMN08179253{?curationdomain}","templated":true},"curationLinks":{"href":"https://www.ebi.ac.uk/biosamples/samples/SAMN08179253/curationlinks"},"curationLink":{"href":"https://www.ebi.ac.uk/biosamples/samples/SAMN08179253/curationlinks/{hash}","templated":true},"structuredData":{"href":"https://www.ebi.ac.uk/biosamples/structureddata/SAMN08179253"}}}