{"name":"Alpena Fountain 3 redo","accession":"SAMN06213951","domain":"self.BiosampleImportNCBI","taxId":1933927,"release":"2017-01-11T00:00:00Z","update":"2022-03-29T23:57:10.250Z","submitted":"2017-01-09T20:14:04.546Z","characteristics":{"External Id":[{"text":"SAMN06213951","tag":"Namespace:BioSample"}],"INSDC center name":[{"text":"University of Michigan"}],"INSDC first public":[{"text":"2017-01-11T00:00:00Z"}],"INSDC last update":[{"text":"2021-09-26T02:50:45.130Z"}],"INSDC status":[{"text":"live"}],"NCBI submission model":[{"text":"Microbe, viral or environmental"}],"NCBI submission package":[{"text":"Microbe.1.0"}],"collection date":[{"text":"2012-07-24","tag":"attribute"}],"description":[{"text":"SM1 Euryarchaeon genome from metagenome of a microbial mat growing in sulfidic groundwater-fed fountain near public library in Alpena, MI, USA"}],"elev":[{"text":"180m","tag":"attribute"}],"env biome":[{"text":"built environment","tag":"attribute"}],"env feature":[{"text":"fountain","tag":"attribute"}],"env_material":[{"text":"microbial mat","ontologyTerms":["http://purl.obolibrary.org/obo/ENVO_01000008"],"tag":"attribute"}],"environmental sample":[{"text":"TRUE","tag":"attribute"}],"geo loc name":[{"text":"USA: Alpena, MI","tag":"attribute"}],"isolate":[{"text":"A3","tag":"attribute"}],"isolation source":[{"text":"microbial mat growing in sulfidic groundwater-fed fountain near public library","tag":"attribute"}],"lat lon":[{"text":"45.06245 N 83.43119999 W","tag":"attribute"}],"metagenome source":[{"text":"microbial mat metagenome","tag":"attribute"}],"metagenomic":[{"text":"TRUE","tag":"attribute"}],"note":[{"text":"This biosample is a metagenomic assembly obtained from the microbial mat metagenome BioSample: SAMN05661201.","tag":"attribute"}],"organism":[{"text":"Candidatus Altiarchaeales archaeon A3","ontologyTerms":["http://purl.obolibrary.org/obo/NCBITaxon_1933927"]}],"sample type":[{"text":"metagenomic assembly","tag":"attribute"}],"title":[{"text":"SM1 Euryarchaeon genome from metagenome"}]},"submittedVia":"JSON_API","create":"2017-01-09T20:14:04.546Z","_links":{"self":{"href":"https://www.ebi.ac.uk/biosamples/samples/SAMN06213951"},"curationDomain":{"href":"https://www.ebi.ac.uk/biosamples/samples/SAMN06213951{?curationdomain}","templated":true},"curationLinks":{"href":"https://www.ebi.ac.uk/biosamples/samples/SAMN06213951/curationlinks"},"curationLink":{"href":"https://www.ebi.ac.uk/biosamples/samples/SAMN06213951/curationlinks/{hash}","templated":true},"structuredData":{"href":"https://www.ebi.ac.uk/biosamples/structureddata/SAMN06213951"}}}