{"name":"Anaerolineales bacterium UBA4826","accession":"SAMN06453058","domain":"self.BiosampleImportNCBI","taxId":1950211,"release":"2017-02-27T00:00:00Z","update":"2022-03-30T01:29:51.814Z","submitted":"2017-02-27T11:10:00.313Z","characteristics":{"External Id":[{"text":"SAMN06453058","tag":"Namespace:BioSample"}],"INSDC center name":[{"text":"University of Queensland"}],"INSDC first public":[{"text":"2017-02-27T00:00:00Z"}],"INSDC secondary accession":[{"text":"SRS2036112"}],"INSDC status":[{"text":"live"}],"NCBI submission model":[{"text":"Microbe, viral or environmental"}],"SRA accession":[{"text":"SRS2036112"}],"assembly method":[{"text":"CLC de novo assembler","tag":"attribute"}],"assembly_method_version":[{"text":"4.4.1","tag":"attribute"}],"completeness_estimated":[{"text":"89.91%","tag":"attribute"}],"contamination_estimated":[{"text":"2.96%","tag":"attribute"}],"environmental sample":[{"text":"true","tag":"attribute"}],"genome coverage":[{"text":"20.15","tag":"attribute"}],"geo loc name":[{"text":"Bangladesh: Bara Haldia, Matlab upazilla","tag":"attribute"}],"isolate":[{"text":"UBA4826","tag":"attribute"}],"isolation-source":[{"text":"water","ontologyTerms":["http://purl.obolibrary.org/obo/CHEBI_15377"],"tag":"attribute"}],"mapping_method":[{"text":"BWA (BWA-MEM)","tag":"attribute"}],"mapping_method_version":[{"text":"0.7.12-r1039","tag":"attribute"}],"metagenome source":[{"text":"aquatic metagenome","tag":"attribute"}],"metagenomic":[{"text":"true","tag":"attribute"}],"quality_assessment_method":[{"text":"CheckM","tag":"attribute"}],"quality_assessment_method_version":[{"text":"1.0.6","tag":"attribute"}],"sample type":[{"text":"metagenomic assembly","tag":"attribute"}],"subsrc_note":[{"text":"Genome binned from sequencing reads available in SRX699540 metagenome","tag":"attribute"}],"title":[{"text":"Uncultivated Anaerolineales bacterium UBA4826 genome recovered from SRX699540"}],"value":[{"text":"This BioSample is a metagenomic assembly obtained from the aquatic metagenome reads: SRR1564103.","tag":"attribute"}]},"externalReferences":[{"url":"https://www.ebi.ac.uk/ena/data/view/SAMN06453058","duo":null}],"submittedVia":"JSON_API","create":"2017-02-27T11:10:00.313Z","_links":{"self":{"href":"https://www.ebi.ac.uk/biosamples/samples/SAMN06453058"},"curationDomain":{"href":"https://www.ebi.ac.uk/biosamples/samples/SAMN06453058{?curationdomain}","templated":true},"curationLinks":{"href":"https://www.ebi.ac.uk/biosamples/samples/SAMN06453058/curationlinks"},"curationLink":{"href":"https://www.ebi.ac.uk/biosamples/samples/SAMN06453058/curationlinks/{hash}","templated":true},"structuredData":{"href":"https://www.ebi.ac.uk/biosamples/structureddata/SAMN06453058"}}}