{"name":"Bathyarchaeota archaeon B23 from Guaymas Basin","accession":"SAMN04412732","domain":"self.BiosampleImportNCBI","taxId":1779367,"release":"2016-01-14T00:00:00Z","update":"2022-03-29T15:38:54.012Z","submitted":"2016-01-13T23:21:02Z","characteristics":{"External Id":[{"text":"SAMN04412732","tag":"Namespace:BioSample"}],"INSDC center name":[{"text":"Shanghai Jiao Tong University"}],"INSDC first public":[{"text":"2016-01-14T00:00:00Z"}],"INSDC last update":[{"text":"2021-02-28T03:05:00.840Z"}],"INSDC status":[{"text":"live"}],"NCBI submission model":[{"text":"Microbe, viral or environmental"}],"NCBI submission package":[{"text":"Microbe.1.0"}],"collection date":[{"text":"2007-10","tag":"attribute"}],"envrionmental-sample":[{"text":"TRUE","tag":"attribute"}],"geo loc name":[{"text":"Mexico: Guaymas Basin, Gulf of California","tag":"attribute"}],"isolate":[{"text":"B23","tag":"attribute"}],"isolation source":[{"text":"marine sediment sample collected by push cores at a deep sea vent site during cruise AT15-25 on Alvin dive 4358; sediment was oily and the sediment surface was covered with a white microbial mat","tag":"attribute"}],"lat lon":[{"text":"27.0119 N 111.4054 W","tag":"attribute"}],"metagenome source":[{"text":"hydrothermal vent metagenome","tag":"attribute"}],"metagenomic":[{"text":"TRUE","tag":"attribute"}],"note":[{"text":"This biosample is a metagenomic assembly obtained from the hydrothermal vent metagenome BioSample: SAMN04508166.","tag":"attribute"}],"organism":[{"text":"Candidatus Bathyarchaeota archaeon B23","ontologyTerms":["http://purl.obolibrary.org/obo/NCBITaxon_1779367"]}],"sample-type":[{"text":"metagenomic assembly","tag":"attribute"}],"title":[{"text":"Microbe sample from Candidatus Bathyarchaeota archaeon B23"}]},"submittedVia":"JSON_API","create":"2016-01-13T23:21:02Z","_links":{"self":{"href":"https://www.ebi.ac.uk/biosamples/samples/SAMN04412732"},"curationDomain":{"href":"https://www.ebi.ac.uk/biosamples/samples/SAMN04412732{?curationdomain}","templated":true},"curationLinks":{"href":"https://www.ebi.ac.uk/biosamples/samples/SAMN04412732/curationlinks"},"curationLink":{"href":"https://www.ebi.ac.uk/biosamples/samples/SAMN04412732/curationlinks/{hash}","templated":true},"structuredData":{"href":"https://www.ebi.ac.uk/biosamples/structureddata/SAMN04412732"}}}