{"name":"bacterium UBP10_UBA1149","accession":"SAMN06452098","domain":"self.BiosampleImportNCBI","taxId":1953411,"release":"2017-02-27T00:00:00Z","update":"2022-03-30T01:29:28.075Z","submitted":"2017-02-27T11:08:30.243Z","characteristics":{"External Id":[{"text":"SAMN06452098","tag":"Namespace:BioSample"}],"INSDC center name":[{"text":"University of Queensland"}],"INSDC first public":[{"text":"2017-02-27T00:00:00Z"}],"INSDC secondary accession":[{"text":"SRS2032143"}],"INSDC status":[{"text":"live"}],"NCBI submission model":[{"text":"Microbe, viral or environmental"}],"SRA accession":[{"text":"SRS2032143"}],"assembly method":[{"text":"CLC de novo assembler","tag":"attribute"}],"assembly_method_version":[{"text":"4.4.1","tag":"attribute"}],"completeness_estimated":[{"text":"86.06%","tag":"attribute"}],"contamination_estimated":[{"text":"0.84%","tag":"attribute"}],"environmental sample":[{"text":"true","tag":"attribute"}],"genome coverage":[{"text":"6.45","tag":"attribute"}],"geo loc name":[{"text":"Atlantic Ocean:Mid Cayman Rise","tag":"attribute"}],"isolate":[{"text":"UBA1149","tag":"attribute"}],"isolation-source":[{"text":"Beebe hydrothermal vent plume at at depth of 4900m","tag":"attribute"}],"mapping_method":[{"text":"BWA (BWA-MEM)","tag":"attribute"}],"mapping_method_version":[{"text":"0.7.12-r1039","tag":"attribute"}],"metagenome source":[{"text":"hydrothermal vent metagenome","tag":"attribute"}],"metagenomic":[{"text":"true","tag":"attribute"}],"organism":[{"text":"bacterium UBP10_UBA1149","ontologyTerms":["http://purl.obolibrary.org/obo/NCBITaxon_1953411"]}],"quality_assessment_method":[{"text":"CheckM","tag":"attribute"}],"quality_assessment_method_version":[{"text":"1.0.6","tag":"attribute"}],"sample type":[{"text":"metagenomic assembly","tag":"attribute"}],"subsrc_note":[{"text":"Genome binned from sequencing reads available in SRX1075082 metagenome","tag":"attribute"}],"title":[{"text":"Uncultivated bacterium UBP10_UBA1149 genome recovered from SRX1075082"}],"value":[{"text":"This BioSample is a metagenomic assembly obtained from the hydrothermal vent metagenome reads: SRR2080393.","tag":"attribute"}]},"externalReferences":[{"url":"https://www.ebi.ac.uk/ena/data/view/SAMN06452098","duo":null}],"submittedVia":"JSON_API","create":"2017-02-27T11:08:30.243Z","_links":{"self":{"href":"https://www.ebi.ac.uk/biosamples/samples/SAMN06452098"},"curationDomain":{"href":"https://www.ebi.ac.uk/biosamples/samples/SAMN06452098{?curationdomain}","templated":true},"curationLinks":{"href":"https://www.ebi.ac.uk/biosamples/samples/SAMN06452098/curationlinks"},"curationLink":{"href":"https://www.ebi.ac.uk/biosamples/samples/SAMN06452098/curationlinks/{hash}","templated":true},"structuredData":{"href":"https://www.ebi.ac.uk/biosamples/structureddata/SAMN06452098"}}}