{"name":"HGW-Deltaproteobacteria-14","accession":"SAMN06767642","domain":"self.BiosampleImportNCBI","taxId":2013741,"release":"2017-04-19T00:00:00Z","update":"2022-03-30T03:38:31.198Z","submitted":"2017-04-19T19:32:12.153Z","characteristics":{"External Id":[{"text":"SAMN06767642","tag":"Namespace:BioSample"}],"INSDC center name":[{"text":"UC Berkeley"}],"INSDC first public":[{"text":"2017-04-19T00:00:00Z"}],"INSDC last update":[{"text":"2017-06-20T12:55:10.403Z"}],"INSDC status":[{"text":"live"}],"NCBI submission model":[{"text":"MIGS/MIMS/MIMARKS.water"},{"text":"MIGS.ba"}],"NCBI submission package":[{"text":"MIGS.ba.water.5.0"}],"collection date":[{"text":"2013","tag":"attribute"}],"depth":[{"text":"160m","tag":"attribute"}],"description":[{"text":"This biosample is a metagenomic assembly obtained from the metagenome sample SAMN04999991"}],"env biome":[{"text":"Underground","tag":"attribute"}],"env feature":[{"text":"Sedimentary rocks","tag":"attribute"}],"env_material":[{"text":"ground water","tag":"attribute"}],"environmental sample":[{"text":"TRUE","tag":"attribute"}],"geo loc name":[{"text":"Japan: Horonobe URL","tag":"attribute"}],"isolate":[{"text":"HGW-Deltaproteobacteria-14","tag":"attribute"}],"isolation-source":[{"text":"groundwater","tag":"attribute"}],"lat lon":[{"text":"45.045278 N 141.859444 E","tag":"attribute"}],"metagenome source":[{"text":"groundwater metagenome","tag":"attribute"}],"metagenomic":[{"text":"TRUE","tag":"attribute"}],"note":[{"text":"This biosample is a metagenomic assembly obtained from the metagenome sample SAMN04999991","tag":"attribute"}],"organism":[{"text":"Deltaproteobacteria bacterium HGW-Deltaproteobacteria-14","ontologyTerms":["http://purl.obolibrary.org/obo/NCBITaxon_2013741"]}],"sample type":[{"text":"metagenomic assembly","tag":"attribute"}],"title":[{"text":"MIGS Cultured Bacterial/Archaeal sample from Deltaproteobacteria bacterium HGW-Deltaproteobacteria-14"}]},"submittedVia":"JSON_API","create":"2017-04-19T19:32:12.153Z","_links":{"self":{"href":"https://www.ebi.ac.uk/biosamples/samples/SAMN06767642"},"curationDomain":{"href":"https://www.ebi.ac.uk/biosamples/samples/SAMN06767642{?curationdomain}","templated":true},"curationLinks":{"href":"https://www.ebi.ac.uk/biosamples/samples/SAMN06767642/curationlinks"},"curationLink":{"href":"https://www.ebi.ac.uk/biosamples/samples/SAMN06767642/curationlinks/{hash}","templated":true},"structuredData":{"href":"https://www.ebi.ac.uk/biosamples/structureddata/SAMN06767642"}}}