{"name":"ZCTH02-B6","accession":"SAMN05223360","domain":"self.BiosampleImportNCBI","taxId":1861639,"release":"2017-06-01T00:00:00Z","update":"2022-03-29T18:46:24.547Z","submitted":"2016-06-09T14:20:03.106Z","characteristics":{"External Id":[{"text":"SAMN05223360","tag":"Namespace:BioSample"}],"INSDC center name":[{"text":"Instituto de Quimica"}],"INSDC first public":[{"text":"2017-06-01T00:00:00Z"}],"INSDC last update":[{"text":"2021-09-26T02:37:19.443Z"}],"INSDC status":[{"text":"live"}],"NCBI submission model":[{"text":"Microbe, viral or environmental"}],"NCBI submission package":[{"text":"Microbe.1.0"}],"collection date":[{"text":"2013-09","tag":"attribute"}],"environmental sample":[{"text":"TRUE","tag":"attribute"}],"geo loc name":[{"text":"Brazil: Sao Paulo, SP","tag":"attribute"}],"isolate":[{"text":"ZCTH02-B6","tag":"attribute"}],"isolation source":[{"text":"Thermophilic and cellulolytic compost-derived microbial consortium ZCTH02","tag":"attribute"}],"lat lon":[{"text":"23.650507 S 46.62043080 W","tag":"attribute"}],"metagenome source":[{"text":"compost metagenome","tag":"attribute"}],"metagenomic":[{"text":"TRUE","tag":"attribute"}],"note":[{"text":"This biosample is a metagenomic assembly obtained from the compost metagenome BioSample: SAMN05237418.","tag":"attribute"}],"organism":[{"text":"Firmicutes bacterium ZCTH02-B6","ontologyTerms":["http://purl.obolibrary.org/obo/NCBITaxon_1861639"]}],"sample type":[{"text":"metagenomic assembly","tag":"attribute"}],"title":[{"text":"Microbe sample from Firmicutes bacterium ZCTH02-B6"}]},"submittedVia":"JSON_API","create":"2016-06-09T14:20:03.106Z","_links":{"self":{"href":"https://www.ebi.ac.uk/biosamples/samples/SAMN05223360"},"curationDomain":{"href":"https://www.ebi.ac.uk/biosamples/samples/SAMN05223360{?curationdomain}","templated":true},"curationLinks":{"href":"https://www.ebi.ac.uk/biosamples/samples/SAMN05223360/curationlinks"},"curationLink":{"href":"https://www.ebi.ac.uk/biosamples/samples/SAMN05223360/curationlinks/{hash}","templated":true},"structuredData":{"href":"https://www.ebi.ac.uk/biosamples/structureddata/SAMN05223360"}}}