{"name":"SAMN08769563","accession":"SAMN08769563","domain":"self.BiosampleImportNCBI","taxId":515440,"release":"2018-03-22T00:00:00Z","update":"2022-03-30T15:29:54.067Z","submitted":"2018-03-21T21:24:59.130Z","characteristics":{"External Id":[{"text":"SAMN08769563","tag":"Namespace:BioSample"},{"text":"Gp0251954","tag":"Namespace:DOE Joint Genome Institute"}],"INSDC center name":[{"text":"DOE Joint Genome Institute"}],"INSDC first public":[{"text":"2018-03-22T00:00:00Z"}],"INSDC last update":[{"text":"2019-06-20T18:18:43.267Z"}],"INSDC secondary accession":[{"text":"SRS3233150"}],"INSDC status":[{"text":"live"}],"NCBI submission package":[{"text":"MIGS.ba.5.0"}],"SRA accession":[{"text":"SRS3233150"}],"culture-collection":[{"text":"DSM:24906","tag":"attribute"}],"description":[{"text":"Keywords: GSC:MIxS;MIGS:5.0"}],"organism":[{"text":"Oceanotoga teriensis","ontologyTerms":["http://purl.obolibrary.org/obo/NCBITaxon_515440"]}],"strain":[{"text":"DSM 24906","tag":"attribute"}],"title":[{"text":"Oceanotoga teriensis DSM 24906"}],"type material":[{"text":"type strain of Oceanotoga teriensis","tag":"attribute"}]},"externalReferences":[{"url":"https://www.ebi.ac.uk/ena/data/view/SAMN08769563","duo":null}],"submittedVia":"JSON_API","create":"2018-03-21T21:24:59.130Z","_links":{"self":{"href":"https://www.ebi.ac.uk/biosamples/samples/SAMN08769563"},"curationDomain":{"href":"https://www.ebi.ac.uk/biosamples/samples/SAMN08769563{?curationdomain}","templated":true},"curationLinks":{"href":"https://www.ebi.ac.uk/biosamples/samples/SAMN08769563/curationlinks"},"curationLink":{"href":"https://www.ebi.ac.uk/biosamples/samples/SAMN08769563/curationlinks/{hash}","templated":true},"structuredData":{"href":"https://www.ebi.ac.uk/biosamples/structureddata/SAMN08769563"}}}