{"name":"Fibrobacteres bacterium UBA5070","accession":"SAMN06454974","domain":"self.BiosampleImportNCBI","taxId":1947928,"release":"2017-02-27T00:00:00Z","update":"2022-03-30T01:30:41.119Z","submitted":"2017-02-27T11:14:21.353Z","characteristics":{"External Id":[{"text":"SAMN06454974","tag":"Namespace:BioSample"}],"INSDC center name":[{"text":"University of Queensland"}],"INSDC first public":[{"text":"2017-02-27T00:00:00Z"}],"INSDC secondary accession":[{"text":"SRS2031799"}],"INSDC status":[{"text":"live"}],"NCBI submission model":[{"text":"Microbe, viral or environmental"}],"SRA accession":[{"text":"SRS2031799"}],"assembly method":[{"text":"CLC de novo assembler","tag":"attribute"}],"assembly_method_version":[{"text":"4.4.1","tag":"attribute"}],"completeness_estimated":[{"text":"82.10%","tag":"attribute"}],"contamination_estimated":[{"text":"0.00%","tag":"attribute"}],"environmental sample":[{"text":"true","tag":"attribute"}],"genome coverage":[{"text":"15.86","tag":"attribute"}],"isolate":[{"text":"UBA5070","tag":"attribute"}],"isolation-source":[{"text":"wastewater treatment plant","tag":"attribute"}],"mapping_method":[{"text":"BWA (BWA-MEM)","tag":"attribute"}],"mapping_method_version":[{"text":"0.7.12-r1039","tag":"attribute"}],"metagenome source":[{"text":"wastewater metagenome","tag":"attribute"}],"metagenomic":[{"text":"true","tag":"attribute"}],"organism":[{"text":"Fibrobacteres bacterium UBA5070","ontologyTerms":["http://purl.obolibrary.org/obo/NCBITaxon_1947928"]}],"quality_assessment_method":[{"text":"CheckM","tag":"attribute"}],"quality_assessment_method_version":[{"text":"1.0.6","tag":"attribute"}],"sample type":[{"text":"metagenomic assembly","tag":"attribute"}],"subsrc_note":[{"text":"Genome binned from sequencing reads available in ERX656378 metagenome","tag":"attribute"}],"title":[{"text":"Uncultivated Fibrobacteres bacterium UBA5070 genome recovered from ERX656378"}],"value":[{"text":"This BioSample is a metagenomic assembly obtained from the wastewater metagenome reads: ERR712368.","tag":"attribute"}]},"externalReferences":[{"url":"https://www.ebi.ac.uk/ena/data/view/SAMN06454974","duo":null}],"submittedVia":"JSON_API","create":"2017-02-27T11:14:21.353Z","_links":{"self":{"href":"https://www.ebi.ac.uk/biosamples/samples/SAMN06454974"},"curationDomain":{"href":"https://www.ebi.ac.uk/biosamples/samples/SAMN06454974{?curationdomain}","templated":true},"curationLinks":{"href":"https://www.ebi.ac.uk/biosamples/samples/SAMN06454974/curationlinks"},"curationLink":{"href":"https://www.ebi.ac.uk/biosamples/samples/SAMN06454974/curationlinks/{hash}","templated":true},"structuredData":{"href":"https://www.ebi.ac.uk/biosamples/structureddata/SAMN06454974"}}}