{"name":"SAR324 cluster bacterium NORP136","accession":"SAMN07568950","domain":"self.BiosampleImportNCBI","taxId":2024889,"release":"2017-08-28T00:00:00Z","update":"2022-03-30T07:25:25.186Z","submitted":"2017-08-28T16:54:06.550Z","characteristics":{"External Id":[{"text":"SAMN07568950","tag":"Namespace:BioSample"}],"INSDC center name":[{"text":"University of Southern California"}],"INSDC first public":[{"text":"2017-08-28T00:00:00Z"}],"INSDC last update":[{"text":"2017-09-15T09:34:15.585Z"}],"INSDC status":[{"text":"live"}],"NCBI submission model":[{"text":"Microbe, viral or environmental"}],"NCBI submission package":[{"text":"Microbe.1.0"}],"collected by":[{"text":"Ship board science party on R/V Merian","tag":"attribute"}],"collection date":[{"text":"2014","tag":"attribute"}],"depth":[{"text":"70-332 mbsf","tag":"attribute"}],"description":[{"text":"Microbial genome binned from reads available as part of BioProject PRJNA391950"}],"env biome":[{"text":"marine biome","tag":"attribute"}],"environmental sample":[{"text":"TRUE","tag":"attribute"}],"geo loc name":[{"text":"Atlantic Ocean: North Pond","tag":"attribute"}],"isolate":[{"text":"NORP136","tag":"attribute"}],"isolation source":[{"text":"marine subsurface aquifer","tag":"attribute"}],"metagenome source":[{"text":"marine metagenome","tag":"attribute"}],"metagenomic":[{"text":"TRUE","tag":"attribute"}],"note":[{"text":"This BioSample is a metagenomic assembly obtained from the North Pond (2012-2014) metagenomes from BioSamples: SAMN07571246, SAMN07571245, SAMN07571244, SAMN07571243, SAMN07571242, SAMN07571241, SAMN07571240, SAMN07571238, SAMN07571237, SAMN07571236, SAMN07571235, SAMN07571234, SAMN07571233, SAMN07571232, SAMN07571231, SAMN07571230, SAMN03458689, SAMN03458685, SAMN03458688, SAMN03458686.","tag":"attribute"}],"organism":[{"text":"SAR324 cluster bacterium","ontologyTerms":["http://purl.obolibrary.org/obo/NCBITaxon_2024889"]}],"sample type":[{"text":"metagenomic assembly","tag":"attribute"}],"title":[{"text":"195 metagenome-assembled genomes from a cold, oxic subseafloor aquifer"}]},"submittedVia":"JSON_API","create":"2017-08-28T16:54:06.550Z","_links":{"self":{"href":"https://www.ebi.ac.uk/biosamples/samples/SAMN07568950"},"curationDomain":{"href":"https://www.ebi.ac.uk/biosamples/samples/SAMN07568950{?curationdomain}","templated":true},"curationLinks":{"href":"https://www.ebi.ac.uk/biosamples/samples/SAMN07568950/curationlinks"},"curationLink":{"href":"https://www.ebi.ac.uk/biosamples/samples/SAMN07568950/curationlinks/{hash}","templated":true},"structuredData":{"href":"https://www.ebi.ac.uk/biosamples/structureddata/SAMN07568950"}}}