{"name":"1042775","accession":"SAMN03097708","domain":"self.BiosampleImportNCBI","taxId":415747,"release":"2014-10-06T00:00:00Z","update":"2022-03-29T07:04:07.008Z","submitted":"2014-10-06T20:08:12.726Z","characteristics":{"External Id":[{"text":"SAMN03097708","tag":"Namespace:BioSample"}],"INSDC center name":[{"text":"DOE Joint Genome Institute"}],"INSDC first public":[{"text":"2014-10-06T00:00:00Z"}],"INSDC last update":[{"text":"2019-06-20T17:07:08.278Z"}],"INSDC secondary accession":[{"text":"SRS1667284"}],"INSDC status":[{"text":"live"}],"NCBI submission model":[{"text":"MIGS.ba"}],"NCBI submission package":[{"text":"MIGS.ba.5.0"}],"SRA accession":[{"text":"SRS1667284"}],"description":[{"text":"Keywords: GSC:MIxS;MIGS:5.0"}],"investigation type":[{"text":"bacteria_archaea","tag":"attribute"}],"organism":[{"text":"Thiohalomonas denitrificans","ontologyTerms":["http://purl.obolibrary.org/obo/NCBITaxon_415747"]}],"project name":[{"text":"Thiohalomonas denitrificans HLD2","tag":"attribute"}],"strain":[{"text":"HLD2","tag":"attribute"}],"title":[{"text":"Thiohalomonas denitrificans HLD2"}],"type material":[{"text":"type strain of Thiohalomonas denitrificans","tag":"attribute"}]},"externalReferences":[{"url":"https://www.ebi.ac.uk/ena/data/view/SAMN03097708","duo":null}],"submittedVia":"JSON_API","create":"2014-10-06T20:08:12.726Z","_links":{"self":{"href":"https://www.ebi.ac.uk/biosamples/samples/SAMN03097708"},"curationDomain":{"href":"https://www.ebi.ac.uk/biosamples/samples/SAMN03097708{?curationdomain}","templated":true},"curationLinks":{"href":"https://www.ebi.ac.uk/biosamples/samples/SAMN03097708/curationlinks"},"curationLink":{"href":"https://www.ebi.ac.uk/biosamples/samples/SAMN03097708/curationlinks/{hash}","templated":true},"structuredData":{"href":"https://www.ebi.ac.uk/biosamples/structureddata/SAMN03097708"}}}