{"name":"marine solar saltern","accession":"SAMN04545454","domain":"self.BiosampleImportNCBI","taxId":1611323,"release":"2016-03-10T00:00:00Z","update":"2022-03-29T16:37:46.857Z","submitted":"2016-03-10T21:45:32Z","characteristics":{"External Id":[{"text":"SAMN04545454","tag":"Namespace:BioSample"}],"INSDC center name":[{"text":"Shandong University at Weihai"}],"INSDC first public":[{"text":"2016-03-10T00:00:00Z"}],"INSDC last update":[{"text":"2021-02-28T03:11:34.666Z"}],"INSDC status":[{"text":"live"}],"NCBI submission model":[{"text":"Microbe, viral or environmental"}],"NCBI submission package":[{"text":"Microbe.1.0"}],"collection date":[{"text":"2014-08","tag":"attribute"}],"depth":[{"text":"surface","tag":"attribute"}],"env biome":[{"text":"wet land","tag":"attribute"}],"geo loc name":[{"text":"China","tag":"attribute"}],"isolation source":[{"text":"marine solar saltern sediment","tag":"attribute"}],"lat lon":[{"text":"37.25 N 121.59 E","tag":"attribute"}],"organism":[{"text":"Halofilum ochraceum","ontologyTerms":["http://purl.obolibrary.org/obo/NCBITaxon_1611323"]}],"sample type":[{"text":"pure culture","tag":"attribute"}],"strain":[{"text":"XJ16","tag":"attribute"}],"title":[{"text":"Halofilum ochraceum gen. nov., sp. nov."}],"type material":[{"text":"type strain of Halofilum ochraceum","tag":"attribute"}]},"submittedVia":"JSON_API","create":"2016-03-10T21:45:32Z","_links":{"self":{"href":"https://www.ebi.ac.uk/biosamples/samples/SAMN04545454"},"curationDomain":{"href":"https://www.ebi.ac.uk/biosamples/samples/SAMN04545454{?curationdomain}","templated":true},"curationLinks":{"href":"https://www.ebi.ac.uk/biosamples/samples/SAMN04545454/curationlinks"},"curationLink":{"href":"https://www.ebi.ac.uk/biosamples/samples/SAMN04545454/curationlinks/{hash}","templated":true},"structuredData":{"href":"https://www.ebi.ac.uk/biosamples/structureddata/SAMN04545454"}}}