{"name":"DWS_BC_030","accession":"SAMN07572183","domain":"self.BiosampleImportNCBI","taxId":2052048,"release":"2017-11-18T00:00:00Z","update":"2022-03-30T07:26:33.852Z","submitted":"2017-08-29T15:35:05.796Z","characteristics":{"External Id":[{"text":"SAMN07572183","tag":"Namespace:BioSample"}],"INSDC center name":[{"text":"University of Illinois at Urbana-Champaign"}],"INSDC first public":[{"text":"2017-11-18T00:00:00Z"}],"INSDC last update":[{"text":"2021-02-28T04:44:21.272Z"}],"INSDC status":[{"text":"live"}],"NCBI submission model":[{"text":"MIGS/MIMS/MIMARKS.water"},{"text":"MIGS.ba"}],"NCBI submission package":[{"text":"MIGS.ba.water.5.0"}],"collection date":[{"text":"2014-09-08","tag":"attribute"}],"description":[{"text":"Keywords: GSC:MIxS;MIGS:5.0"}],"env biome":[{"text":"drinking water system-before chlorination","tag":"attribute"}],"env feature":[{"text":"oligotrophic fast flowing","tag":"attribute"}],"env_material":[{"text":"water","ontologyTerms":["http://purl.obolibrary.org/obo/CHEBI_15377"],"tag":"attribute"}],"environmental sample":[{"text":"TRUE","tag":"attribute"}],"geo loc name":[{"text":"USA: Illinois, Champaign","tag":"attribute"}],"isolate":[{"text":"BC.030","ontologyTerms":["http://www.ebi.ac.uk/efo/EFO_0002046"],"tag":"attribute"}],"isolation-source":[{"text":"drinking water system-before chlorination","tag":"attribute"}],"lat lon":[{"text":"40.13 N 88.36 W","tag":"attribute"}],"metagenome source":[{"text":"freshwater metagenome","tag":"attribute"}],"metagenomic":[{"text":"TRUE","tag":"attribute"}],"note":[{"text":"This BioSample is a metagenomic assembly obtained from the freshwater metagenome BioSample: SAMN05159393.","tag":"attribute"}],"organism":[{"text":"Parachlamydia sp.","ontologyTerms":["http://purl.obolibrary.org/obo/NCBITaxon_2052048"]}],"sample-type":[{"text":"metagenomic assembly","tag":"attribute"}],"title":[{"text":"MIGS Cultured Bacterial/Archaeal sample from Parachlamydia sp."}]},"submittedVia":"JSON_API","create":"2017-08-29T15:35:05.796Z","_links":{"self":{"href":"https://www.ebi.ac.uk/biosamples/samples/SAMN07572183"},"curationDomain":{"href":"https://www.ebi.ac.uk/biosamples/samples/SAMN07572183{?curationdomain}","templated":true},"curationLinks":{"href":"https://www.ebi.ac.uk/biosamples/samples/SAMN07572183/curationlinks"},"curationLink":{"href":"https://www.ebi.ac.uk/biosamples/samples/SAMN07572183/curationlinks/{hash}","templated":true},"structuredData":{"href":"https://www.ebi.ac.uk/biosamples/structureddata/SAMN07572183"}}}