{"name":"Fusobacteriia bacterium UBA1095","accession":"SAMN06457031","domain":"self.BiosampleImportNCBI","taxId":1948575,"release":"2017-02-27T00:00:00Z","update":"2022-03-30T01:31:33.674Z","submitted":"2017-02-27T14:01:31.003Z","characteristics":{"External Id":[{"text":"SAMN06457031","tag":"Namespace:BioSample"}],"INSDC center name":[{"text":"University of Queensland"}],"INSDC first public":[{"text":"2017-02-27T00:00:00Z"}],"INSDC secondary accession":[{"text":"SRS2031588"}],"INSDC status":[{"text":"live"}],"NCBI submission model":[{"text":"Microbe, viral or environmental"}],"SRA accession":[{"text":"SRS2031588"}],"assembly method":[{"text":"CLC de novo assembler","tag":"attribute"}],"assembly_method_version":[{"text":"4.4.1","tag":"attribute"}],"completeness_estimated":[{"text":"82.47%","tag":"attribute"}],"contamination_estimated":[{"text":"0.00%","tag":"attribute"}],"environmental sample":[{"text":"true","tag":"attribute"}],"genome coverage":[{"text":"52.31","tag":"attribute"}],"isolate":[{"text":"UBA1095","tag":"attribute"}],"isolation-source":[{"text":"saline water (ENVO:00002010), including plankton (ENVO:xxxxxxxx)","tag":"attribute"}],"mapping_method":[{"text":"BWA (BWA-MEM)","tag":"attribute"}],"mapping_method_version":[{"text":"0.7.12-r1039","tag":"attribute"}],"metagenome source":[{"text":"marine metagenome","tag":"attribute"}],"metagenomic":[{"text":"true","tag":"attribute"}],"organism":[{"text":"Fusobacteriia bacterium UBA1095","ontologyTerms":["http://purl.obolibrary.org/obo/NCBITaxon_1948575"]}],"quality_assessment_method":[{"text":"CheckM","tag":"attribute"}],"quality_assessment_method_version":[{"text":"1.0.6","tag":"attribute"}],"sample type":[{"text":"metagenomic assembly","tag":"attribute"}],"subsrc_note":[{"text":"Genome binned from sequencing reads available in ERX556134 metagenome","tag":"attribute"}],"title":[{"text":"Uncultivated Fusobacteriia bacterium UBA1095 genome recovered from ERX556134"}],"value":[{"text":"This BioSample is a metagenomic assembly obtained from the marine metagenome reads: ERR599032.","tag":"attribute"}]},"externalReferences":[{"url":"https://www.ebi.ac.uk/ena/data/view/SAMN06457031","duo":null}],"submittedVia":"JSON_API","create":"2017-02-27T14:01:31.003Z","_links":{"self":{"href":"https://www.ebi.ac.uk/biosamples/samples/SAMN06457031"},"curationDomain":{"href":"https://www.ebi.ac.uk/biosamples/samples/SAMN06457031{?curationdomain}","templated":true},"curationLinks":{"href":"https://www.ebi.ac.uk/biosamples/samples/SAMN06457031/curationlinks"},"curationLink":{"href":"https://www.ebi.ac.uk/biosamples/samples/SAMN06457031/curationlinks/{hash}","templated":true},"structuredData":{"href":"https://www.ebi.ac.uk/biosamples/structureddata/SAMN06457031"}}}