{"name":"Rumen Methanomassiliicoccales enrichment (M1)","accession":"SAMN04038609","domain":"self.BiosampleImportNCBI","taxId":1713724,"release":"2015-11-04T00:00:00Z","update":"2022-03-29T13:21:52.850Z","submitted":"2015-09-08T06:31:10Z","characteristics":{"External Id":[{"text":"SAMN04038609","tag":"Namespace:BioSample"}],"INSDC center name":[{"text":"University of Vienna"}],"INSDC first public":[{"text":"2015-11-04T00:00:00Z"}],"INSDC last update":[{"text":"2019-06-20T17:19:50.789Z"}],"INSDC secondary accession":[{"text":"SRS1093385"}],"INSDC status":[{"text":"live"}],"NCBI submission model":[{"text":"Microbe, viral or environmental"}],"NCBI submission package":[{"text":"Microbe.1.0"}],"SRA accession":[{"text":"SRS1093385"}],"collection date":[{"text":"2012-11","tag":"attribute"}],"environmental sample":[{"text":"TRUE","tag":"attribute"}],"geo loc name":[{"text":"Austria","tag":"attribute"}],"isolate":[{"text":"RumEn M1","tag":"attribute"}],"isolation source":[{"text":"enrichment culture inoculated with rumen fluid from Bos taurus","tag":"attribute"}],"metagenomic":[{"text":"TRUE","tag":"attribute"}],"organism":[{"text":"Methanomassiliicoccales archaeon RumEn M1","ontologyTerms":["http://purl.obolibrary.org/obo/NCBITaxon_1713724"]}],"sample type":[{"text":"metagenomic assembly","tag":"attribute"}],"title":[{"text":"Microbe sample from Methanomassiliicoccales archaeon RumEn M1"}]},"externalReferences":[{"url":"https://www.ebi.ac.uk/ena/data/view/SAMN04038609","duo":null}],"submittedVia":"JSON_API","create":"2015-09-08T06:31:10Z","_links":{"self":{"href":"https://www.ebi.ac.uk/biosamples/samples/SAMN04038609"},"curationDomain":{"href":"https://www.ebi.ac.uk/biosamples/samples/SAMN04038609{?curationdomain}","templated":true},"curationLinks":{"href":"https://www.ebi.ac.uk/biosamples/samples/SAMN04038609/curationlinks"},"curationLink":{"href":"https://www.ebi.ac.uk/biosamples/samples/SAMN04038609/curationlinks/{hash}","templated":true},"structuredData":{"href":"https://www.ebi.ac.uk/biosamples/structureddata/SAMN04038609"}}}