{"name":"Chloroflexi bacterium UBA6077","accession":"SAMN06455613","domain":"self.BiosampleImportNCBI","taxId":1947838,"release":"2017-02-27T00:00:00Z","update":"2022-03-30T01:30:57.784Z","submitted":"2017-02-27T11:15:51.843Z","characteristics":{"External Id":[{"text":"SAMN06455613","tag":"Namespace:BioSample"}],"INSDC center name":[{"text":"University of Queensland"}],"INSDC first public":[{"text":"2017-02-27T00:00:00Z"}],"INSDC secondary accession":[{"text":"SRS2033303"}],"INSDC status":[{"text":"live"}],"NCBI submission model":[{"text":"Microbe, viral or environmental"}],"SRA accession":[{"text":"SRS2033303"}],"assembly method":[{"text":"CLC de novo assembler","tag":"attribute"}],"assembly_method_version":[{"text":"4.4.1","tag":"attribute"}],"completeness_estimated":[{"text":"98.68%","tag":"attribute"}],"contamination_estimated":[{"text":"2.18%","tag":"attribute"}],"environmental sample":[{"text":"true","tag":"attribute"}],"genome coverage":[{"text":"654.76","tag":"attribute"}],"geo loc name":[{"text":"Canada: Syncrude tailings pond, Wood Buffalo, Alberta","tag":"attribute"}],"isolate":[{"text":"UBA6077","tag":"attribute"}],"isolation-source":[{"text":"waste water","tag":"attribute"}],"mapping_method":[{"text":"BWA (BWA-MEM)","tag":"attribute"}],"mapping_method_version":[{"text":"0.7.12-r1039","tag":"attribute"}],"metagenome source":[{"text":"hydrocarbon metagenome","tag":"attribute"}],"metagenomic":[{"text":"true","tag":"attribute"}],"organism":[{"text":"Chloroflexi bacterium UBA6077","ontologyTerms":["http://purl.obolibrary.org/obo/NCBITaxon_1947838"]}],"quality_assessment_method":[{"text":"CheckM","tag":"attribute"}],"quality_assessment_method_version":[{"text":"1.0.6","tag":"attribute"}],"sample type":[{"text":"metagenomic assembly","tag":"attribute"}],"subsrc_note":[{"text":"Genome binned from sequencing reads available in SRX327521 metagenome","tag":"attribute"}],"title":[{"text":"Uncultivated Chloroflexi bacterium UBA6077 genome recovered from SRX327521"}],"value":[{"text":"This BioSample is a metagenomic assembly obtained from the hydrocarbon metagenome reads: SRR943315,SRR943314,SRR943313,SRR943312,SRR942927,SRR943311,SRR943309.","tag":"attribute"}]},"externalReferences":[{"url":"https://www.ebi.ac.uk/ena/data/view/SAMN06455613","duo":null}],"submittedVia":"JSON_API","create":"2017-02-27T11:15:51.843Z","_links":{"self":{"href":"https://www.ebi.ac.uk/biosamples/samples/SAMN06455613"},"curationDomain":{"href":"https://www.ebi.ac.uk/biosamples/samples/SAMN06455613{?curationdomain}","templated":true},"curationLinks":{"href":"https://www.ebi.ac.uk/biosamples/samples/SAMN06455613/curationlinks"},"curationLink":{"href":"https://www.ebi.ac.uk/biosamples/samples/SAMN06455613/curationlinks/{hash}","templated":true},"structuredData":{"href":"https://www.ebi.ac.uk/biosamples/structureddata/SAMN06455613"}}}