{"name":"APJZ","accession":"SAMN02470757","domain":"self.BiosampleImportNCBI","taxId":1294122,"release":"2013-12-19T00:00:00Z","update":"2022-03-29T02:55:44.639Z","submitted":"2013-12-19T13:25:11.270Z","characteristics":{"External Id":[{"text":"SAMN02470757","tag":"Namespace:BioSample"}],"INSDC center name":[{"text":"NCBI"}],"INSDC first public":[{"text":"2013-12-19T00:00:00Z"}],"INSDC last update":[{"text":"2021-02-28T02:14:26.861Z"}],"INSDC status":[{"text":"live"}],"NCBI submission model":[{"text":"Generic"}],"NCBI submission package":[{"text":"Generic.1.0"}],"collection-date":[{"text":"2011-09-12","tag":"attribute"}],"country":[{"text":"USA: Yellowstone National Park, Obsidian Pool","tag":"attribute"}],"isolation-source":[{"text":"hot spring water and gravel","tag":"attribute"}],"lat-lon":[{"text":"44.60 N 110.433 W","tag":"attribute"}],"note":[{"text":"single cell isolate","tag":"attribute"}],"organism":[{"text":"Candidatus Nanobsidianus stetteri","ontologyTerms":["http://purl.obolibrary.org/obo/NCBITaxon_1294122"]}],"title":[{"text":"Sample from Candidatus Nanobsidianus stetteri"}]},"submittedVia":"JSON_API","create":"2013-12-19T13:25:11.270Z","_links":{"self":{"href":"https://www.ebi.ac.uk/biosamples/samples/SAMN02470757"},"curationDomain":{"href":"https://www.ebi.ac.uk/biosamples/samples/SAMN02470757{?curationdomain}","templated":true},"curationLinks":{"href":"https://www.ebi.ac.uk/biosamples/samples/SAMN02470757/curationlinks"},"curationLink":{"href":"https://www.ebi.ac.uk/biosamples/samples/SAMN02470757/curationlinks/{hash}","templated":true},"structuredData":{"href":"https://www.ebi.ac.uk/biosamples/structureddata/SAMN02470757"}}}