{"name":"Thermoplasmata archaeon UBA184","accession":"SAMN06027448","domain":"self.BiosampleImportNCBI","taxId":1915751,"release":"2016-11-16T00:00:00Z","update":"2022-03-29T22:45:59.648Z","submitted":"2016-11-16T17:04:40.520Z","characteristics":{"External Id":[{"text":"SAMN06027448","tag":"Namespace:BioSample"}],"INSDC center name":[{"text":"University of Queensland"}],"INSDC first public":[{"text":"2016-11-16T00:00:00Z"}],"INSDC last update":[{"text":"2017-08-15T14:13:39.507Z"}],"INSDC secondary accession":[{"text":"SRS1809316"}],"INSDC status":[{"text":"live"}],"NCBI submission model":[{"text":"Microbe, viral or environmental"}],"NCBI submission package":[{"text":"Microbe.1.0"}],"SRA accession":[{"text":"SRS1809316"}],"assembly method":[{"text":"CLC de novo assembler","tag":"attribute"}],"assembly_method_version":[{"text":"4.4.1","tag":"attribute"}],"completeness_estimated":[{"text":"91.80%","tag":"attribute"}],"contamination_estimated":[{"text":"3.60%","tag":"attribute"}],"description":[{"text":"Uncultivated genome recovered from an assembly of the SRX243587 metagenome."}],"environmental sample":[{"text":"TRUE","tag":"attribute"}],"genome coverage":[{"text":"25.05","tag":"attribute"}],"isolate":[{"text":"UBA184","tag":"attribute"}],"isolation-source":[{"text":"soil","tag":"attribute"}],"mapping_method":[{"text":"BWA (BWA-MEM)","tag":"attribute"}],"mapping_method_version":[{"text":"0.7.12-r1039","tag":"attribute"}],"metagenome source":[{"text":"soil metagenome","ontologyTerms":["http://purl.obolibrary.org/obo/NCBITaxon_410658"],"tag":"attribute"}],"metagenomic":[{"text":"TRUE","tag":"attribute"}],"organism":[{"text":"Thermoplasmata archaeon UBA184","ontologyTerms":["http://purl.obolibrary.org/obo/NCBITaxon_1915751"]}],"quality_assessment_method":[{"text":"CheckM","tag":"attribute"}],"quality_assessment_method_version":[{"text":"1.0.6","tag":"attribute"}],"sample type":[{"text":"metagenomic assembly","tag":"attribute"}],"subsrc_note":[{"text":"Genome binned from sequencing reads available in SRX243587","tag":"attribute"}],"title":[{"text":"Uncultivated Thermoplasmata archaeon UBA184 genome recovered from SRX243587"}]},"externalReferences":[{"url":"https://www.ebi.ac.uk/ena/data/view/SAMN06027448","duo":null}],"submittedVia":"JSON_API","create":"2016-11-16T17:04:40.520Z","_links":{"self":{"href":"https://www.ebi.ac.uk/biosamples/samples/SAMN06027448"},"curationDomain":{"href":"https://www.ebi.ac.uk/biosamples/samples/SAMN06027448{?curationdomain}","templated":true},"curationLinks":{"href":"https://www.ebi.ac.uk/biosamples/samples/SAMN06027448/curationlinks"},"curationLink":{"href":"https://www.ebi.ac.uk/biosamples/samples/SAMN06027448/curationlinks/{hash}","templated":true},"structuredData":{"href":"https://www.ebi.ac.uk/biosamples/structureddata/SAMN06027448"}}}