{"name":"Armatimonadetes bacterium UBA5829","accession":"SAMN06453966","domain":"self.BiosampleImportNCBI","taxId":1953135,"release":"2017-02-27T00:00:00Z","update":"2022-03-30T01:30:14.629Z","submitted":"2017-02-27T11:12:00.386Z","characteristics":{"External Id":[{"text":"SAMN06453966","tag":"Namespace:BioSample"}],"INSDC center name":[{"text":"University of Queensland"}],"INSDC first public":[{"text":"2017-02-27T00:00:00Z"}],"INSDC last update":[{"text":"2017-08-15T13:19:55.876Z"}],"INSDC secondary accession":[{"text":"SRS2033747"}],"INSDC status":[{"text":"live"}],"NCBI submission model":[{"text":"Microbe, viral or environmental"}],"NCBI submission package":[{"text":"Microbe.1.0"}],"SRA accession":[{"text":"SRS2033747"}],"assembly method":[{"text":"CLC de novo assembler","tag":"attribute"}],"assembly_method_version":[{"text":"4.4.1","tag":"attribute"}],"completeness_estimated":[{"text":"81.14%","tag":"attribute"}],"contamination_estimated":[{"text":"1.95%","tag":"attribute"}],"description":[{"text":"Uncultivated genome recovered from an assembly of the SRX392460 metagenome."}],"environmental sample":[{"text":"true","tag":"attribute"}],"genome coverage":[{"text":"7.59","tag":"attribute"}],"isolate":[{"text":"UBA5829","tag":"attribute"}],"isolation-source":[{"text":"bioreactor","tag":"attribute"}],"mapping_method":[{"text":"BWA (BWA-MEM)","tag":"attribute"}],"mapping_method_version":[{"text":"0.7.12-r1039","tag":"attribute"}],"metagenome source":[{"text":"bioreactor metagenome","tag":"attribute"}],"metagenomic":[{"text":"true","tag":"attribute"}],"organism":[{"text":"Armatimonadetes bacterium UBA5829","ontologyTerms":["http://purl.obolibrary.org/obo/NCBITaxon_1953135"]}],"quality_assessment_method":[{"text":"CheckM","tag":"attribute"}],"quality_assessment_method_version":[{"text":"1.0.6","tag":"attribute"}],"sample type":[{"text":"metagenomic assembly","tag":"attribute"}],"subsrc_note":[{"text":"Genome binned from sequencing reads available in SRX392460 metagenome","tag":"attribute"}],"title":[{"text":"Uncultivated Armatimonadetes bacterium UBA5829 genome recovered from SRX392460"}],"value":[{"text":"This BioSample is a metagenomic assembly obtained from the bioreactor metagenome reads: SRR1050519.","tag":"attribute"}]},"externalReferences":[{"url":"https://www.ebi.ac.uk/ena/data/view/SAMN06453966","duo":null}],"submittedVia":"JSON_API","create":"2017-02-27T11:12:00.386Z","_links":{"self":{"href":"https://www.ebi.ac.uk/biosamples/samples/SAMN06453966"},"curationDomain":{"href":"https://www.ebi.ac.uk/biosamples/samples/SAMN06453966{?curationdomain}","templated":true},"curationLinks":{"href":"https://www.ebi.ac.uk/biosamples/samples/SAMN06453966/curationlinks"},"curationLink":{"href":"https://www.ebi.ac.uk/biosamples/samples/SAMN06453966/curationlinks/{hash}","templated":true},"structuredData":{"href":"https://www.ebi.ac.uk/biosamples/structureddata/SAMN06453966"}}}