{"name":"Alphaproteobacteria bacterium UBA2562","accession":"SAMN06454552","domain":"self.BiosampleImportNCBI","taxId":1948368,"release":"2017-02-27T00:00:00Z","update":"2022-03-30T01:30:30.004Z","submitted":"2017-02-27T11:13:24.973Z","characteristics":{"External Id":[{"text":"SAMN06454552","tag":"Namespace:BioSample"}],"INSDC center name":[{"text":"University of Queensland"}],"INSDC first public":[{"text":"2017-02-27T00:00:00Z"}],"INSDC secondary accession":[{"text":"SRS2035519"}],"INSDC status":[{"text":"live"}],"NCBI submission model":[{"text":"Microbe, viral or environmental"}],"SRA accession":[{"text":"SRS2035519"}],"assembly method":[{"text":"CLC de novo assembler","tag":"attribute"}],"assembly_method_version":[{"text":"4.4.1","tag":"attribute"}],"completeness_estimated":[{"text":"80.87%","tag":"attribute"}],"contamination_estimated":[{"text":"0.87%","tag":"attribute"}],"environmental sample":[{"text":"true","tag":"attribute"}],"genome coverage":[{"text":"25.8","tag":"attribute"}],"geo loc name":[{"text":"Belize: Carrie Bow Cay Field Station","tag":"attribute"}],"isolate":[{"text":"UBA2562","tag":"attribute"}],"isolation-source":[{"text":"coral mucus","tag":"attribute"}],"mapping_method":[{"text":"BWA (BWA-MEM)","tag":"attribute"}],"mapping_method_version":[{"text":"0.7.12-r1039","tag":"attribute"}],"metagenome source":[{"text":"coral metagenome","tag":"attribute"}],"metagenomic":[{"text":"true","tag":"attribute"}],"organism":[{"text":"Alphaproteobacteria bacterium UBA2562","ontologyTerms":["http://purl.obolibrary.org/obo/NCBITaxon_1948368"]}],"quality_assessment_method":[{"text":"CheckM","tag":"attribute"}],"quality_assessment_method_version":[{"text":"1.0.6","tag":"attribute"}],"sample type":[{"text":"metagenomic assembly","tag":"attribute"}],"subsrc_note":[{"text":"Genome binned from sequencing reads available in SRX894068 metagenome","tag":"attribute"}],"title":[{"text":"Uncultivated Alphaproteobacteria bacterium UBA2562 genome recovered from SRX894068"}],"value":[{"text":"This BioSample is a metagenomic assembly obtained from the coral metagenome reads: SRR1822516.","tag":"attribute"}]},"externalReferences":[{"url":"https://www.ebi.ac.uk/ena/data/view/SAMN06454552","duo":null}],"submittedVia":"JSON_API","create":"2017-02-27T11:13:24.973Z","_links":{"self":{"href":"https://www.ebi.ac.uk/biosamples/samples/SAMN06454552"},"curationDomain":{"href":"https://www.ebi.ac.uk/biosamples/samples/SAMN06454552{?curationdomain}","templated":true},"curationLinks":{"href":"https://www.ebi.ac.uk/biosamples/samples/SAMN06454552/curationlinks"},"curationLink":{"href":"https://www.ebi.ac.uk/biosamples/samples/SAMN06454552/curationlinks/{hash}","templated":true},"structuredData":{"href":"https://www.ebi.ac.uk/biosamples/structureddata/SAMN06454552"}}}