{"name":"ZC4RG23","accession":"SAMN09092795","domain":"self.BiosampleImportNCBI","taxId":1879010,"release":"2018-06-21T00:38:20.263Z","update":"2022-03-30T17:40:31.250Z","submitted":"2018-05-08T14:12:04.173Z","characteristics":{"External Id":[{"text":"SAMN09092795","tag":"Namespace:BioSample"}],"INSDC center name":[{"text":"Carlos Oliveira's shared submissions"}],"INSDC first public":[{"text":"2018-06-21T00:38:20.263Z"}],"INSDC last update":[{"text":"2018-06-21T00:38:20.263Z"}],"INSDC status":[{"text":"live"}],"NCBI submission model":[{"text":"Microbe, viral or environmental"}],"NCBI submission package":[{"text":"Microbe.1.0"}],"collection date":[{"text":"2013","tag":"attribute"}],"environmental sample":[{"text":"TRUE","tag":"attribute"}],"geo loc name":[{"text":"Brazil: Sao Paulo","tag":"attribute"}],"isolate":[{"text":"ZC4RG23","tag":"attribute"}],"isolation source":[{"text":"ZC4 (Zoo Composter number 4) at the Sao Paulo Zoo","tag":"attribute"}],"lat lon":[{"text":"23.6265 S 46.6198 W","tag":"attribute"}],"metagenome source":[{"text":"compost metagenome","tag":"attribute"}],"metagenomic":[{"text":"TRUE","tag":"attribute"}],"note":[{"text":"This biosample is a metagenomic assembly obtained from the compost metagenome BioSample: SAMN04620138","tag":"attribute"}],"organism":[{"text":"Firmicutes bacterium","ontologyTerms":["http://purl.obolibrary.org/obo/NCBITaxon_1879010"]}],"sample type":[{"text":"metagenomic assembly","tag":"attribute"}],"title":[{"text":"Microbe sample from Firmicutes bacterium"}]},"submittedVia":"JSON_API","create":"2018-05-08T14:12:04.173Z","_links":{"self":{"href":"https://www.ebi.ac.uk/biosamples/samples/SAMN09092795"},"curationDomain":{"href":"https://www.ebi.ac.uk/biosamples/samples/SAMN09092795{?curationdomain}","templated":true},"curationLinks":{"href":"https://www.ebi.ac.uk/biosamples/samples/SAMN09092795/curationlinks"},"curationLink":{"href":"https://www.ebi.ac.uk/biosamples/samples/SAMN09092795/curationlinks/{hash}","templated":true},"structuredData":{"href":"https://www.ebi.ac.uk/biosamples/structureddata/SAMN09092795"}}}