{"name":"SW_4_Bacteria_49_11","accession":"SAMN06020711","domain":"self.BiosampleImportNCBI","taxId":1919225,"release":"2017-11-30T00:00:00Z","update":"2022-03-29T22:45:18.889Z","submitted":"2016-11-16T12:55:37.066Z","characteristics":{"External Id":[{"text":"SAMN06020711","tag":"Namespace:BioSample"}],"INSDC center name":[{"text":"Jill Banfield's Lab at Berkeley"}],"INSDC first public":[{"text":"2017-11-30T00:00:00Z"}],"INSDC last update":[{"text":"2021-02-28T03:50:07.191Z"}],"INSDC status":[{"text":"live"}],"NCBI submission model":[{"text":"MIGS.ba"},{"text":"MIGS/MIMS/MIMARKS.soil"}],"NCBI submission package":[{"text":"MIGS.ba.soil.5.0"}],"collection date":[{"text":"2013-06","tag":"attribute"}],"depth":[{"text":"surface","tag":"attribute"}],"description":[{"text":"Keywords: GSC:MIxS;MIGS:5.0"}],"elev":[{"text":"756","tag":"attribute"}],"env biome":[{"text":"desert","tag":"attribute"}],"env feature":[{"text":"salt flat (salar)","tag":"attribute"}],"env_material":[{"text":"salt crust","tag":"attribute"}],"environmental sample":[{"text":"1","tag":"attribute"}],"geo loc name":[{"text":"Chile: Atacama Desert","tag":"attribute"}],"isolate":[{"text":"SW_4_49_11","tag":"attribute"}],"isolation-source":[{"text":"salt crust","tag":"attribute"}],"lat lon":[{"text":"21.20 S 69.68 W","tag":"attribute"}],"metagenome source":[{"text":"halite metagenome","tag":"attribute"}],"metagenomic":[{"text":"1","tag":"attribute"}],"note":[{"text":"This BioSample is a metagenomic assembly obtained from the halite metagenome BioSample: SAMN08397703","tag":"attribute"}],"organism":[{"text":"Parcubacteria group bacterium SW_4_49_11","ontologyTerms":["http://purl.obolibrary.org/obo/NCBITaxon_1919225"]}],"sample-type":[{"text":"metagenomic assembly","tag":"attribute"}],"title":[{"text":"MIGS Cultured Bacterial/Archaeal sample from Parcubacteria group bacterium SW_4_49_11"}]},"submittedVia":"JSON_API","create":"2016-11-16T12:55:37.066Z","_links":{"self":{"href":"https://www.ebi.ac.uk/biosamples/samples/SAMN06020711"},"curationDomain":{"href":"https://www.ebi.ac.uk/biosamples/samples/SAMN06020711{?curationdomain}","templated":true},"curationLinks":{"href":"https://www.ebi.ac.uk/biosamples/samples/SAMN06020711/curationlinks"},"curationLink":{"href":"https://www.ebi.ac.uk/biosamples/samples/SAMN06020711/curationlinks/{hash}","templated":true},"structuredData":{"href":"https://www.ebi.ac.uk/biosamples/structureddata/SAMN06020711"}}}