{"name":"Anaerolineales bacterium UBA3082","accession":"SAMN06453906","domain":"self.BiosampleImportNCBI","taxId":1950204,"release":"2017-02-27T00:00:00Z","update":"2022-03-30T01:30:13.167Z","submitted":"2017-02-27T11:11:57.566Z","characteristics":{"External Id":[{"text":"SAMN06453906","tag":"Namespace:BioSample"}],"INSDC center name":[{"text":"University of Queensland"}],"INSDC first public":[{"text":"2017-02-27T00:00:00Z"}],"INSDC last update":[{"text":"2017-08-15T13:19:54.169Z"}],"INSDC secondary accession":[{"text":"SRS2034333"}],"INSDC status":[{"text":"live"}],"NCBI submission model":[{"text":"Microbe, viral or environmental"}],"NCBI submission package":[{"text":"Microbe.1.0"}],"SRA accession":[{"text":"SRS2034333"}],"assembly method":[{"text":"CLC de novo assembler","tag":"attribute"}],"assembly_method_version":[{"text":"4.4.1","tag":"attribute"}],"completeness_estimated":[{"text":"85.90%","tag":"attribute"}],"contamination_estimated":[{"text":"2.75%","tag":"attribute"}],"description":[{"text":"Uncultivated genome recovered from an assembly of the SRX559946 metagenome."}],"environmental sample":[{"text":"true","tag":"attribute"}],"genome coverage":[{"text":"33.18","tag":"attribute"}],"geo loc name":[{"text":"USA: Coal Oil Point, Santa Barbara, California","tag":"attribute"}],"isolate":[{"text":"UBA3082","tag":"attribute"}],"isolation-source":[{"text":"Oil polluted marine water","tag":"attribute"}],"mapping_method":[{"text":"BWA (BWA-MEM)","tag":"attribute"}],"mapping_method_version":[{"text":"0.7.12-r1039","tag":"attribute"}],"metagenome source":[{"text":"marine metagenome","tag":"attribute"}],"metagenomic":[{"text":"true","tag":"attribute"}],"organism":[{"text":"Anaerolineales bacterium UBA3082","ontologyTerms":["http://purl.obolibrary.org/obo/NCBITaxon_1950204"]}],"quality_assessment_method":[{"text":"CheckM","tag":"attribute"}],"quality_assessment_method_version":[{"text":"1.0.6","tag":"attribute"}],"sample type":[{"text":"metagenomic assembly","tag":"attribute"}],"subsrc_note":[{"text":"Genome binned from sequencing reads available in SRX559946 metagenome","tag":"attribute"}],"title":[{"text":"Uncultivated Anaerolineales bacterium UBA3082 genome recovered from SRX559946"}],"value":[{"text":"This BioSample is a metagenomic assembly obtained from the marine metagenome reads: SRR1313318.","tag":"attribute"}]},"externalReferences":[{"url":"https://www.ebi.ac.uk/ena/data/view/SAMN06453906","duo":null}],"submittedVia":"JSON_API","create":"2017-02-27T11:11:57.566Z","_links":{"self":{"href":"https://www.ebi.ac.uk/biosamples/samples/SAMN06453906"},"curationDomain":{"href":"https://www.ebi.ac.uk/biosamples/samples/SAMN06453906{?curationdomain}","templated":true},"curationLinks":{"href":"https://www.ebi.ac.uk/biosamples/samples/SAMN06453906/curationlinks"},"curationLink":{"href":"https://www.ebi.ac.uk/biosamples/samples/SAMN06453906/curationlinks/{hash}","templated":true},"structuredData":{"href":"https://www.ebi.ac.uk/biosamples/structureddata/SAMN06453906"}}}