{"name":"ZAV08","accession":"SAMN08107317","domain":"self.BiosampleImportNCBI","taxId":1295609,"release":"2017-11-28T00:00:00Z","update":"2022-03-30T11:16:37.553Z","submitted":"2017-11-28T19:06:06.323Z","characteristics":{"External Id":[{"text":"SAMN08107317","tag":"Namespace:BioSample"}],"INSDC center name":[{"text":"UC Berkeley"}],"INSDC first public":[{"text":"2017-11-28T00:00:00Z"}],"INSDC last update":[{"text":"2021-02-28T05:09:17.629Z"}],"INSDC status":[{"text":"live"}],"NCBI submission model":[{"text":"Microbe, viral or environmental"}],"NCBI submission package":[{"text":"Microbe.1.0"}],"collected by":[{"text":"Elizabeth Burgess","tag":"attribute"}],"collection date":[{"text":"2004-08","tag":"attribute"}],"env biome":[{"text":"freshwater biome","tag":"attribute"}],"environmental sample":[{"text":"TRUE","tag":"attribute"}],"geo loc name":[{"text":"Russia: Uzon Caldera, Kamchatka, Zavarzin hot spring","tag":"attribute"}],"isolate":[{"text":"ZAV-08","tag":"attribute"}],"isolation source":[{"text":"hot spring","tag":"attribute"}],"lat lon":[{"text":"54.295 N 160.052 E","tag":"attribute"}],"metagenome source":[{"text":"hot springs metagenome","tag":"attribute"}],"metagenomic":[{"text":"TRUE","tag":"attribute"}],"misc_param":[{"text":"ZAV-08_hot_spring_Kamchatka","tag":"attribute"}],"note":[{"text":"This BioSample is a metagenomic assembly obtained from the hot springs metagenome BioSamples: SAMN08105287.","tag":"attribute"}],"organism":[{"text":"Thermodesulfobacterium geofontis","ontologyTerms":["http://purl.obolibrary.org/obo/NCBITaxon_1295609"]}],"sample type":[{"text":"metagenomic assembly","tag":"attribute"}],"title":[{"text":"Microbe sample from Thermodesulfobacterium geofontis"}]},"submittedVia":"JSON_API","create":"2017-11-28T19:06:06.323Z","_links":{"self":{"href":"https://www.ebi.ac.uk/biosamples/samples/SAMN08107317"},"curationDomain":{"href":"https://www.ebi.ac.uk/biosamples/samples/SAMN08107317{?curationdomain}","templated":true},"curationLinks":{"href":"https://www.ebi.ac.uk/biosamples/samples/SAMN08107317/curationlinks"},"curationLink":{"href":"https://www.ebi.ac.uk/biosamples/samples/SAMN08107317/curationlinks/{hash}","templated":true},"structuredData":{"href":"https://www.ebi.ac.uk/biosamples/structureddata/SAMN08107317"}}}