{"name":"UBA9506","accession":"SAMN08018953","domain":"self.BiosampleImportNCBI","taxId":1898207,"release":"2017-11-13T00:00:00Z","update":"2022-03-30T10:41:55.796Z","submitted":"2017-11-13T20:25:16.103Z","characteristics":{"External Id":[{"text":"SAMN08018953","tag":"Namespace:BioSample"}],"INSDC center name":[{"text":"University of Queensland"}],"INSDC first public":[{"text":"2017-11-13T00:00:00Z"}],"INSDC secondary accession":[{"text":"SRS2843416"}],"INSDC status":[{"text":"live"}],"NCBI submission model":[{"text":"Microbe, viral or environmental"}],"SRA accession":[{"text":"SRS2843416"}],"assembly method":[{"text":"CLC de novo assembler","tag":"attribute"}],"assembly_method_version":[{"text":"4.4.1","tag":"attribute"}],"completeness_estimated":[{"text":"88.93%","tag":"attribute"}],"contamination_estimated":[{"text":"0.00%","tag":"attribute"}],"environmental sample":[{"text":"true","tag":"attribute"}],"genome coverage":[{"text":"15.87x","tag":"attribute"}],"isolate":[{"text":"UBA9506","tag":"attribute"}],"isolation source":[{"text":"gut","ontologyTerms":["http://purl.obolibrary.org/obo/UBERON_0001007"],"tag":"attribute"}],"mapping_method":[{"text":"BWA (BWA-MEM)","tag":"attribute"}],"mapping_method_version":[{"text":"0.7.12-r1039","tag":"attribute"}],"metagenome source":[{"text":"gut metagenome","tag":"attribute"}],"metagenomic":[{"text":"true","tag":"attribute"}],"note":[{"text":"gut metagenome","tag":"attribute"}],"organism":[{"text":"Clostridiales bacterium","ontologyTerms":["http://purl.obolibrary.org/obo/NCBITaxon_1898207"]}],"quality_assessment_method":[{"text":"CheckM","tag":"attribute"}],"quality_assessment_method_version":[{"text":"1.0.6","tag":"attribute"}],"sample type":[{"text":"metagenomic assembly","tag":"attribute"}],"title":[{"text":"Uncultivated Clostridiales bacterium UBA9506 genome recovered from ERX222796"}],"value":[{"text":"This BioSample is a metagenomic assembly obtained from the gut metagenome reads: ERR248262.","tag":"attribute"}]},"externalReferences":[{"url":"https://www.ebi.ac.uk/ena/data/view/SAMN08018953","duo":null}],"submittedVia":"JSON_API","create":"2017-11-13T20:25:16.103Z","_links":{"self":{"href":"https://www.ebi.ac.uk/biosamples/samples/SAMN08018953"},"curationDomain":{"href":"https://www.ebi.ac.uk/biosamples/samples/SAMN08018953{?curationdomain}","templated":true},"curationLinks":{"href":"https://www.ebi.ac.uk/biosamples/samples/SAMN08018953/curationlinks"},"curationLink":{"href":"https://www.ebi.ac.uk/biosamples/samples/SAMN08018953/curationlinks/{hash}","templated":true},"structuredData":{"href":"https://www.ebi.ac.uk/biosamples/structureddata/SAMN08018953"}}}