{"name":"Firmicutes bacterium UBA5324","accession":"SAMN06450541","domain":"self.BiosampleImportNCBI","taxId":1948050,"release":"2017-02-27T00:00:00Z","update":"2022-03-30T01:28:54.848Z","submitted":"2017-02-27T11:03:41.033Z","characteristics":{"External Id":[{"text":"SAMN06450541","tag":"Namespace:BioSample"}],"INSDC center name":[{"text":"University of Queensland"}],"INSDC first public":[{"text":"2017-02-27T00:00:00Z"}],"INSDC secondary accession":[{"text":"SRS2035611"}],"INSDC status":[{"text":"live"}],"NCBI submission model":[{"text":"Microbe, viral or environmental"}],"SRA accession":[{"text":"SRS2035611"}],"assembly method":[{"text":"CLC de novo assembler","tag":"attribute"}],"assembly_method_version":[{"text":"4.4.1","tag":"attribute"}],"completeness_estimated":[{"text":"83.99%","tag":"attribute"}],"contamination_estimated":[{"text":"0.28%","tag":"attribute"}],"environmental sample":[{"text":"true","tag":"attribute"}],"genome coverage":[{"text":"26.51","tag":"attribute"}],"geo loc name":[{"text":"China: Luzhou","tag":"attribute"}],"isolate":[{"text":"UBA5324","tag":"attribute"}],"isolation-source":[{"text":"mud","tag":"attribute"}],"mapping_method":[{"text":"BWA (BWA-MEM)","tag":"attribute"}],"mapping_method_version":[{"text":"0.7.12-r1039","tag":"attribute"}],"metagenome source":[{"text":"fermentation metagenome","tag":"attribute"}],"metagenomic":[{"text":"true","tag":"attribute"}],"organism":[{"text":"Firmicutes bacterium UBA5324","ontologyTerms":["http://purl.obolibrary.org/obo/NCBITaxon_1948050"]}],"quality_assessment_method":[{"text":"CheckM","tag":"attribute"}],"quality_assessment_method_version":[{"text":"1.0.6","tag":"attribute"}],"sample type":[{"text":"metagenomic assembly","tag":"attribute"}],"subsrc_note":[{"text":"Genome binned from sequencing reads available in SRX691263 metagenome","tag":"attribute"}],"title":[{"text":"Uncultivated Firmicutes bacterium UBA5324 genome recovered from SRX691263"}],"value":[{"text":"This BioSample is a metagenomic assembly obtained from the fermentation metagenome reads: SRR1561950.","tag":"attribute"}]},"externalReferences":[{"url":"https://www.ebi.ac.uk/ena/data/view/SAMN06450541","duo":null}],"submittedVia":"JSON_API","create":"2017-02-27T11:03:41.033Z","_links":{"self":{"href":"https://www.ebi.ac.uk/biosamples/samples/SAMN06450541"},"curationDomain":{"href":"https://www.ebi.ac.uk/biosamples/samples/SAMN06450541{?curationdomain}","templated":true},"curationLinks":{"href":"https://www.ebi.ac.uk/biosamples/samples/SAMN06450541/curationlinks"},"curationLink":{"href":"https://www.ebi.ac.uk/biosamples/samples/SAMN06450541/curationlinks/{hash}","templated":true},"structuredData":{"href":"https://www.ebi.ac.uk/biosamples/structureddata/SAMN06450541"}}}