{"name":"GWA2_OD1_43_13","accession":"SAMN03319699","domain":"self.BiosampleImportNCBI","taxId":1618826,"release":"2015-02-25T00:00:00Z","update":"2022-03-29T08:11:00.830Z","submitted":"2015-01-29T23:27:19.940Z","characteristics":{"External Id":[{"text":"SAMN03319699","tag":"Namespace:BioSample"}],"INSDC center name":[{"text":"Banfield Lab, University of California, Berkeley"}],"INSDC first public":[{"text":"2015-02-25T00:00:00Z"}],"INSDC last update":[{"text":"2021-02-28T02:34:46.722Z"}],"INSDC status":[{"text":"live"}],"NCBI submission model":[{"text":"Metagenome or environmental"}],"NCBI submission package":[{"text":"Metagenome.environmental.1.0"}],"collection date":[{"text":"2011-06","tag":"attribute"}],"environmental sample":[{"text":"TRUE","tag":"attribute"}],"geo loc name":[{"text":"USA: Rifle, CO","tag":"attribute"}],"isolation source":[{"text":"aquifer sediment","tag":"attribute"}],"lat lon":[{"text":"39.5369 N 107.7828 W","tag":"attribute"}],"metagenome source":[{"text":"groundwater metagenome","tag":"attribute"}],"metagenomic":[{"text":"TRUE","tag":"attribute"}],"note":[{"text":"This biosample is a metagenomic assembly obtained from the groundwater metagenome sample SAMN03202995","tag":"attribute"}],"organism":[{"text":"Parcubacteria group bacterium GW2011_GWA2_43_13","ontologyTerms":["http://purl.obolibrary.org/obo/NCBITaxon_1618826"]}],"title":[{"text":"Metagenome or environmental sample from Parcubacteria group bacterium GW2011_GWA2_43_13"}]},"submittedVia":"JSON_API","create":"2015-01-29T23:27:19.940Z","_links":{"self":{"href":"https://www.ebi.ac.uk/biosamples/samples/SAMN03319699"},"curationDomain":{"href":"https://www.ebi.ac.uk/biosamples/samples/SAMN03319699{?curationdomain}","templated":true},"curationLinks":{"href":"https://www.ebi.ac.uk/biosamples/samples/SAMN03319699/curationlinks"},"curationLink":{"href":"https://www.ebi.ac.uk/biosamples/samples/SAMN03319699/curationlinks/{hash}","templated":true},"structuredData":{"href":"https://www.ebi.ac.uk/biosamples/structureddata/SAMN03319699"}}}