{"name":"Genome for DOLJORAL78_Acidobacteria_46_51","accession":"SAMN07757424","domain":"self.BiosampleImportNCBI","taxId":1978231,"release":"2017-10-06T00:00:00Z","update":"2022-03-30T08:42:41.469Z","submitted":"2017-10-06T15:28:06.650Z","characteristics":{"External Id":[{"text":"SAMN07757424","tag":"Namespace:BioSample"}],"INSDC center name":[{"text":"Stanford University"}],"INSDC first public":[{"text":"2017-10-06T00:00:00Z"}],"INSDC last update":[{"text":"2021-05-06T16:57:49.166Z"}],"INSDC status":[{"text":"live"}],"NCBI submission model":[{"text":"MIGS.ba"},{"text":"MIGS/MIMS/MIMARKS.host-associated"}],"NCBI submission package":[{"text":"MIGS.ba.host-associated.5.0"}],"collection date":[{"text":"2008-08-20","tag":"attribute"}],"description":[{"text":"Keywords: GSC:MIxS;MIGS:5.0"}],"env biome":[{"text":"Marine environment","tag":"attribute"}],"env feature":[{"text":"Marine mammal","tag":"attribute"}],"env_material":[{"text":"Swab sample of the gingival sulcus","tag":"attribute"}],"environmental sample":[{"text":"TRUE","tag":"attribute"}],"geo loc name":[{"text":"USA: San Diego Bay, CA","tag":"attribute"}],"host":[{"text":"Tursiops truncatus","tag":"attribute"}],"host age":[{"text":"5 years","ontologyTerms":["http://purl.obolibrary.org/obo/UO_0000036"],"tag":"attribute"}],"host body habitat":[{"text":"Gingival sulcus (mouth)","tag":"attribute"}],"host sex":[{"text":"male","ontologyTerms":["http://purl.obolibrary.org/obo/PATO_0000384"],"tag":"attribute"}],"host subject id":[{"text":"DolJOral78","tag":"attribute"}],"host taxid":[{"text":"9739","tag":"attribute"}],"isolate":[{"text":"DOLJORAL78_46_51","tag":"attribute"}],"isolation source":[{"text":"swab sample of gingival sulcus (mouth) from 5 year old male Dolphin_J","tag":"attribute"}],"lat lon":[{"text":"32.6717 N 117.1441 W","tag":"attribute"}],"metagenome source":[{"text":"oral metagenome","tag":"attribute"}],"metagenomic":[{"text":"TRUE","tag":"attribute"}],"note":[{"text":"This BioSample is a metagenomic assembly obtained from the oral metagenome BioSample: SAMN01162460.","tag":"attribute"}],"organism":[{"text":"Acidobacteria bacterium","ontologyTerms":["http://purl.obolibrary.org/obo/NCBITaxon_1978231"]}],"sample-type":[{"text":"metagenomic assembly","tag":"attribute"}],"title":[{"text":"Uncultured bacteria isolated from gingival sulcus of 5 year old male Dolphin_J"}]},"submittedVia":"JSON_API","create":"2017-10-06T15:28:06.650Z","_links":{"self":{"href":"https://www.ebi.ac.uk/biosamples/samples/SAMN07757424"},"curationDomain":{"href":"https://www.ebi.ac.uk/biosamples/samples/SAMN07757424{?curationdomain}","templated":true},"curationLinks":{"href":"https://www.ebi.ac.uk/biosamples/samples/SAMN07757424/curationlinks"},"curationLink":{"href":"https://www.ebi.ac.uk/biosamples/samples/SAMN07757424/curationlinks/{hash}","templated":true},"structuredData":{"href":"https://www.ebi.ac.uk/biosamples/structureddata/SAMN07757424"}}}