{"name":"Bacteroidetes bacterium UBA7662","accession":"SAMN06452166","domain":"self.BiosampleImportNCBI","taxId":1953171,"release":"2017-02-27T00:00:00Z","update":"2022-03-30T01:29:29.456Z","submitted":"2017-02-27T11:08:36.356Z","characteristics":{"External Id":[{"text":"SAMN06452166","tag":"Namespace:BioSample"}],"INSDC center name":[{"text":"University of Queensland"}],"INSDC first public":[{"text":"2017-02-27T00:00:00Z"}],"INSDC secondary accession":[{"text":"SRS2032734"}],"INSDC status":[{"text":"live"}],"NCBI submission model":[{"text":"Microbe, viral or environmental"}],"SRA accession":[{"text":"SRS2032734"}],"assembly method":[{"text":"CLC de novo assembler","tag":"attribute"}],"assembly_method_version":[{"text":"4.4.1","tag":"attribute"}],"completeness_estimated":[{"text":"98.10%","tag":"attribute"}],"contamination_estimated":[{"text":"0.95%","tag":"attribute"}],"environmental sample":[{"text":"true","tag":"attribute"}],"genome coverage":[{"text":"119.18","tag":"attribute"}],"geo loc name":[{"text":"Germany: Hamburg-Reitbrook","tag":"attribute"}],"isolate":[{"text":"UBA7662","tag":"attribute"}],"isolation-source":[{"text":"water","ontologyTerms":["http://purl.obolibrary.org/obo/CHEBI_15377"],"tag":"attribute"}],"mapping_method":[{"text":"BWA (BWA-MEM)","tag":"attribute"}],"mapping_method_version":[{"text":"0.7.12-r1039","tag":"attribute"}],"metagenome source":[{"text":"biofilm metagenome","tag":"attribute"}],"metagenomic":[{"text":"true","tag":"attribute"}],"organism":[{"text":"Bacteroidetes bacterium UBA7662","ontologyTerms":["http://purl.obolibrary.org/obo/NCBITaxon_1953171"]}],"quality_assessment_method":[{"text":"CheckM","tag":"attribute"}],"quality_assessment_method_version":[{"text":"1.0.6","tag":"attribute"}],"sample type":[{"text":"metagenomic assembly","tag":"attribute"}],"subsrc_note":[{"text":"Genome binned from sequencing reads available in SRX272783 metagenome","tag":"attribute"}],"title":[{"text":"Uncultivated Bacteroidetes bacterium UBA7662 genome recovered from SRX272783"}],"value":[{"text":"This BioSample is a metagenomic assembly obtained from the biofilm metagenome reads: SRR845265.","tag":"attribute"}]},"externalReferences":[{"url":"https://www.ebi.ac.uk/ena/data/view/SAMN06452166","duo":null}],"submittedVia":"JSON_API","create":"2017-02-27T11:08:36.356Z","_links":{"self":{"href":"https://www.ebi.ac.uk/biosamples/samples/SAMN06452166"},"curationDomain":{"href":"https://www.ebi.ac.uk/biosamples/samples/SAMN06452166{?curationdomain}","templated":true},"curationLinks":{"href":"https://www.ebi.ac.uk/biosamples/samples/SAMN06452166/curationlinks"},"curationLink":{"href":"https://www.ebi.ac.uk/biosamples/samples/SAMN06452166/curationlinks/{hash}","templated":true},"structuredData":{"href":"https://www.ebi.ac.uk/biosamples/structureddata/SAMN06452166"}}}