{"name":"Genome for Caedibacter bacterium 38-128 from Thiocyanate ramp bioreactor planktonic metagenome","accession":"SAMN05660589","domain":"self.BiosampleImportNCBI","taxId":1895736,"release":"2016-08-29T00:00:00Z","update":"2022-03-29T20:54:32.402Z","submitted":"2016-08-25T14:32:23.940Z","characteristics":{"External Id":[{"text":"SAMN05660589","tag":"Namespace:BioSample"}],"INSDC center name":[{"text":"Jill Banfield's Lab at Berkeley"}],"INSDC first public":[{"text":"2016-08-29T00:00:00Z"}],"INSDC last update":[{"text":"2021-02-28T03:35:43.087Z"}],"INSDC status":[{"text":"live"}],"NCBI submission model":[{"text":"MIMS.me"},{"text":"MIGS/MIMS/MIMARKS.wastewater"}],"NCBI submission package":[{"text":"MIMS.me.wastewater.5.0"}],"collection date":[{"text":"2014-02-18","tag":"attribute"}],"description":[{"text":"Keywords: GSC:MIxS;MIMS:5.0"}],"env biome":[{"text":"Bioreactor","tag":"attribute"}],"env feature":[{"text":"Thiocyanate ramp bioreactor","tag":"attribute"}],"env_material":[{"text":"planktonic","tag":"attribute"}],"environmental sample":[{"text":"TRUE","tag":"attribute"}],"geo loc name":[{"text":"South Africa: University of Cape Town","tag":"attribute"}],"isolate":[{"text":"38-128","tag":"attribute"}],"isolation-source":[{"text":"Thiocyanate ramp bioreactor","tag":"attribute"}],"lat lon":[{"text":"33.9575 S 18.4606 E","tag":"attribute"}],"metagenome source":[{"text":"bioreactor metagenome","tag":"attribute"}],"metagenomic":[{"text":"TRUE","tag":"attribute"}],"note":[{"text":"This biosample is a metagenomic assembly obtained from the bioreactor metagenome BioSample: SAMN05389827","tag":"attribute"}],"organism":[{"text":"Caedibacter sp. 38-128","ontologyTerms":["http://purl.obolibrary.org/obo/NCBITaxon_1895736"]}],"sample-type":[{"text":"metagenomic assembly","tag":"attribute"}],"title":[{"text":"SCN_T2_P"}]},"submittedVia":"JSON_API","create":"2016-08-25T14:32:23.940Z","_links":{"self":{"href":"https://www.ebi.ac.uk/biosamples/samples/SAMN05660589"},"curationDomain":{"href":"https://www.ebi.ac.uk/biosamples/samples/SAMN05660589{?curationdomain}","templated":true},"curationLinks":{"href":"https://www.ebi.ac.uk/biosamples/samples/SAMN05660589/curationlinks"},"curationLink":{"href":"https://www.ebi.ac.uk/biosamples/samples/SAMN05660589/curationlinks/{hash}","templated":true},"structuredData":{"href":"https://www.ebi.ac.uk/biosamples/structureddata/SAMN05660589"}}}