{"name":"73.20120700_P3D.179","accession":"SAMN08179852","domain":"self.BiosampleImportNCBI","taxId":2052330,"release":"2018-05-25T00:00:00Z","update":"2022-03-30T11:39:27.277Z","submitted":"2017-12-14T19:12:11.990Z","characteristics":{"External Id":[{"text":"SAMN08179852","tag":"Namespace:BioSample"}],"INSDC center name":[{"text":"The University of Queensland"}],"INSDC first public":[{"text":"2018-05-25T00:00:00Z"}],"INSDC last update":[{"text":"2021-02-28T05:13:04.342Z"}],"INSDC status":[{"text":"live"}],"NCBI submission model":[{"text":"Microbe, viral or environmental"}],"NCBI submission package":[{"text":"Microbe.1.0"}],"altitude":[{"text":"363 m","tag":"attribute"}],"collection date":[{"text":"2012-07-20","tag":"attribute"}],"depth":[{"text":"0.3-0.33","tag":"attribute"}],"environmental sample":[{"text":"1","tag":"attribute"}],"geo loc name":[{"text":"Sweden: Stordalen Mire","tag":"attribute"}],"isolate":[{"text":"palsa_1180","tag":"attribute"}],"isolation source":[{"text":"permafrost active layer soil","tag":"attribute"}],"lat lon":[{"text":"68.3535 N 19.0472 E","tag":"attribute"}],"metagenome source":[{"text":"peat metagenome","tag":"attribute"}],"metagenomic":[{"text":"1","tag":"attribute"}],"name":[{"text":"note","tag":"attribute"}],"organism":[{"text":"candidate division FCPU426 bacterium","ontologyTerms":["http://purl.obolibrary.org/obo/NCBITaxon_2052330"]}],"sample type":[{"text":"metagenomic assembly","tag":"attribute"}],"title":[{"text":"MAG FCPU426_palsa_1180 from metagenome 20120700_P3D"}],"value":[{"text":"This BioSample is a metagenomic assembly obtained from the 20120700_P3D metagenome BioSample: SAMN07125042.","tag":"attribute"}]},"submittedVia":"JSON_API","create":"2017-12-14T19:12:11.990Z","_links":{"self":{"href":"https://www.ebi.ac.uk/biosamples/samples/SAMN08179852"},"curationDomain":{"href":"https://www.ebi.ac.uk/biosamples/samples/SAMN08179852{?curationdomain}","templated":true},"curationLinks":{"href":"https://www.ebi.ac.uk/biosamples/samples/SAMN08179852/curationlinks"},"curationLink":{"href":"https://www.ebi.ac.uk/biosamples/samples/SAMN08179852/curationlinks/{hash}","templated":true},"structuredData":{"href":"https://www.ebi.ac.uk/biosamples/structureddata/SAMN08179852"}}}