{"name":"Nitrospiraceae bacterium UBA2600","accession":"SAMN06456115","domain":"self.BiosampleImportNCBI","taxId":1952978,"release":"2017-02-27T00:00:00Z","update":"2022-03-30T01:31:11.073Z","submitted":"2017-02-27T11:16:16.096Z","characteristics":{"External Id":[{"text":"SAMN06456115","tag":"Namespace:BioSample"}],"INSDC center name":[{"text":"University of Queensland"}],"INSDC first public":[{"text":"2017-02-27T00:00:00Z"}],"INSDC secondary accession":[{"text":"SRS2036262"}],"INSDC status":[{"text":"live"}],"NCBI submission model":[{"text":"Microbe, viral or environmental"}],"SRA accession":[{"text":"SRS2036262"}],"assembly method":[{"text":"CLC de novo assembler","tag":"attribute"}],"assembly_method_version":[{"text":"4.4.1","tag":"attribute"}],"completeness_estimated":[{"text":"92.12%","tag":"attribute"}],"contamination_estimated":[{"text":"0.00%","tag":"attribute"}],"environmental sample":[{"text":"true","tag":"attribute"}],"genome coverage":[{"text":"24.58","tag":"attribute"}],"geo loc name":[{"text":"South Africa:Carltonville","tag":"attribute"}],"isolate":[{"text":"UBA2600","tag":"attribute"}],"isolation-source":[{"text":"water","ontologyTerms":["http://purl.obolibrary.org/obo/CHEBI_15377"],"tag":"attribute"}],"mapping_method":[{"text":"BWA (BWA-MEM)","tag":"attribute"}],"mapping_method_version":[{"text":"0.7.12-r1039","tag":"attribute"}],"metagenome source":[{"text":"groundwater metagenome","tag":"attribute"}],"metagenomic":[{"text":"true","tag":"attribute"}],"organism":[{"text":"Nitrospiraceae bacterium UBA2600","ontologyTerms":["http://purl.obolibrary.org/obo/NCBITaxon_1952978"]}],"quality_assessment_method":[{"text":"CheckM","tag":"attribute"}],"quality_assessment_method_version":[{"text":"1.0.6","tag":"attribute"}],"sample type":[{"text":"metagenomic assembly","tag":"attribute"}],"subsrc_note":[{"text":"Genome binned from sequencing reads available in SRX745164 metagenome","tag":"attribute"}],"title":[{"text":"Uncultivated Nitrospiraceae bacterium UBA2600 genome recovered from SRX745164"}],"value":[{"text":"This BioSample is a metagenomic assembly obtained from the groundwater metagenome reads: SRR1633224.","tag":"attribute"}]},"externalReferences":[{"url":"https://www.ebi.ac.uk/ena/data/view/SAMN06456115","duo":null}],"submittedVia":"JSON_API","create":"2017-02-27T11:16:16.096Z","_links":{"self":{"href":"https://www.ebi.ac.uk/biosamples/samples/SAMN06456115"},"curationDomain":{"href":"https://www.ebi.ac.uk/biosamples/samples/SAMN06456115{?curationdomain}","templated":true},"curationLinks":{"href":"https://www.ebi.ac.uk/biosamples/samples/SAMN06456115/curationlinks"},"curationLink":{"href":"https://www.ebi.ac.uk/biosamples/samples/SAMN06456115/curationlinks/{hash}","templated":true},"structuredData":{"href":"https://www.ebi.ac.uk/biosamples/structureddata/SAMN06456115"}}}