{"name":"ex4484_217_1","accession":"SAMN06647959","domain":"self.BiosampleImportNCBI","taxId":2012518,"release":"2017-03-28T00:00:00Z","update":"2022-03-30T02:53:15.500Z","submitted":"2017-03-28T12:22:04.753Z","characteristics":{"External Id":[{"text":"SAMN06647959","tag":"Namespace:BioSample"}],"INSDC center name":[{"text":"The University of Texas at Austin"}],"INSDC first public":[{"text":"2017-03-28T00:00:00Z"}],"INSDC last update":[{"text":"2021-02-28T04:10:20.925Z"}],"INSDC status":[{"text":"live"}],"NCBI submission model":[{"text":"Microbe, viral or environmental"}],"NCBI submission package":[{"text":"Microbe.1.0"}],"collection date":[{"text":"2009-12","tag":"attribute"}],"environmental sample":[{"text":"TRUE","tag":"attribute"}],"geo loc name":[{"text":"USA: Guaymas Basin, Gulf of California","tag":"attribute"}],"isolate":[{"text":"ex4484_217_1","tag":"attribute"}],"isolate_name_alias":[{"text":"Isolate 11","tag":"attribute"}],"isolation source":[{"text":"deep-sea hydrothermal vent sediments from dive 4484","tag":"attribute"}],"lat lon":[{"text":"27.0388 N 111.2456 W","tag":"attribute"}],"metagenome source":[{"text":"marine sediment metagenome","tag":"attribute"}],"metagenomic":[{"text":"TRUE","tag":"attribute"}],"note":[{"text":"This biosample is a metagenomic assembly obtained from two marine sediment metagenomes BioSample: SAMN06251742 and SAMN06251743.","tag":"attribute"}],"organism":[{"text":"Desulfurococcales archaeon ex4484_217_1","ontologyTerms":["http://purl.obolibrary.org/obo/NCBITaxon_2012518"]}],"sample type":[{"text":"metagenomic assembly","tag":"attribute"}],"title":[{"text":"Microbe sample from Desulfurococcales archaeon ex4484_217_1"}]},"submittedVia":"JSON_API","create":"2017-03-28T12:22:04.753Z","_links":{"self":{"href":"https://www.ebi.ac.uk/biosamples/samples/SAMN06647959"},"curationDomain":{"href":"https://www.ebi.ac.uk/biosamples/samples/SAMN06647959{?curationdomain}","templated":true},"curationLinks":{"href":"https://www.ebi.ac.uk/biosamples/samples/SAMN06647959/curationlinks"},"curationLink":{"href":"https://www.ebi.ac.uk/biosamples/samples/SAMN06647959/curationlinks/{hash}","templated":true},"structuredData":{"href":"https://www.ebi.ac.uk/biosamples/structureddata/SAMN06647959"}}}