{"name":"AAOF","accession":"SAMN02436141","domain":"self.BiosampleImportNCBI","taxId":314278,"release":"2013-12-04T00:00:00Z","update":"2022-03-29T02:44:50.104Z","submitted":"2013-12-04T14:22:51.660Z","characteristics":{"External Id":[{"text":"SAMN02436141","tag":"Namespace:BioSample"}],"INSDC center name":[{"text":"NCBI"}],"INSDC first public":[{"text":"2013-12-04T00:00:00Z"}],"INSDC last update":[{"text":"2019-06-20T16:43:50.995Z"}],"INSDC status":[{"text":"live"}],"NCBI submission model":[{"text":"Generic"}],"NCBI submission package":[{"text":"Generic.1.0"}],"organism":[{"text":"Nitrococcus mobilis Nb-231","ontologyTerms":["http://purl.obolibrary.org/obo/NCBITaxon_314278"]}],"strain":[{"text":"Nb-231","tag":"attribute"}],"title":[{"text":"Generic sample from Nitrococcus mobilis Nb-231"}],"type material":[{"text":"type strain of Nitrococcus mobilis","tag":"attribute"}]},"submittedVia":"JSON_API","create":"2013-12-04T14:22:51.660Z","_links":{"self":{"href":"https://www.ebi.ac.uk/biosamples/samples/SAMN02436141"},"curationDomain":{"href":"https://www.ebi.ac.uk/biosamples/samples/SAMN02436141{?curationdomain}","templated":true},"curationLinks":{"href":"https://www.ebi.ac.uk/biosamples/samples/SAMN02436141/curationlinks"},"curationLink":{"href":"https://www.ebi.ac.uk/biosamples/samples/SAMN02436141/curationlinks/{hash}","templated":true},"structuredData":{"href":"https://www.ebi.ac.uk/biosamples/structureddata/SAMN02436141"}}}