{"name":"ARJK","accession":"SAMN02440465","domain":"self.BiosampleImportNCBI","taxId":1259795,"release":"2013-12-11T00:00:00Z","update":"2022-03-29T02:46:07.688Z","submitted":"2013-12-11T13:07:19.540Z","characteristics":{"External Id":[{"text":"SAMN02440465","tag":"Namespace:BioSample"}],"GOLD Stamp ID":[{"text":"Gi13782","tag":"attribute"}],"Gram Staining":[{"text":"Gram+","tag":"attribute"}],"INSDC center name":[{"text":"NCBI"}],"INSDC first public":[{"text":"2013-12-11T00:00:00Z"}],"INSDC last update":[{"text":"2019-06-20T16:44:28.687Z"}],"INSDC status":[{"text":"live"}],"NCBI submission model":[{"text":"Generic"}],"NCBI submission package":[{"text":"Generic.1.0"}],"Type Strain":[{"text":"Yes","tag":"attribute"}],"country":[{"text":"Uruguay","tag":"attribute"}],"culture-collection":[{"text":"DSM:11748","tag":"attribute"}],"isolation site":[{"text":"Anaerobic wastewater treatment reactor of baker yeast factory","tag":"attribute"}],"organism":[{"text":"Coprothermobacter platensis DSM 11748","ontologyTerms":["http://purl.obolibrary.org/obo/NCBITaxon_1259795"]}],"project name":[{"text":"Coprothermobacter platensis DSM 11748","tag":"attribute"}],"ref_biomaterial":[{"text":"DSM 11748","tag":"attribute"}],"strain":[{"text":"DSM 11748","tag":"attribute"}],"title":[{"text":"Generic sample from Coprothermobacter platensis DSM 11748"}],"type material":[{"text":"type strain of Coprothermobacter platensis","tag":"attribute"}]},"submittedVia":"JSON_API","create":"2013-12-11T13:07:19.540Z","_links":{"self":{"href":"https://www.ebi.ac.uk/biosamples/samples/SAMN02440465"},"curationDomain":{"href":"https://www.ebi.ac.uk/biosamples/samples/SAMN02440465{?curationdomain}","templated":true},"curationLinks":{"href":"https://www.ebi.ac.uk/biosamples/samples/SAMN02440465/curationlinks"},"curationLink":{"href":"https://www.ebi.ac.uk/biosamples/samples/SAMN02440465/curationlinks/{hash}","templated":true},"structuredData":{"href":"https://www.ebi.ac.uk/biosamples/structureddata/SAMN02440465"}}}