{"name":"AMGC","accession":"SAMN02469424","domain":"self.BiosampleImportNCBI","taxId":1227812,"release":"2013-12-19T00:00:00Z","update":"2022-03-29T02:55:21.279Z","submitted":"2013-12-19T13:01:06.910Z","characteristics":{"External Id":[{"text":"SAMN02469424","tag":"Namespace:BioSample"}],"INSDC center name":[{"text":"NCBI"}],"INSDC first public":[{"text":"2013-12-19T00:00:00Z"}],"INSDC last update":[{"text":"2019-06-20T16:45:21.747Z"}],"INSDC status":[{"text":"live"}],"NCBI submission model":[{"text":"Generic"}],"NCBI submission package":[{"text":"Generic.1.0"}],"country":[{"text":"Chile","tag":"attribute"}],"culture-collection":[{"text":"ATCC:VR-1361","tag":"attribute"}],"isolation-source":[{"text":"Coho salmon","tag":"attribute"}],"organism":[{"text":"Piscirickettsia salmonis LF-89 = ATCC VR-1361","ontologyTerms":["http://purl.obolibrary.org/obo/NCBITaxon_1227812"]}],"strain":[{"text":"ATCC VR-1361","tag":"attribute"}],"title":[{"text":"Sample from Piscirickettsia salmonis LF-89 = ATCC VR-1361"}],"type material":[{"text":"type strain of Piscirickettsia salmonis","tag":"attribute"}]},"submittedVia":"JSON_API","create":"2013-12-19T13:01:06.910Z","_links":{"self":{"href":"https://www.ebi.ac.uk/biosamples/samples/SAMN02469424"},"curationDomain":{"href":"https://www.ebi.ac.uk/biosamples/samples/SAMN02469424{?curationdomain}","templated":true},"curationLinks":{"href":"https://www.ebi.ac.uk/biosamples/samples/SAMN02469424/curationlinks"},"curationLink":{"href":"https://www.ebi.ac.uk/biosamples/samples/SAMN02469424/curationlinks/{hash}","templated":true},"structuredData":{"href":"https://www.ebi.ac.uk/biosamples/structureddata/SAMN02469424"}}}