{"name":"Planctomycetaceae bacterium UBA4732","accession":"SAMN06455177","domain":"self.BiosampleImportNCBI","taxId":1952735,"release":"2017-02-27T00:00:00Z","update":"2022-03-30T01:30:46.033Z","submitted":"2017-02-27T11:14:34.860Z","characteristics":{"External Id":[{"text":"SAMN06455177","tag":"Namespace:BioSample"}],"INSDC center name":[{"text":"University of Queensland"}],"INSDC first public":[{"text":"2017-02-27T00:00:00Z"}],"INSDC secondary accession":[{"text":"SRS2036173"}],"INSDC status":[{"text":"live"}],"NCBI submission model":[{"text":"Microbe, viral or environmental"}],"SRA accession":[{"text":"SRS2036173"}],"assembly method":[{"text":"CLC de novo assembler","tag":"attribute"}],"assembly_method_version":[{"text":"4.4.1","tag":"attribute"}],"completeness_estimated":[{"text":"91.16%","tag":"attribute"}],"contamination_estimated":[{"text":"3.49%","tag":"attribute"}],"environmental sample":[{"text":"true","tag":"attribute"}],"genome coverage":[{"text":"28.48","tag":"attribute"}],"geo loc name":[{"text":"Canada: Axel Heiberg Island,Nunavut","tag":"attribute"}],"isolate":[{"text":"UBA4732","tag":"attribute"}],"isolation-source":[{"text":"soil","tag":"attribute"}],"mapping_method":[{"text":"BWA (BWA-MEM)","tag":"attribute"}],"mapping_method_version":[{"text":"0.7.12-r1039","tag":"attribute"}],"metagenome source":[{"text":"soil metagenome","ontologyTerms":["http://purl.obolibrary.org/obo/NCBITaxon_410658"],"tag":"attribute"}],"metagenomic":[{"text":"true","tag":"attribute"}],"organism":[{"text":"Planctomycetaceae bacterium UBA4732","ontologyTerms":["http://purl.obolibrary.org/obo/NCBITaxon_1952735"]}],"quality_assessment_method":[{"text":"CheckM","tag":"attribute"}],"quality_assessment_method_version":[{"text":"1.0.6","tag":"attribute"}],"sample type":[{"text":"metagenomic assembly","tag":"attribute"}],"subsrc_note":[{"text":"Genome binned from sequencing reads available in SRX710583 metagenome","tag":"attribute"}],"title":[{"text":"Uncultivated Planctomycetaceae bacterium UBA4732 genome recovered from SRX710583"}],"value":[{"text":"This BioSample is a metagenomic assembly obtained from the soil metagenome reads: SRR1586279.","tag":"attribute"}]},"externalReferences":[{"url":"https://www.ebi.ac.uk/ena/data/view/SAMN06455177","duo":null}],"submittedVia":"JSON_API","create":"2017-02-27T11:14:34.860Z","_links":{"self":{"href":"https://www.ebi.ac.uk/biosamples/samples/SAMN06455177"},"curationDomain":{"href":"https://www.ebi.ac.uk/biosamples/samples/SAMN06455177{?curationdomain}","templated":true},"curationLinks":{"href":"https://www.ebi.ac.uk/biosamples/samples/SAMN06455177/curationlinks"},"curationLink":{"href":"https://www.ebi.ac.uk/biosamples/samples/SAMN06455177/curationlinks/{hash}","templated":true},"structuredData":{"href":"https://www.ebi.ac.uk/biosamples/structureddata/SAMN06455177"}}}