{"name":"PL-Br10_U2g27","accession":"SAMN04124454","domain":"self.BiosampleImportNCBI","taxId":1727666,"release":"2016-02-21T00:00:00Z","update":"2022-03-29T13:57:24.175Z","submitted":"2015-10-01T05:53:23Z","characteristics":{"External Id":[{"text":"SAMN04124454","tag":"Namespace:BioSample"}],"INSDC center name":[{"text":"Institute for Biodiversity and Ecosystem dynamics, Faculty of Science, University of Amsterdam"}],"INSDC first public":[{"text":"2016-02-21T00:00:00Z"}],"INSDC last update":[{"text":"2021-02-28T02:53:25.409Z"}],"INSDC status":[{"text":"live"}],"NCBI submission model":[{"text":"Microbe, viral or environmental"}],"NCBI submission package":[{"text":"Microbe.1.0"}],"collection date":[{"text":"2010-07","tag":"attribute"}],"env biome":[{"text":"soda lake","tag":"attribute"}],"environmental sample":[{"text":"TRUE","tag":"attribute"}],"geo loc name":[{"text":"Russia: Kulunda steppe","tag":"attribute"}],"isolate":[{"text":"PL-Br10_U2g27","tag":"attribute"}],"isolation-source":[{"text":"sample PL-Br10; brine of Picturesque Lake","tag":"attribute"}],"lat lon":[{"text":"51.73 N 79.87 E","tag":"attribute"}],"metagenome source":[{"text":"soda lake metagenome","tag":"attribute"}],"metagenomic":[{"text":"TRUE","tag":"attribute"}],"note":[{"text":"This biosample is a metagenomic assembly obtained from the soda lake metagenome BioSample:SAMN04112250","tag":"attribute"}],"organism":[{"text":"Nanohaloarchaea archaeon PL-Br10_U2g27","ontologyTerms":["http://purl.obolibrary.org/obo/NCBITaxon_1727666"]}],"sample type":[{"text":"metagenomic assembly","tag":"attribute"}],"title":[{"text":"Microbe sample from Nanohaloarchaea archaeon PL-Br10_U2g27"}]},"submittedVia":"JSON_API","create":"2015-10-01T05:53:23Z","_links":{"self":{"href":"https://www.ebi.ac.uk/biosamples/samples/SAMN04124454"},"curationDomain":{"href":"https://www.ebi.ac.uk/biosamples/samples/SAMN04124454{?curationdomain}","templated":true},"curationLinks":{"href":"https://www.ebi.ac.uk/biosamples/samples/SAMN04124454/curationlinks"},"curationLink":{"href":"https://www.ebi.ac.uk/biosamples/samples/SAMN04124454/curationlinks/{hash}","templated":true},"structuredData":{"href":"https://www.ebi.ac.uk/biosamples/structureddata/SAMN04124454"}}}