{"name":"CP002586","accession":"SAMN02603382","domain":"self.BiosampleImportNCBI","taxId":331636,"release":"2014-01-30T00:00:00Z","update":"2022-03-29T03:41:48.840Z","submitted":"2014-01-30T14:21:25.716Z","characteristics":{"External Id":[{"text":"SAMN02603382","tag":"Namespace:BioSample"}],"INSDC center name":[{"text":"NCBI"}],"INSDC first public":[{"text":"2014-01-30T00:00:00Z"}],"INSDC last update":[{"text":"2019-06-20T16:49:31.493Z"}],"INSDC status":[{"text":"live"}],"NCBI submission model":[{"text":"Generic"}],"NCBI submission package":[{"text":"Generic.1.0"}],"culture-collection":[{"text":"ATCC:VR-125","tag":"attribute"}],"organism":[{"text":"Chlamydia psittaci 6BC","ontologyTerms":["http://purl.obolibrary.org/obo/NCBITaxon_331636"]}],"strain":[{"text":"6BC","tag":"attribute"}],"title":[{"text":"Sample from Chlamydia psittaci 6BC"}],"type material":[{"text":"type strain of Chlamydia psittaci","tag":"attribute"}]},"submittedVia":"JSON_API","create":"2014-01-30T14:21:25.716Z","_links":{"self":{"href":"https://www.ebi.ac.uk/biosamples/samples/SAMN02603382"},"curationDomain":{"href":"https://www.ebi.ac.uk/biosamples/samples/SAMN02603382{?curationdomain}","templated":true},"curationLinks":{"href":"https://www.ebi.ac.uk/biosamples/samples/SAMN02603382/curationlinks"},"curationLink":{"href":"https://www.ebi.ac.uk/biosamples/samples/SAMN02603382/curationlinks/{hash}","templated":true},"structuredData":{"href":"https://www.ebi.ac.uk/biosamples/structureddata/SAMN02603382"}}}