{"name":"PNA_OLB_CHB4","accession":"SAMN03372527","domain":"self.BiosampleImportNCBI","taxId":1619898,"release":"2015-02-25T00:00:00Z","update":"2022-03-29T08:27:36.959Z","submitted":"2015-02-25T05:40:42.380Z","characteristics":{"External Id":[{"text":"SAMN03372527","tag":"Namespace:BioSample"}],"INSDC center name":[{"text":"Radboud University Nijmegen"}],"INSDC first public":[{"text":"2015-02-25T00:00:00Z"}],"INSDC last update":[{"text":"2021-02-28T02:36:44.779Z"}],"INSDC status":[{"text":"live"}],"NCBI submission model":[{"text":"MIMS.me"},{"text":"MIGS/MIMS/MIMARKS.wastewater"}],"NCBI submission package":[{"text":"MIMS.me.wastewater.5.0"}],"collection date":[{"text":"2013-10","tag":"attribute"}],"description":[{"text":"Keywords: GSC:MIxS;MIMS:5.0"}],"env biome":[{"text":"wastewater treatment plant","tag":"attribute"}],"env feature":[{"text":"bioreactor","tag":"attribute"}],"env_material":[{"text":"wastewater","tag":"attribute"}],"environmental sample":[{"text":"TRUE","tag":"attribute"}],"geo loc name":[{"text":"Netherlands: Olburgen","tag":"attribute"}],"isolate":[{"text":"OLB7","tag":"attribute"}],"isolation source":[{"text":"partial-nitritation anammox (PNA) reactor; full scale (600m3) reactor for the removal of ammonium from wastewater from the potato processing industry","tag":"attribute"}],"lat lon":[{"text":"52.048138 N 6.144261 E","tag":"attribute"}],"metagenome source":[{"text":"bioreactor metagenome","tag":"attribute"}],"metagenomic":[{"text":"TRUE","tag":"attribute"}],"note":[{"text":"This biosample is a metagenomic assembly obtained from the bioreactor metagenome sample SAMN03351330","tag":"attribute"}],"organism":[{"text":"Chlorobi bacterium OLB7","ontologyTerms":["http://purl.obolibrary.org/obo/NCBITaxon_1619898"]}],"perturbation":[{"text":"continuous gas lift reactor","tag":"attribute"}],"ph":[{"text":"7.8","tag":"attribute"}],"reactor_type":[{"text":"gas lift reactor","tag":"attribute"}],"samp mat process":[{"text":"subsample: washed granular sludge","tag":"attribute"}],"samp_size":[{"text":"2x 10 L","tag":"attribute"}],"samp_vol_we_dna_ext":[{"text":"8x 1 mL","tag":"attribute"}],"sample type":[{"text":"metagenomic assembly","tag":"attribute"}],"sewage_type":[{"text":"industrial","tag":"attribute"}],"temp":[{"text":"35 degrees Celsius","ontologyTerms":["http://purl.obolibrary.org/obo/UO_0000027"],"tag":"attribute"}],"title":[{"text":"MIMS Environmental/Metagenome sample from Chlorobi bacterium OLB7"}],"wastewater_type":[{"text":"potato processing","tag":"attribute"}]},"submittedVia":"JSON_API","create":"2015-02-25T05:40:42.380Z","_links":{"self":{"href":"https://www.ebi.ac.uk/biosamples/samples/SAMN03372527"},"curationDomain":{"href":"https://www.ebi.ac.uk/biosamples/samples/SAMN03372527{?curationdomain}","templated":true},"curationLinks":{"href":"https://www.ebi.ac.uk/biosamples/samples/SAMN03372527/curationlinks"},"curationLink":{"href":"https://www.ebi.ac.uk/biosamples/samples/SAMN03372527/curationlinks/{hash}","templated":true},"structuredData":{"href":"https://www.ebi.ac.uk/biosamples/structureddata/SAMN03372527"}}}