{"name":"Marsarchaeota G2-cons. 1","accession":"SAMN06639949","domain":"self.BiosampleImportNCBI","taxId":1978159,"release":"2018-03-28T00:00:00Z","update":"2022-03-30T02:49:52.101Z","submitted":"2017-03-23T17:35:05.936Z","characteristics":{"External Id":[{"text":"SAMN06639949","tag":"Namespace:BioSample"}],"INSDC center name":[{"text":"Montana State University"}],"INSDC first public":[{"text":"2018-03-28T00:00:00Z"}],"INSDC last update":[{"text":"2021-02-28T04:09:54.742Z"}],"INSDC status":[{"text":"live"}],"NCBI submission model":[{"text":"MIGS.ba"},{"text":"MIGS/MIMS/MIMARKS.sediment"}],"NCBI submission package":[{"text":"MIGS.ba.sediment.5.0"}],"collection date":[{"text":"2010-07-15","tag":"attribute"}],"depth":[{"text":"5 cm","ontologyTerms":["http://purl.obolibrary.org/obo/UO_0000015"],"tag":"attribute"}],"description":[{"text":"Keywords: GSC:MIxS;MIGS:5.0"}],"elev":[{"text":"2292 m","tag":"attribute"}],"env biome":[{"text":"hot spring","tag":"attribute"}],"env feature":[{"text":"thermal spring","tag":"attribute"}],"env_material":[{"text":"sediment","tag":"attribute"}],"environmental sample":[{"text":"TRUE","tag":"attribute"}],"geo loc name":[{"text":"USA: Echinus Geyser, Yellowstone National Park","tag":"attribute"}],"isolate":[{"text":"ECH_B_1","tag":"attribute"}],"isolation source":[{"text":"sediment from terrestrial hot spring","tag":"attribute"}],"lat lon":[{"text":"44.722053 N 110.702104 W","tag":"attribute"}],"metagenome source":[{"text":"hot springs metagenome","tag":"attribute"}],"metagenomic":[{"text":"TRUE","tag":"attribute"}],"note":[{"text":"This biosample is a metagenomic assembly obtained from the Echinus Geyser hot springs metagenome BioSample:SAMN06883274 .","tag":"attribute"}],"organism":[{"text":"Candidatus Marsarchaeota G2 archaeon ECH_B_1","ontologyTerms":["http://purl.obolibrary.org/obo/NCBITaxon_1978159"]}],"ph":[{"text":"3.4","tag":"attribute"}],"temperature":[{"text":"66 C","tag":"attribute"}],"title":[{"text":"MIGS Cultured Bacterial/Archaeal sample from Candidatus Marsarchaeota G2 archaeon ECH_B_1"}]},"submittedVia":"JSON_API","create":"2017-03-23T17:35:05.936Z","_links":{"self":{"href":"https://www.ebi.ac.uk/biosamples/samples/SAMN06639949"},"curationDomain":{"href":"https://www.ebi.ac.uk/biosamples/samples/SAMN06639949{?curationdomain}","templated":true},"curationLinks":{"href":"https://www.ebi.ac.uk/biosamples/samples/SAMN06639949/curationlinks"},"curationLink":{"href":"https://www.ebi.ac.uk/biosamples/samples/SAMN06639949/curationlinks/{hash}","templated":true},"structuredData":{"href":"https://www.ebi.ac.uk/biosamples/structureddata/SAMN06639949"}}}