{"name":"YNP_45","accession":"SAMN04159681","domain":"self.BiosampleImportNCBI","taxId":1776334,"release":"2016-01-16T00:00:00Z","update":"2022-03-29T14:11:36.921Z","submitted":"2015-10-12T15:25:08Z","characteristics":{"External Id":[{"text":"SAMN04159681","tag":"Namespace:BioSample"}],"INSDC center name":[{"text":"Univ of Texas Austin"}],"INSDC first public":[{"text":"2016-01-16T00:00:00Z"}],"INSDC last update":[{"text":"2020-08-26T21:03:41.639Z"}],"INSDC status":[{"text":"live"}],"NCBI submission model":[{"text":"MIMS.me"},{"text":"MIGS/MIMS/MIMARKS.sediment"}],"NCBI submission package":[{"text":"MIMS.me.sediment.5.0"}],"collection date":[{"text":"2014","tag":"attribute"}],"depth":[{"text":"0-10cm","ontologyTerms":["http://purl.obolibrary.org/obo/UO_0000015"],"tag":"attribute"}],"description":[{"text":"Keywords: GSC:MIxS;MIMS:5.0"}],"elev":[{"text":"2232m","tag":"attribute"}],"env biome":[{"text":"yellowstone National Park hot spring","tag":"attribute"}],"env feature":[{"text":"lower Culex Basin","tag":"attribute"}],"env_material":[{"text":"hot spring sediments","tag":"attribute"}],"environmental sample":[{"text":"TRUE","tag":"attribute"}],"geo loc name":[{"text":"USA: Yellowstone National Park, Wyoming, lower Culex Basin hot spring","tag":"attribute"}],"isolate":[{"text":"YNP_45","tag":"attribute"}],"isolation source":[{"text":"hot spring sediments","tag":"attribute"}],"lat lon":[{"text":"44 N 110 W","tag":"attribute"}],"metagenome source":[{"text":"hot springs metagenome","tag":"attribute"}],"metagenomic":[{"text":"TRUE","tag":"attribute"}],"note":[{"text":"This biosample is a metagenomic assembly obtained from the hot springs metagenome BioSample: SAMN04386028.","tag":"attribute"}],"organism":[{"text":"Candidatus Hadarchaeum yellowstonense","ontologyTerms":["http://purl.obolibrary.org/obo/NCBITaxon_1776334"]}],"sample-type":[{"text":"metagenomic assembly","tag":"attribute"}],"title":[{"text":"MIMS Environmental/Metagenome sample from Candidatus Hadarchaeum yellowstonense"}]},"submittedVia":"JSON_API","create":"2015-10-12T15:25:08Z","_links":{"self":{"href":"https://www.ebi.ac.uk/biosamples/samples/SAMN04159681"},"curationDomain":{"href":"https://www.ebi.ac.uk/biosamples/samples/SAMN04159681{?curationdomain}","templated":true},"curationLinks":{"href":"https://www.ebi.ac.uk/biosamples/samples/SAMN04159681/curationlinks"},"curationLink":{"href":"https://www.ebi.ac.uk/biosamples/samples/SAMN04159681/curationlinks/{hash}","templated":true},"structuredData":{"href":"https://www.ebi.ac.uk/biosamples/structureddata/SAMN04159681"}}}