{"name":"CP002432","accession":"SAMN02232016","domain":"self.BiosampleImportNCBI","taxId":653733,"release":"2013-07-12T00:00:00Z","update":"2022-03-29T01:39:33.554Z","submitted":"2013-07-12T10:59:47.593Z","characteristics":{"External Id":[{"text":"SAMN02232016","tag":"Namespace:BioSample"}],"GOLD Stamp ID":[{"text":"Gi02042","tag":"attribute"}],"INSDC center name":[{"text":"Joint Genome Institute"}],"INSDC first public":[{"text":"2013-07-12T00:00:00Z"}],"INSDC last update":[{"text":"2019-06-20T16:34:14.380Z"}],"INSDC secondary accession":[{"text":"SRS1565838"}],"INSDC status":[{"text":"live"}],"NCBI submission model":[{"text":"MIGS.ba"}],"NCBI submission package":[{"text":"MIGS.ba.5.0"}],"SRA accession":[{"text":"SRS1565838"}],"biome":[{"text":"not provided; submitted under MIGS 2.1","tag":"attribute"}],"biotic relationship":[{"text":"free living","tag":"attribute"}],"description":[{"text":"Keywords: GSC:MIxS;MIGS:5.0"}],"environment":[{"text":"Fresh water","tag":"attribute"}],"feature":[{"text":"not provided; submitted under MIGS 2.1","tag":"attribute"}],"investigation type":[{"text":"bacteria_archaea","tag":"attribute"}],"material":[{"text":"not provided; submitted under MIGS 2.1","tag":"attribute"}],"num_replicons":[{"text":"1","tag":"attribute"}],"organism":[{"text":"Desulfurispirillum indicum S5","ontologyTerms":["http://purl.obolibrary.org/obo/NCBITaxon_653733"]}],"project name":[{"text":"Desulfurispirillum indicum S5","tag":"attribute"}],"rel_to_oxygen":[{"text":"anaerobe","tag":"attribute"}],"strain":[{"text":"S5","tag":"attribute"}],"temperature range":[{"text":"Mesophile","tag":"attribute"}],"title":[{"text":"MIGS Cultured Bacterial/Archaeal sample from Desulfurispirillum indicum S5"}],"type material":[{"text":"type strain of Desulfurispirillum indicum","tag":"attribute"}]},"externalReferences":[{"url":"https://www.ebi.ac.uk/ena/data/view/SAMN02232016","duo":null}],"submittedVia":"JSON_API","create":"2013-07-12T10:59:47.593Z","_links":{"self":{"href":"https://www.ebi.ac.uk/biosamples/samples/SAMN02232016"},"curationDomain":{"href":"https://www.ebi.ac.uk/biosamples/samples/SAMN02232016{?curationdomain}","templated":true},"curationLinks":{"href":"https://www.ebi.ac.uk/biosamples/samples/SAMN02232016/curationlinks"},"curationLink":{"href":"https://www.ebi.ac.uk/biosamples/samples/SAMN02232016/curationlinks/{hash}","templated":true},"structuredData":{"href":"https://www.ebi.ac.uk/biosamples/structureddata/SAMN02232016"}}}