{"name":"Thiohalorhabdus denitrificans DSM 15699","accession":"SAMN04025648","domain":"self.BiosampleImportNCBI","taxId":381306,"release":"2015-10-21T00:00:00Z","update":"2022-03-29T13:12:21.799Z","submitted":"2015-09-01T14:09:11Z","characteristics":{"External Id":[{"text":"SAMN04025648","tag":"Namespace:BioSample"}],"INSDC center name":[{"text":"California Institute of Technology"}],"INSDC first public":[{"text":"2015-10-21T00:00:00Z"}],"INSDC last update":[{"text":"2019-06-20T17:19:44.751Z"}],"INSDC status":[{"text":"live"}],"NCBI submission model":[{"text":"MIGS/MIMS/MIMARKS.microbial"},{"text":"MIGS.ba"}],"NCBI submission package":[{"text":"MIGS.ba.microbial.5.0"}],"description":[{"text":"Keywords: GSC:MIxS;MIGS:5.0"}],"env biome":[{"text":"Salt lake","tag":"attribute"}],"env feature":[{"text":"Salt lake","tag":"attribute"}],"env_material":[{"text":"Surface sediments","tag":"attribute"}],"geo loc name":[{"text":"Russia: Siberia, Altai","tag":"attribute"}],"isol_growth_condt":[{"text":"19060078","tag":"attribute"}],"organism":[{"text":"Thiohalorhabdus denitrificans","ontologyTerms":["http://purl.obolibrary.org/obo/NCBITaxon_381306"]}],"ref_biomaterial":[{"text":"19060078","tag":"attribute"}],"strain":[{"text":"HL 19","ontologyTerms":["http://www.ebi.ac.uk/efo/EFO_0002793"],"tag":"attribute"}],"title":[{"text":"MIGS Cultured Bacterial/Archaeal sample from Thiohalorhabdus denitrificans"}],"type material":[{"text":"type strain of Thiohalorhabdus denitrificans","tag":"attribute"}]},"submittedVia":"JSON_API","create":"2015-09-01T14:09:11Z","_links":{"self":{"href":"https://www.ebi.ac.uk/biosamples/samples/SAMN04025648"},"curationDomain":{"href":"https://www.ebi.ac.uk/biosamples/samples/SAMN04025648{?curationdomain}","templated":true},"curationLinks":{"href":"https://www.ebi.ac.uk/biosamples/samples/SAMN04025648/curationlinks"},"curationLink":{"href":"https://www.ebi.ac.uk/biosamples/samples/SAMN04025648/curationlinks/{hash}","templated":true},"structuredData":{"href":"https://www.ebi.ac.uk/biosamples/structureddata/SAMN04025648"}}}