{"name":"Clostridiales sp. DTU087","accession":"SAMN03794756","domain":"self.BiosampleImportNCBI","taxId":1676158,"release":"2015-06-29T12:44:10.697Z","update":"2022-03-29T11:41:07.878Z","submitted":"2015-06-25T10:26:28.970Z","characteristics":{"External Id":[{"text":"SAMN03794756","tag":"Namespace:BioSample"}],"INSDC center name":[{"text":"Technical University of Denmark"}],"INSDC first public":[{"text":"2015-06-29T12:44:10.697Z"}],"INSDC last update":[{"text":"2016-01-11T14:56:15.440Z"}],"INSDC status":[{"text":"live"}],"NCBI submission model":[{"text":"Microbe, viral or environmental"}],"NCBI submission package":[{"text":"Microbe.1.0"}],"collection date":[{"text":"2014-05-21","tag":"attribute"}],"description":[{"text":"Genome bin extracted from metagenomic assembly of microbial community from thermophilic anaerobic digestion of cattle manure in continuous reactors for biogas production (methane)."}],"env biome":[{"text":"Wastewater/sludge","tag":"attribute"}],"environmental sample":[{"text":"TRUE","tag":"attribute"}],"geo loc name":[{"text":"Denmark: Kgs. Lyngby","tag":"attribute"}],"isolate":[{"text":"DTU087","tag":"attribute"}],"isolation source":[{"text":"pool of bioreactors CSTR01a, CSTR02a, and CSTR03a; thermophilic anaerobic digestion of cattle manure in continuous reactors for biogas production (methane)","tag":"attribute"}],"lat lon":[{"text":"55.788338 N 12.526485 E","tag":"attribute"}],"metagenome source":[{"text":"anaerobic digester metagenome","tag":"attribute"}],"metagenomic":[{"text":"TRUE","tag":"attribute"}],"note":[{"text":"This is a metagenomic assembly obtained from the anaerobic digester metagenome SAMN03654438","tag":"attribute"}],"organism":[{"text":"Clostridiales bacterium DTU087","ontologyTerms":["http://purl.obolibrary.org/obo/NCBITaxon_1676158"]}],"sample type":[{"text":"metagenomic assembly","tag":"attribute"}],"title":[{"text":"Sample for Clostridiales sp. DTU087"}]},"submittedVia":"JSON_API","create":"2015-06-25T10:26:28.970Z","_links":{"self":{"href":"https://www.ebi.ac.uk/biosamples/samples/SAMN03794756"},"curationDomain":{"href":"https://www.ebi.ac.uk/biosamples/samples/SAMN03794756{?curationdomain}","templated":true},"curationLinks":{"href":"https://www.ebi.ac.uk/biosamples/samples/SAMN03794756/curationlinks"},"curationLink":{"href":"https://www.ebi.ac.uk/biosamples/samples/SAMN03794756/curationlinks/{hash}","templated":true},"structuredData":{"href":"https://www.ebi.ac.uk/biosamples/structureddata/SAMN03794756"}}}