{"name":"Candidatus Paracaedibacteraceae bacterium UBA6184","accession":"SAMN06454858","domain":"self.BiosampleImportNCBI","taxId":1951533,"release":"2017-02-27T00:00:00Z","update":"2022-03-30T01:30:38.209Z","submitted":"2017-02-27T11:14:15.940Z","characteristics":{"External Id":[{"text":"SAMN06454858","tag":"Namespace:BioSample"}],"INSDC center name":[{"text":"University of Queensland"}],"INSDC first public":[{"text":"2017-02-27T00:00:00Z"}],"INSDC secondary accession":[{"text":"SRS2033264"}],"INSDC status":[{"text":"live"}],"NCBI submission model":[{"text":"Microbe, viral or environmental"}],"SRA accession":[{"text":"SRS2033264"}],"assembly method":[{"text":"CLC de novo assembler","tag":"attribute"}],"assembly_method_version":[{"text":"4.4.1","tag":"attribute"}],"completeness_estimated":[{"text":"89.78%","tag":"attribute"}],"contamination_estimated":[{"text":"1.61%","tag":"attribute"}],"environmental sample":[{"text":"true","tag":"attribute"}],"genome coverage":[{"text":"12.99","tag":"attribute"}],"geo loc name":[{"text":"Canada: Near Fort McMurray in northeastern Alberta","tag":"attribute"}],"isolate":[{"text":"UBA6184","tag":"attribute"}],"isolation-source":[{"text":"waste water","tag":"attribute"}],"mapping_method":[{"text":"BWA (BWA-MEM)","tag":"attribute"}],"mapping_method_version":[{"text":"0.7.12-r1039","tag":"attribute"}],"metagenome source":[{"text":"hydrocarbon metagenome","tag":"attribute"}],"metagenomic":[{"text":"true","tag":"attribute"}],"organism":[{"text":"Candidatus Paracaedibacteraceae bacterium UBA6184","ontologyTerms":["http://purl.obolibrary.org/obo/NCBITaxon_1951533"]}],"quality_assessment_method":[{"text":"CheckM","tag":"attribute"}],"quality_assessment_method_version":[{"text":"1.0.6","tag":"attribute"}],"sample type":[{"text":"metagenomic assembly","tag":"attribute"}],"subsrc_note":[{"text":"Genome binned from sequencing reads available in SRX327520 metagenome","tag":"attribute"}],"title":[{"text":"Uncultivated Candidatus Paracaedibacteraceae bacterium UBA6184 genome recovered from SRX327520"}],"value":[{"text":"This BioSample is a metagenomic assembly obtained from the hydrocarbon metagenome reads: SRR943325,SRR943327,SRR943323,SRR943326,SRR942940,SRR943328,SRR943324.","tag":"attribute"}]},"externalReferences":[{"url":"https://www.ebi.ac.uk/ena/data/view/SAMN06454858","duo":null}],"submittedVia":"JSON_API","create":"2017-02-27T11:14:15.940Z","_links":{"self":{"href":"https://www.ebi.ac.uk/biosamples/samples/SAMN06454858"},"curationDomain":{"href":"https://www.ebi.ac.uk/biosamples/samples/SAMN06454858{?curationdomain}","templated":true},"curationLinks":{"href":"https://www.ebi.ac.uk/biosamples/samples/SAMN06454858/curationlinks"},"curationLink":{"href":"https://www.ebi.ac.uk/biosamples/samples/SAMN06454858/curationlinks/{hash}","templated":true},"structuredData":{"href":"https://www.ebi.ac.uk/biosamples/structureddata/SAMN06454858"}}}