{"name":"LEY3_Clostridium_28_17","accession":"SAMN05717250","domain":"self.BiosampleImportNCBI","taxId":1896981,"release":"2016-08-31T12:07:46.210Z","update":"2022-03-29T20:58:28.696Z","submitted":"2016-08-30T17:28:20.223Z","characteristics":{"External Id":[{"text":"SAMN05717250","tag":"Namespace:BioSample"}],"INSDC center name":[{"text":"Jill Banfield's Lab at Berkeley"}],"INSDC first public":[{"text":"2016-08-31T12:07:46.210Z"}],"INSDC last update":[{"text":"2016-10-18T15:01:59.920Z"}],"INSDC status":[{"text":"live"}],"NCBI submission model":[{"text":"Microbe, viral or environmental"}],"NCBI submission package":[{"text":"Microbe.1.0"}],"description":[{"text":"LEY3_Clostridium_28_17 genome sampled from healthy adult 3C"}],"environmental sample":[{"text":"TRUE","tag":"attribute"}],"host":[{"text":"Homo sapiens","ontologyTerms":["http://purl.obolibrary.org/obo/NCBITaxon_9606"],"tag":"attribute"}],"isolate":[{"text":"28_17","tag":"attribute"}],"isolation-source":[{"text":"healthy adult 3C","tag":"attribute"}],"metagenome source":[{"text":"human gut metagenome","tag":"attribute"}],"metagenomic":[{"text":"TRUE","tag":"attribute"}],"note":[{"text":"This biosample is a metagenomic assembly obtained from the human gut metagenome BioSample: SAMN04978193.","tag":"attribute"}],"organism":[{"text":"Clostridium sp. 28_17","ontologyTerms":["http://purl.obolibrary.org/obo/NCBITaxon_1896981"]}],"sample-type":[{"text":"metagenomic assembly","tag":"attribute"}],"title":[{"text":"LEY3_Clostridium_28_17"}]},"submittedVia":"JSON_API","create":"2016-08-30T17:28:20.223Z","_links":{"self":{"href":"https://www.ebi.ac.uk/biosamples/samples/SAMN05717250"},"curationDomain":{"href":"https://www.ebi.ac.uk/biosamples/samples/SAMN05717250{?curationdomain}","templated":true},"curationLinks":{"href":"https://www.ebi.ac.uk/biosamples/samples/SAMN05717250/curationlinks"},"curationLink":{"href":"https://www.ebi.ac.uk/biosamples/samples/SAMN05717250/curationlinks/{hash}","templated":true},"structuredData":{"href":"https://www.ebi.ac.uk/biosamples/structureddata/SAMN05717250"}}}