{"name":"SMTZ_SM23_32","accession":"SAMN03994198","domain":"self.BiosampleImportNCBI","taxId":1704029,"release":"2015-08-20T00:00:00Z","update":"2022-03-29T12:54:12.076Z","submitted":"2015-08-14T14:15:15Z","characteristics":{"External Id":[{"text":"SAMN03994198","tag":"Namespace:BioSample"}],"INSDC center name":[{"text":"University of Texas at Austin"}],"INSDC first public":[{"text":"2015-08-20T00:00:00Z"}],"INSDC last update":[{"text":"2021-02-28T02:49:50.966Z"}],"INSDC status":[{"text":"live"}],"NCBI submission model":[{"text":"Metagenome or environmental"}],"NCBI submission package":[{"text":"Metagenome.environmental.1.0"}],"Pub":[{"text":"Baker_ etal_Microbiome","tag":"attribute"}],"collection date":[{"text":"2010-10","tag":"attribute"}],"depth":[{"text":"16-26cm","ontologyTerms":["http://purl.obolibrary.org/obo/UO_0000015"],"tag":"attribute"}],"description":[{"text":"metagenomic_assembly_of_bulk_sediment_environmental_DNA"}],"environmental sample":[{"text":"TRUE","tag":"attribute"}],"geo loc name":[{"text":"USA: White Oak River Estuary, North Carolina","tag":"attribute"}],"isolate":[{"text":"SM23_32","tag":"attribute"}],"isolation source":[{"text":"Sulfate-methane transisition zone estuary sediments 16-26 cm","tag":"attribute"}],"lat lon":[{"text":"34.7414 N 77.1234 W","tag":"attribute"}],"metagenome source":[{"text":"sediment metagenome","tag":"attribute"}],"metagenomic":[{"text":"TRUE","tag":"attribute"}],"note":[{"text":"This biosample is a metagenomic assembly obtained from the sediment metagenome BioSample SAMN03451118","tag":"attribute"}],"organism":[{"text":"Planctomycetes bacterium SM23_32","ontologyTerms":["http://purl.obolibrary.org/obo/NCBITaxon_1704029"]}],"sample type":[{"text":"metagenomic assembly","tag":"attribute"}],"title":[{"text":"unique_partial_genomes"}]},"submittedVia":"JSON_API","create":"2015-08-14T14:15:15Z","_links":{"self":{"href":"https://www.ebi.ac.uk/biosamples/samples/SAMN03994198"},"curationDomain":{"href":"https://www.ebi.ac.uk/biosamples/samples/SAMN03994198{?curationdomain}","templated":true},"curationLinks":{"href":"https://www.ebi.ac.uk/biosamples/samples/SAMN03994198/curationlinks"},"curationLink":{"href":"https://www.ebi.ac.uk/biosamples/samples/SAMN03994198/curationlinks/{hash}","templated":true},"structuredData":{"href":"https://www.ebi.ac.uk/biosamples/structureddata/SAMN03994198"}}}