{"name":"CC99","accession":"SAMN03855808","domain":"self.BiosampleImportNCBI","taxId":437022,"release":"2015-07-15T00:00:00Z","update":"2022-03-29T11:57:49.363Z","submitted":"2015-07-11T13:46:07Z","characteristics":{"External Id":[{"text":"SAMN03855808","tag":"Namespace:BioSample"}],"INSDC center name":[{"text":"Middle Tennessee State University"}],"INSDC first public":[{"text":"2015-07-15T00:00:00Z"}],"INSDC last update":[{"text":"2017-02-01T21:04:09.184Z"}],"INSDC status":[{"text":"live"}],"NCBI submission model":[{"text":"Microbe, viral or environmental"}],"NCBI submission package":[{"text":"Microbe.1.0"}],"collection date":[{"text":"1999","tag":"attribute"}],"description":[{"text":"Candidatus Berkiella cookevillensis (CC99) is a small coccobacillus isolated from an amoeba in the biofilm of a cooling tower. The bacterium does not grow on conventional laboratory media but is an obligate intracellular parasite of amoebae and mammalian cells."}],"geo loc name":[{"text":"USA: Tennessee","tag":"attribute"}],"host":[{"text":"Acanthamoeba polyphaga","tag":"attribute"}],"isolation source":[{"text":"biofilm of a cooling tower","tag":"attribute"}],"lat lon":[{"text":"36.16 N 85.50 W","tag":"attribute"}],"organism":[{"text":"Candidatus Berkiella cookevillensis","ontologyTerms":["http://purl.obolibrary.org/obo/NCBITaxon_437022"]}],"sample type":[{"text":"monoisolate","tag":"attribute"}],"strain":[{"text":"CC99","tag":"attribute"}],"title":[{"text":"Cadidatus Berkiella cookevillensis (CC99)"}]},"submittedVia":"JSON_API","create":"2015-07-11T13:46:07Z","_links":{"self":{"href":"https://www.ebi.ac.uk/biosamples/samples/SAMN03855808"},"curationDomain":{"href":"https://www.ebi.ac.uk/biosamples/samples/SAMN03855808{?curationdomain}","templated":true},"curationLinks":{"href":"https://www.ebi.ac.uk/biosamples/samples/SAMN03855808/curationlinks"},"curationLink":{"href":"https://www.ebi.ac.uk/biosamples/samples/SAMN03855808/curationlinks/{hash}","templated":true},"structuredData":{"href":"https://www.ebi.ac.uk/biosamples/structureddata/SAMN03855808"}}}