{"name":"GWC2_Syntrophobacterales_56_13_curated","accession":"SAMN04313917","domain":"self.BiosampleImportNCBI","taxId":1802287,"release":"2016-02-22T00:00:00Z","update":"2022-03-29T15:09:31.524Z","submitted":"2015-12-03T12:24:39Z","characteristics":{"External Id":[{"text":"SAMN04313917","tag":"Namespace:BioSample"}],"INSDC center name":[{"text":"Banfield Lab, University of California, Berkeley"}],"INSDC first public":[{"text":"2016-02-22T00:00:00Z"}],"INSDC last update":[{"text":"2021-02-28T03:00:17.228Z"}],"INSDC status":[{"text":"live"}],"NCBI submission model":[{"text":"Metagenome or environmental"}],"NCBI submission package":[{"text":"Metagenome.environmental.1.0"}],"collection date":[{"text":"2011-09-16","tag":"attribute"}],"environmental sample":[{"text":"true","tag":"attribute"}],"geo loc name":[{"text":"USA: Rifle, CO","tag":"attribute"}],"isolation source":[{"text":"Rifle well CD01 at time point 3 / C; 5m depth; 0.2 filter","tag":"attribute"}],"lat lon":[{"text":"39.5369 N 107.7828 W","tag":"attribute"}],"metagenome source":[{"text":"subsurface metagenome","tag":"attribute"}],"metagenomic":[{"text":"true","tag":"attribute"}],"note":[{"text":"This biosample is a genome obtained from the metagenome sample SAMN03202999","tag":"attribute"}],"organism":[{"text":"Syntrophobacterales bacterium GWC2_56_13","ontologyTerms":["http://purl.obolibrary.org/obo/NCBITaxon_1802287"]}],"title":[{"text":"Metagenome or environmental sample from Syntrophobacterales bacterium GWC2_56_13"}]},"submittedVia":"JSON_API","create":"2015-12-03T12:24:39Z","_links":{"self":{"href":"https://www.ebi.ac.uk/biosamples/samples/SAMN04313917"},"curationDomain":{"href":"https://www.ebi.ac.uk/biosamples/samples/SAMN04313917{?curationdomain}","templated":true},"curationLinks":{"href":"https://www.ebi.ac.uk/biosamples/samples/SAMN04313917/curationlinks"},"curationLink":{"href":"https://www.ebi.ac.uk/biosamples/samples/SAMN04313917/curationlinks/{hash}","templated":true},"structuredData":{"href":"https://www.ebi.ac.uk/biosamples/structureddata/SAMN04313917"}}}