{"name":"bacterium UBP3_UBA3054","accession":"SAMN06454897","domain":"self.BiosampleImportNCBI","taxId":1953430,"release":"2017-02-27T00:00:00Z","update":"2022-03-30T01:30:39.160Z","submitted":"2017-02-27T11:14:17.980Z","characteristics":{"External Id":[{"text":"SAMN06454897","tag":"Namespace:BioSample"}],"INSDC center name":[{"text":"University of Queensland"}],"INSDC first public":[{"text":"2017-02-27T00:00:00Z"}],"INSDC secondary accession":[{"text":"SRS2031866"}],"INSDC status":[{"text":"live"}],"NCBI submission model":[{"text":"Microbe, viral or environmental"}],"SRA accession":[{"text":"SRS2031866"}],"assembly method":[{"text":"CLC de novo assembler","tag":"attribute"}],"assembly_method_version":[{"text":"4.4.1","tag":"attribute"}],"completeness_estimated":[{"text":"58.91%","tag":"attribute"}],"contamination_estimated":[{"text":"0.93%","tag":"attribute"}],"environmental sample":[{"text":"true","tag":"attribute"}],"genome coverage":[{"text":"19.1","tag":"attribute"}],"isolate":[{"text":"UBA3054","tag":"attribute"}],"isolation-source":[{"text":"Switch grass fiber attached community in cow rumen, 72 hour post incubation","tag":"attribute"}],"mapping_method":[{"text":"BWA (BWA-MEM)","tag":"attribute"}],"mapping_method_version":[{"text":"0.7.12-r1039","tag":"attribute"}],"metagenome source":[{"text":"bovine gut metagenome","tag":"attribute"}],"metagenomic":[{"text":"true","tag":"attribute"}],"organism":[{"text":"bacterium UBP3_UBA3054","ontologyTerms":["http://purl.obolibrary.org/obo/NCBITaxon_1953430"]}],"quality_assessment_method":[{"text":"CheckM","tag":"attribute"}],"quality_assessment_method_version":[{"text":"1.0.6","tag":"attribute"}],"sample type":[{"text":"metagenomic assembly","tag":"attribute"}],"subsrc_note":[{"text":"Genome binned from sequencing reads available in SRX034809 metagenome","tag":"attribute"}],"title":[{"text":"Uncultivated bacterium UBP3_UBA3054 genome recovered from SRX034809"}],"value":[{"text":"This BioSample is a metagenomic assembly obtained from the bovine gut metagenome reads: SRR094166,SRR094417,SRR094403,SRR094415,SRR094418,SRR094416,SRR094405.","tag":"attribute"}]},"externalReferences":[{"url":"https://www.ebi.ac.uk/ena/data/view/SAMN06454897","duo":null}],"submittedVia":"JSON_API","create":"2017-02-27T11:14:17.980Z","_links":{"self":{"href":"https://www.ebi.ac.uk/biosamples/samples/SAMN06454897"},"curationDomain":{"href":"https://www.ebi.ac.uk/biosamples/samples/SAMN06454897{?curationdomain}","templated":true},"curationLinks":{"href":"https://www.ebi.ac.uk/biosamples/samples/SAMN06454897/curationlinks"},"curationLink":{"href":"https://www.ebi.ac.uk/biosamples/samples/SAMN06454897/curationlinks/{hash}","templated":true},"structuredData":{"href":"https://www.ebi.ac.uk/biosamples/structureddata/SAMN06454897"}}}