{"name":"Armatimonadetes bacterium UBA1398","accession":"SAMN06452367","domain":"self.BiosampleImportNCBI","taxId":1953131,"release":"2017-02-27T00:00:00Z","update":"2022-03-30T01:29:35.049Z","submitted":"2017-02-27T11:09:20.240Z","characteristics":{"External Id":[{"text":"SAMN06452367","tag":"Namespace:BioSample"}],"INSDC center name":[{"text":"University of Queensland"}],"INSDC first public":[{"text":"2017-02-27T00:00:00Z"}],"INSDC secondary accession":[{"text":"SRS2030550"}],"INSDC status":[{"text":"live"}],"NCBI submission model":[{"text":"Microbe, viral or environmental"}],"SRA accession":[{"text":"SRS2030550"}],"assembly method":[{"text":"CLC de novo assembler","tag":"attribute"}],"assembly_method_version":[{"text":"4.4.1","tag":"attribute"}],"completeness_estimated":[{"text":"93.52%","tag":"attribute"}],"contamination_estimated":[{"text":"0.93%","tag":"attribute"}],"environmental sample":[{"text":"true","tag":"attribute"}],"genome coverage":[{"text":"28.14","tag":"attribute"}],"geo loc name":[{"text":"Malaysia","tag":"attribute"}],"isolate":[{"text":"UBA1398","tag":"attribute"}],"isolation-source":[{"text":"closed biodigester","tag":"attribute"}],"mapping_method":[{"text":"BWA (BWA-MEM)","tag":"attribute"}],"mapping_method_version":[{"text":"0.7.12-r1039","tag":"attribute"}],"metagenome source":[{"text":"palm oil mill effluent metagenome","tag":"attribute"}],"metagenomic":[{"text":"true","tag":"attribute"}],"quality_assessment_method":[{"text":"CheckM","tag":"attribute"}],"quality_assessment_method_version":[{"text":"1.0.6","tag":"attribute"}],"sample type":[{"text":"metagenomic assembly","tag":"attribute"}],"subsrc_note":[{"text":"Genome binned from sequencing reads available in ERX250271 metagenome","tag":"attribute"}],"title":[{"text":"Uncultivated Armatimonadetes bacterium UBA1398 genome recovered from ERX250271"}],"value":[{"text":"This BioSample is a metagenomic assembly obtained from the palm oil mill effluent metagenome reads: ERR276848.","tag":"attribute"}]},"externalReferences":[{"url":"https://www.ebi.ac.uk/ena/data/view/SAMN06452367","duo":null}],"submittedVia":"JSON_API","create":"2017-02-27T11:09:20.240Z","_links":{"self":{"href":"https://www.ebi.ac.uk/biosamples/samples/SAMN06452367"},"curationDomain":{"href":"https://www.ebi.ac.uk/biosamples/samples/SAMN06452367{?curationdomain}","templated":true},"curationLinks":{"href":"https://www.ebi.ac.uk/biosamples/samples/SAMN06452367/curationlinks"},"curationLink":{"href":"https://www.ebi.ac.uk/biosamples/samples/SAMN06452367/curationlinks/{hash}","templated":true},"structuredData":{"href":"https://www.ebi.ac.uk/biosamples/structureddata/SAMN06452367"}}}