{"name":"Nitrospinaceae bacterium UBA7883","accession":"SAMN06450621","domain":"self.BiosampleImportNCBI","taxId":1953054,"release":"2017-02-27T00:00:00Z","update":"2022-03-30T01:28:56.427Z","submitted":"2017-02-27T11:03:46.070Z","characteristics":{"External Id":[{"text":"SAMN06450621","tag":"Namespace:BioSample"}],"INSDC center name":[{"text":"University of Queensland"}],"INSDC first public":[{"text":"2017-02-27T00:00:00Z"}],"INSDC secondary accession":[{"text":"SRS2031210"}],"INSDC status":[{"text":"live"}],"NCBI submission model":[{"text":"Microbe, viral or environmental"}],"SRA accession":[{"text":"SRS2031210"}],"assembly method":[{"text":"CLC de novo assembler","tag":"attribute"}],"assembly_method_version":[{"text":"4.4.1","tag":"attribute"}],"completeness_estimated":[{"text":"97.33%","tag":"attribute"}],"contamination_estimated":[{"text":"1.20%","tag":"attribute"}],"environmental sample":[{"text":"true","tag":"attribute"}],"genome coverage":[{"text":"42.64","tag":"attribute"}],"isolate":[{"text":"UBA7883","tag":"attribute"}],"isolation-source":[{"text":"saline water (ENVO:00002010), including plankton (ENVO:xxxxxxxx)","tag":"attribute"}],"mapping_method":[{"text":"BWA (BWA-MEM)","tag":"attribute"}],"mapping_method_version":[{"text":"0.7.12-r1039","tag":"attribute"}],"metagenome source":[{"text":"marine metagenome","tag":"attribute"}],"metagenomic":[{"text":"true","tag":"attribute"}],"quality_assessment_method":[{"text":"CheckM","tag":"attribute"}],"quality_assessment_method_version":[{"text":"1.0.6","tag":"attribute"}],"sample type":[{"text":"metagenomic assembly","tag":"attribute"}],"subsrc_note":[{"text":"Genome binned from sequencing reads available in ERX555949 metagenome","tag":"attribute"}],"title":[{"text":"Uncultivated Nitrospinaceae bacterium UBA7883 genome recovered from ERX555949"}],"value":[{"text":"This BioSample is a metagenomic assembly obtained from the marine metagenome reads: ERR598946.","tag":"attribute"}]},"externalReferences":[{"url":"https://www.ebi.ac.uk/ena/data/view/SAMN06450621","duo":null}],"submittedVia":"JSON_API","create":"2017-02-27T11:03:46.070Z","_links":{"self":{"href":"https://www.ebi.ac.uk/biosamples/samples/SAMN06450621"},"curationDomain":{"href":"https://www.ebi.ac.uk/biosamples/samples/SAMN06450621{?curationdomain}","templated":true},"curationLinks":{"href":"https://www.ebi.ac.uk/biosamples/samples/SAMN06450621/curationlinks"},"curationLink":{"href":"https://www.ebi.ac.uk/biosamples/samples/SAMN06450621/curationlinks/{hash}","templated":true},"structuredData":{"href":"https://www.ebi.ac.uk/biosamples/structureddata/SAMN06450621"}}}