{"name":"RIFCSPHIGHO2_02_FULL_OD1_Ryanbacteria_48_12_curated","accession":"SAMN04315437","domain":"self.BiosampleImportNCBI","taxId":1802121,"release":"2016-02-22T00:00:00Z","update":"2022-03-29T15:10:17.828Z","submitted":"2015-12-03T12:27:56Z","characteristics":{"External Id":[{"text":"SAMN04315437","tag":"Namespace:BioSample"}],"INSDC center name":[{"text":"Banfield Lab, University of California, Berkeley"}],"INSDC first public":[{"text":"2016-02-22T00:00:00Z"}],"INSDC last update":[{"text":"2021-02-28T03:00:59.271Z"}],"INSDC status":[{"text":"live"}],"NCBI submission model":[{"text":"Metagenome or environmental"}],"NCBI submission package":[{"text":"Metagenome.environmental.1.0"}],"collection date":[{"text":"2013-07-07","tag":"attribute"}],"environmental sample":[{"text":"true","tag":"attribute"}],"geo loc name":[{"text":"USA: Rifle, CO","tag":"attribute"}],"isolation source":[{"text":"Rifle well FP-101 under high O2 conditions; 0.2 micron filter; full assembly","tag":"attribute"}],"lat lon":[{"text":"39.5369 N 107.7828 W","tag":"attribute"}],"metagenome source":[{"text":"subsurface metagenome","tag":"attribute"}],"metagenomic":[{"text":"true","tag":"attribute"}],"note":[{"text":"This biosample is a genome obtained from the metagenome sample SAMN03842433","tag":"attribute"}],"organism":[{"text":"Candidatus Ryanbacteria bacterium RIFCSPHIGHO2_02_FULL_48_12","ontologyTerms":["http://purl.obolibrary.org/obo/NCBITaxon_1802121"]}],"title":[{"text":"Metagenome or environmental sample from Candidatus Ryanbacteria bacterium RIFCSPHIGHO2_02_FULL_48_12"}]},"submittedVia":"JSON_API","create":"2015-12-03T12:27:56Z","_links":{"self":{"href":"https://www.ebi.ac.uk/biosamples/samples/SAMN04315437"},"curationDomain":{"href":"https://www.ebi.ac.uk/biosamples/samples/SAMN04315437{?curationdomain}","templated":true},"curationLinks":{"href":"https://www.ebi.ac.uk/biosamples/samples/SAMN04315437/curationlinks"},"curationLink":{"href":"https://www.ebi.ac.uk/biosamples/samples/SAMN04315437/curationlinks/{hash}","templated":true},"structuredData":{"href":"https://www.ebi.ac.uk/biosamples/structureddata/SAMN04315437"}}}