{"name":"UBA7994","accession":"SAMN08020092","domain":"self.BiosampleImportNCBI","taxId":1898204,"release":"2017-11-13T00:00:00Z","update":"2022-03-30T10:42:20.103Z","submitted":"2017-11-13T20:27:18.413Z","characteristics":{"External Id":[{"text":"SAMN08020092","tag":"Namespace:BioSample"}],"INSDC center name":[{"text":"University of Queensland"}],"INSDC first public":[{"text":"2017-11-13T00:00:00Z"}],"INSDC secondary accession":[{"text":"SRS2845851"}],"INSDC status":[{"text":"live"}],"NCBI submission model":[{"text":"Microbe, viral or environmental"}],"SRA accession":[{"text":"SRS2845851"}],"assembly method":[{"text":"CLC de novo assembler","tag":"attribute"}],"assembly_method_version":[{"text":"4.4.1","tag":"attribute"}],"completeness_estimated":[{"text":"81.47%","tag":"attribute"}],"contamination_estimated":[{"text":"5.72%","tag":"attribute"}],"environmental sample":[{"text":"true","tag":"attribute"}],"genome coverage":[{"text":"5.63x","tag":"attribute"}],"isolate":[{"text":"UBA7994","tag":"attribute"}],"isolation source":[{"text":"ecological","tag":"attribute"}],"mapping_method":[{"text":"BWA (BWA-MEM)","tag":"attribute"}],"mapping_method_version":[{"text":"0.7.12-r1039","tag":"attribute"}],"metagenome source":[{"text":"ecological metagenome","tag":"attribute"}],"metagenomic":[{"text":"true","tag":"attribute"}],"note":[{"text":"ecological metagenome","tag":"attribute"}],"organism":[{"text":"Clostridiaceae bacterium","ontologyTerms":["http://purl.obolibrary.org/obo/NCBITaxon_1898204"]}],"quality_assessment_method":[{"text":"CheckM","tag":"attribute"}],"quality_assessment_method_version":[{"text":"1.0.6","tag":"attribute"}],"sample type":[{"text":"metagenomic assembly","tag":"attribute"}],"title":[{"text":"Uncultivated Clostridiaceae bacterium UBA7994 genome recovered from DRX011531"}],"value":[{"text":"This BioSample is a metagenomic assembly obtained from the ecological metagenome reads: DRR012575.","tag":"attribute"}]},"externalReferences":[{"url":"https://www.ebi.ac.uk/ena/data/view/SAMN08020092","duo":null}],"submittedVia":"JSON_API","create":"2017-11-13T20:27:18.413Z","_links":{"self":{"href":"https://www.ebi.ac.uk/biosamples/samples/SAMN08020092"},"curationDomain":{"href":"https://www.ebi.ac.uk/biosamples/samples/SAMN08020092{?curationdomain}","templated":true},"curationLinks":{"href":"https://www.ebi.ac.uk/biosamples/samples/SAMN08020092/curationlinks"},"curationLink":{"href":"https://www.ebi.ac.uk/biosamples/samples/SAMN08020092/curationlinks/{hash}","templated":true},"structuredData":{"href":"https://www.ebi.ac.uk/biosamples/structureddata/SAMN08020092"}}}