{"name":"Alphaproteobacteria bacterium UBA2966","accession":"SAMN06451907","domain":"self.BiosampleImportNCBI","taxId":1948377,"release":"2017-02-27T00:00:00Z","update":"2022-03-30T01:29:24.332Z","submitted":"2017-02-27T11:08:15.880Z","characteristics":{"External Id":[{"text":"SAMN06451907","tag":"Namespace:BioSample"}],"INSDC center name":[{"text":"University of Queensland"}],"INSDC first public":[{"text":"2017-02-27T00:00:00Z"}],"INSDC secondary accession":[{"text":"SRS2031158"}],"INSDC status":[{"text":"live"}],"NCBI submission model":[{"text":"Microbe, viral or environmental"}],"SRA accession":[{"text":"SRS2031158"}],"assembly method":[{"text":"CLC de novo assembler","tag":"attribute"}],"assembly_method_version":[{"text":"4.4.1","tag":"attribute"}],"completeness_estimated":[{"text":"94.35%","tag":"attribute"}],"contamination_estimated":[{"text":"0.65%","tag":"attribute"}],"environmental sample":[{"text":"true","tag":"attribute"}],"genome coverage":[{"text":"29.78","tag":"attribute"}],"isolate":[{"text":"UBA2966","tag":"attribute"}],"isolation-source":[{"text":"saline water (ENVO:00002010), including plankton (ENVO:xxxxxxxx)","tag":"attribute"}],"mapping_method":[{"text":"BWA (BWA-MEM)","tag":"attribute"}],"mapping_method_version":[{"text":"0.7.12-r1039","tag":"attribute"}],"metagenome source":[{"text":"marine metagenome","tag":"attribute"}],"metagenomic":[{"text":"true","tag":"attribute"}],"organism":[{"text":"Alphaproteobacteria bacterium UBA2966","ontologyTerms":["http://purl.obolibrary.org/obo/NCBITaxon_1948377"]}],"quality_assessment_method":[{"text":"CheckM","tag":"attribute"}],"quality_assessment_method_version":[{"text":"1.0.6","tag":"attribute"}],"sample type":[{"text":"metagenomic assembly","tag":"attribute"}],"subsrc_note":[{"text":"Genome binned from sequencing reads available in ERX555931 metagenome","tag":"attribute"}],"title":[{"text":"Uncultivated Alphaproteobacteria bacterium UBA2966 genome recovered from ERX555931"}],"value":[{"text":"This BioSample is a metagenomic assembly obtained from the marine metagenome reads: ERR599097.","tag":"attribute"}]},"externalReferences":[{"url":"https://www.ebi.ac.uk/ena/data/view/SAMN06451907","duo":null}],"submittedVia":"JSON_API","create":"2017-02-27T11:08:15.880Z","_links":{"self":{"href":"https://www.ebi.ac.uk/biosamples/samples/SAMN06451907"},"curationDomain":{"href":"https://www.ebi.ac.uk/biosamples/samples/SAMN06451907{?curationdomain}","templated":true},"curationLinks":{"href":"https://www.ebi.ac.uk/biosamples/samples/SAMN06451907/curationlinks"},"curationLink":{"href":"https://www.ebi.ac.uk/biosamples/samples/SAMN06451907/curationlinks/{hash}","templated":true},"structuredData":{"href":"https://www.ebi.ac.uk/biosamples/structureddata/SAMN06451907"}}}