{"name":"Microbe sample from Rubrobacter sp. RV113","accession":"SAMN03729479","domain":"self.BiosampleImportNCBI","taxId":909625,"release":"2015-05-22T00:00:00Z","update":"2022-03-29T11:11:52.020Z","submitted":"2015-05-22T06:19:14Z","characteristics":{"External Id":[{"text":"SAMN03729479","tag":"Namespace:BioSample"}],"INSDC center name":[{"text":"University of Wuerzburg"}],"INSDC first public":[{"text":"2015-05-22T00:00:00Z"}],"INSDC last update":[{"text":"2021-02-28T02:43:58.559Z"}],"INSDC status":[{"text":"live"}],"NCBI submission model":[{"text":"Microbe, viral or environmental"}],"NCBI submission package":[{"text":"Microbe.1.0"}],"collected by":[{"text":"H. Angermeier, P. Tabares","tag":"attribute"}],"collection date":[{"text":"2008-08","tag":"attribute"}],"depth":[{"text":"3-20 m","tag":"attribute"}],"env biome":[{"text":"aquatic","tag":"attribute"}],"geo loc name":[{"text":"Croatia: Rovinj","tag":"attribute"}],"host":[{"text":"Aplysina aerophoba","tag":"attribute"}],"identified by":[{"text":"W.E.G. Mueller, I. Mueller","tag":"attribute"}],"isolation source":[{"text":"sponge","ontologyTerms":["http://www.orpha.net/ORDO/Orphanet_171723"],"tag":"attribute"}],"organism":[{"text":"Rubrobacter aplysinae","ontologyTerms":["http://purl.obolibrary.org/obo/NCBITaxon_909625"]}],"sample type":[{"text":"cell culture","ontologyTerms":["http://purl.obolibrary.org/obo/BTO_0000214"],"tag":"attribute"}],"strain":[{"text":"RV113","tag":"attribute"}],"title":[{"text":"Microbe sample from Rubrobacter sp. RV113"}],"type material":[{"text":"type strain of Rubrobacter aplysinae","tag":"attribute"}]},"submittedVia":"JSON_API","create":"2015-05-22T06:19:14Z","_links":{"self":{"href":"https://www.ebi.ac.uk/biosamples/samples/SAMN03729479"},"curationDomain":{"href":"https://www.ebi.ac.uk/biosamples/samples/SAMN03729479{?curationdomain}","templated":true},"curationLinks":{"href":"https://www.ebi.ac.uk/biosamples/samples/SAMN03729479/curationlinks"},"curationLink":{"href":"https://www.ebi.ac.uk/biosamples/samples/SAMN03729479/curationlinks/{hash}","templated":true},"structuredData":{"href":"https://www.ebi.ac.uk/biosamples/structureddata/SAMN03729479"}}}