{"name":"Pelobacter sp. UBA5610","accession":"SAMN06451153","domain":"self.BiosampleImportNCBI","taxId":1961379,"release":"2017-02-27T00:00:00Z","update":"2022-03-30T01:29:08.243Z","submitted":"2017-02-27T11:04:22.660Z","characteristics":{"External Id":[{"text":"SAMN06451153","tag":"Namespace:BioSample"}],"INSDC center name":[{"text":"University of Queensland"}],"INSDC first public":[{"text":"2017-02-27T00:00:00Z"}],"INSDC last update":[{"text":"2017-08-15T13:14:37.032Z"}],"INSDC secondary accession":[{"text":"SRS2032620"}],"INSDC status":[{"text":"live"}],"NCBI submission model":[{"text":"Microbe, viral or environmental"}],"NCBI submission package":[{"text":"Microbe.1.0"}],"SRA accession":[{"text":"SRS2032620"}],"assembly method":[{"text":"CLC de novo assembler","tag":"attribute"}],"assembly_method_version":[{"text":"4.4.1","tag":"attribute"}],"completeness_estimated":[{"text":"76.63%","tag":"attribute"}],"contamination_estimated":[{"text":"2.46%","ontologyTerms":["http://purl.obolibrary.org/obo/CHEBI_16236"],"tag":"attribute"}],"description":[{"text":"Uncultivated genome recovered from an assembly of the SRX211342 metagenome."}],"environmental sample":[{"text":"true","tag":"attribute"}],"genome coverage":[{"text":"51.7","tag":"attribute"}],"geo loc name":[{"text":"Canada: Syncrude, Ft. McMurray, Alberta","tag":"attribute"}],"isolate":[{"text":"UBA5610","tag":"attribute"}],"isolation-source":[{"text":"waste water","tag":"attribute"}],"mapping_method":[{"text":"BWA (BWA-MEM)","tag":"attribute"}],"mapping_method_version":[{"text":"0.7.12-r1039","tag":"attribute"}],"metagenome source":[{"text":"hydrocarbon metagenome","tag":"attribute"}],"metagenomic":[{"text":"true","tag":"attribute"}],"organism":[{"text":"Pelobacter sp. UBA5610","ontologyTerms":["http://purl.obolibrary.org/obo/NCBITaxon_1961379"]}],"quality_assessment_method":[{"text":"CheckM","tag":"attribute"}],"quality_assessment_method_version":[{"text":"1.0.6","tag":"attribute"}],"sample type":[{"text":"metagenomic assembly","tag":"attribute"}],"subsrc_note":[{"text":"Genome binned from sequencing reads available in SRX211342 metagenome","tag":"attribute"}],"title":[{"text":"Uncultivated Pelobacter sp. UBA5610 genome recovered from SRX211342"}],"value":[{"text":"This BioSample is a metagenomic assembly obtained from the hydrocarbon metagenome reads: SRR636569.","tag":"attribute"}]},"externalReferences":[{"url":"https://www.ebi.ac.uk/ena/data/view/SAMN06451153","duo":null}],"submittedVia":"JSON_API","create":"2017-02-27T11:04:22.660Z","_links":{"self":{"href":"https://www.ebi.ac.uk/biosamples/samples/SAMN06451153"},"curationDomain":{"href":"https://www.ebi.ac.uk/biosamples/samples/SAMN06451153{?curationdomain}","templated":true},"curationLinks":{"href":"https://www.ebi.ac.uk/biosamples/samples/SAMN06451153/curationlinks"},"curationLink":{"href":"https://www.ebi.ac.uk/biosamples/samples/SAMN06451153/curationlinks/{hash}","templated":true},"structuredData":{"href":"https://www.ebi.ac.uk/biosamples/structureddata/SAMN06451153"}}}