{"name":"SAMN05660831","accession":"SAMN05660831","domain":"self.BiosampleImportNCBI","taxId":1123397,"release":"2016-08-30T00:00:00Z","update":"2022-03-29T20:54:36.893Z","submitted":"2016-08-25T14:41:41.590Z","characteristics":{"External Id":[{"text":"Gp0099397","tag":"Namespace:DOE Joint Genome Institute"},{"text":"SAMN05660831","tag":"Namespace:BioSample"}],"INSDC center name":[{"text":"DOE Joint Genome Institute"}],"INSDC first public":[{"text":"2016-08-30T00:00:00Z"}],"INSDC last update":[{"text":"2019-06-20T17:41:37.395Z"}],"INSDC secondary accession":[{"text":"ERS1576735"}],"INSDC status":[{"text":"live"}],"NCBI submission model":[{"text":"MIGS.ba"}],"NCBI submission package":[{"text":"MIGS.ba.5.0"}],"SRA accession":[{"text":"ERS1576735"}],"description":[{"text":"Keywords: GSC:MIxS;MIGS:5.0"}],"organism":[{"text":"Thiohalospira halophila DSM 15071","ontologyTerms":["http://purl.obolibrary.org/obo/NCBITaxon_1123397"]}],"strain":[{"text":"HL 3","ontologyTerms":["http://www.ebi.ac.uk/efo/EFO_0002793"],"tag":"attribute"}],"title":[{"text":"Thiohalospira halophilus HL3"}],"type material":[{"text":"type strain of Thiohalospira halophila","tag":"attribute"}]},"externalReferences":[{"url":"https://www.ebi.ac.uk/ena/data/view/SAMN05660831","duo":null}],"submittedVia":"JSON_API","create":"2016-08-25T14:41:41.590Z","_links":{"self":{"href":"https://www.ebi.ac.uk/biosamples/samples/SAMN05660831"},"curationDomain":{"href":"https://www.ebi.ac.uk/biosamples/samples/SAMN05660831{?curationdomain}","templated":true},"curationLinks":{"href":"https://www.ebi.ac.uk/biosamples/samples/SAMN05660831/curationlinks"},"curationLink":{"href":"https://www.ebi.ac.uk/biosamples/samples/SAMN05660831/curationlinks/{hash}","templated":true},"structuredData":{"href":"https://www.ebi.ac.uk/biosamples/structureddata/SAMN05660831"}}}