{"name":"NZ13-RE01","accession":"SAMN07140561","domain":"self.BiosampleImportNCBI","taxId":2010949,"release":"2017-12-01T00:00:00Z","update":"2022-03-30T05:00:45.122Z","submitted":"2017-05-18T12:55:03.203Z","characteristics":{"External Id":[{"text":"SAMN07140561","tag":"Namespace:BioSample"}],"INSDC center name":[{"text":"Portland State University"}],"INSDC first public":[{"text":"2017-12-01T00:00:00Z"}],"INSDC last update":[{"text":"2021-02-28T04:22:04.425Z"}],"INSDC status":[{"text":"live"}],"NCBI submission model":[{"text":"Microbe, viral or environmental"}],"NCBI submission package":[{"text":"Microbe.1.0"}],"collection date":[{"text":"2013-04","tag":"attribute"}],"depth":[{"text":"4 m","tag":"attribute"}],"env biome":[{"text":"terrestrial geothermal area","tag":"attribute"}],"env feature":[{"text":"thermal spring","tag":"attribute"}],"env_material":[{"text":"water and sediment","tag":"attribute"}],"environmental sample":[{"text":"TRUE","tag":"attribute"}],"geo loc name":[{"text":"New Zealand: Rotorua","tag":"attribute"}],"isolate":[{"text":"NZ13-RE01","tag":"attribute"}],"isolation-source":[{"text":"enrichment culture inoculated with water and sediment from thermal spring","tag":"attribute"}],"lat lon":[{"text":"38.063 S 176.36 E","tag":"attribute"}],"metagenome source":[{"text":"hot spring metagenome","tag":"attribute"}],"metagenomic":[{"text":"TRUE","tag":"attribute"}],"note":[{"text":"This BioSample is a draft genomic bin obtained from the NZ13 Recent Enrichment, Biosample: SAMN07140559","tag":"attribute"}],"organism":[{"text":"Dictyoglomus sp. NZ13-RE01","ontologyTerms":["http://purl.obolibrary.org/obo/NCBITaxon_2010949"]}],"sample type":[{"text":"metagenomic assembly","tag":"attribute"}],"sample-type":[{"text":"metagenomic assembly","tag":"attribute"}],"title":[{"text":"NZ13 Dictyoglomus draft genome"}]},"submittedVia":"JSON_API","create":"2017-05-18T12:55:03.203Z","_links":{"self":{"href":"https://www.ebi.ac.uk/biosamples/samples/SAMN07140561"},"curationDomain":{"href":"https://www.ebi.ac.uk/biosamples/samples/SAMN07140561{?curationdomain}","templated":true},"curationLinks":{"href":"https://www.ebi.ac.uk/biosamples/samples/SAMN07140561/curationlinks"},"curationLink":{"href":"https://www.ebi.ac.uk/biosamples/samples/SAMN07140561/curationlinks/{hash}","templated":true},"structuredData":{"href":"https://www.ebi.ac.uk/biosamples/structureddata/SAMN07140561"}}}