{"name":"UBA7950","accession":"SAMN08019120","domain":"self.BiosampleImportNCBI","taxId":2053493,"release":"2017-11-13T00:00:00Z","update":"2022-03-30T10:42:00.751Z","submitted":"2017-11-13T20:25:18.913Z","characteristics":{"External Id":[{"text":"SAMN08019120","tag":"Namespace:BioSample"}],"INSDC center name":[{"text":"University of Queensland"}],"INSDC first public":[{"text":"2017-11-13T00:00:00Z"}],"INSDC secondary accession":[{"text":"SRS2846283"}],"INSDC status":[{"text":"live"}],"NCBI submission model":[{"text":"Microbe, viral or environmental"}],"SRA accession":[{"text":"SRS2846283"}],"assembly method":[{"text":"CLC de novo assembler","tag":"attribute"}],"assembly_method_version":[{"text":"4.4.1","tag":"attribute"}],"completeness_estimated":[{"text":"75.42%","tag":"attribute"}],"contamination_estimated":[{"text":"0.00%","tag":"attribute"}],"environmental sample":[{"text":"true","tag":"attribute"}],"genome coverage":[{"text":"22.85x","tag":"attribute"}],"isolate":[{"text":"UBA7950","tag":"attribute"}],"isolation source":[{"text":"aquatic","tag":"attribute"}],"mapping_method":[{"text":"BWA (BWA-MEM)","tag":"attribute"}],"mapping_method_version":[{"text":"0.7.12-r1039","tag":"attribute"}],"metagenome source":[{"text":"aquatic metagenome","tag":"attribute"}],"metagenomic":[{"text":"true","tag":"attribute"}],"note":[{"text":"aquatic metagenome","tag":"attribute"}],"organism":[{"text":"Candidatus Acetothermia bacterium","ontologyTerms":["http://purl.obolibrary.org/obo/NCBITaxon_2053493"]}],"quality_assessment_method":[{"text":"CheckM","tag":"attribute"}],"quality_assessment_method_version":[{"text":"1.0.6","tag":"attribute"}],"sample type":[{"text":"metagenomic assembly","tag":"attribute"}],"title":[{"text":"Uncultivated Acetothermia bacterium UBA7950 genome recovered from SRX748863"}],"value":[{"text":"This BioSample is a metagenomic assembly obtained from the aquatic metagenome reads: SRR1636509.","tag":"attribute"}]},"externalReferences":[{"url":"https://www.ebi.ac.uk/ena/data/view/SAMN08019120","duo":null}],"submittedVia":"JSON_API","create":"2017-11-13T20:25:18.913Z","_links":{"self":{"href":"https://www.ebi.ac.uk/biosamples/samples/SAMN08019120"},"curationDomain":{"href":"https://www.ebi.ac.uk/biosamples/samples/SAMN08019120{?curationdomain}","templated":true},"curationLinks":{"href":"https://www.ebi.ac.uk/biosamples/samples/SAMN08019120/curationlinks"},"curationLink":{"href":"https://www.ebi.ac.uk/biosamples/samples/SAMN08019120/curationlinks/{hash}","templated":true},"structuredData":{"href":"https://www.ebi.ac.uk/biosamples/structureddata/SAMN08019120"}}}