{"name":"SG8-5","accession":"SAMN04495912","domain":"self.BiosampleImportNCBI","taxId":1803822,"release":"2016-02-18T00:00:00Z","update":"2022-07-01T19:38:09.403Z","submitted":"2016-02-16T17:53:04Z","characteristics":{"External Id":[{"text":"SAMN04495912","tag":"Namespace:BioSample"}],"INSDC center name":[{"text":"University of Texas at Austin"}],"INSDC first public":[{"text":"2016-02-18T00:00:00Z"}],"INSDC last update":[{"text":"2022-06-20T21:05:26.616Z"}],"INSDC status":[{"text":"live"}],"NCBI submission model":[{"text":"Metagenome or environmental"}],"NCBI submission package":[{"text":"Metagenome.environmental.1.0"}],"collection date":[{"text":"2010-10","tag":"attribute"}],"depth":[{"text":"8-12 cm","ontologyTerms":["http://purl.obolibrary.org/obo/UO_0000015"],"tag":"attribute"}],"description":[{"text":"Sulfate-rich zone estuary sediments"}],"environmental sample":[{"text":"TRUE","tag":"attribute"}],"geo loc name":[{"text":"USA: White Oak River Estuary North Carolina","tag":"attribute"}],"isolate":[{"text":"SG8-5","tag":"attribute"}],"isolation source":[{"text":"Sulfate-rich zone estuary sediments 8-12 cm","tag":"attribute"}],"lat lon":[{"text":"34.7414 N 77.1234 W","tag":"attribute"}],"metagenome source":[{"text":"sediment metagenome","tag":"attribute"}],"metagenomic":[{"text":"TRUE","tag":"attribute"}],"note":[{"text":"This biosample is a metagenomic assembly obtained from the sediment metagenome BioSample: SAMN03451117","tag":"attribute"}],"organism":[{"text":"Candidatus Proteinoplasmatales archaeon SG8-5","ontologyTerms":["http://purl.obolibrary.org/obo/NCBITaxon_1803822"]}],"sample type":[{"text":"metagenomic assembly","tag":"attribute"}],"title":[{"text":"unique partial genomes"}]},"submittedVia":"JSON_API","create":"2016-02-16T17:53:04Z","_links":{"self":{"href":"https://www.ebi.ac.uk/biosamples/samples/SAMN04495912"},"curationDomain":{"href":"https://www.ebi.ac.uk/biosamples/samples/SAMN04495912{?curationdomain}","templated":true},"curationLinks":{"href":"https://www.ebi.ac.uk/biosamples/samples/SAMN04495912/curationlinks"},"curationLink":{"href":"https://www.ebi.ac.uk/biosamples/samples/SAMN04495912/curationlinks/{hash}","templated":true},"structuredData":{"href":"https://www.ebi.ac.uk/biosamples/structureddata/SAMN04495912"}}}