{"name":"AG-426-I15","accession":"SAMN08886460","domain":"self.BiosampleImportNCBI","taxId":2161996,"release":"2018-04-06T00:00:00Z","update":"2022-03-30T16:17:08.510Z","submitted":"2018-04-06T15:44:17.530Z","characteristics":{"External Id":[{"text":"SAMN08886460","tag":"Namespace:BioSample"}],"INSDC center name":[{"text":"Massachusetts Institute of Technology"}],"INSDC first public":[{"text":"2018-04-06T00:00:00Z"}],"INSDC secondary accession":[{"text":"SRS3198502"}],"INSDC status":[{"text":"live"}],"NCBI submission model":[{"text":"Microbe, viral or environmental"}],"SRA accession":[{"text":"SRS3198502"}],"bottle_id":[{"text":"844349","tag":"attribute"}],"collection date":[{"text":"2011-11-12","tag":"attribute"}],"cruise id":[{"text":"KN204","ontologyTerms":["http://www.ebi.ac.uk/efo/EFO_0006978"],"tag":"attribute"}],"cruise_name":[{"text":"GA03(L2)","tag":"attribute"}],"cruise_station":[{"text":"4","tag":"attribute"}],"depth":[{"text":"90.8m","tag":"attribute"}],"env biome":[{"text":"ocean_biome","tag":"attribute"}],"geo loc name":[{"text":"Atlantic Ocean","tag":"attribute"}],"gold_study_name":[{"text":"bioGEOTRACES-SingleCells","tag":"attribute"}],"img genome id":[{"text":"2716884305","tag":"attribute"}],"img_genome_name":[{"text":"Uncultured Pelagibacteraceae bacterium AG-426-I15","tag":"attribute"}],"isolate":[{"text":"AG-426-I15","tag":"attribute"}],"isolation source":[{"text":"single cell amplified by WGA-X; seawater","tag":"attribute"}],"lat lon":[{"text":"38.32 N 68.87 W","tag":"attribute"}],"longhurst_province":[{"text":"GFST","tag":"attribute"}],"organism":[{"text":"Pelagibacteraceae bacterium AG-426-I15","ontologyTerms":["http://purl.obolibrary.org/obo/NCBITaxon_2161996"]}],"project":[{"text":"GEOTRACES","tag":"attribute"}],"sample type":[{"text":"single cell","ontologyTerms":["http://www.ebi.ac.uk/efo/EFO_0009899"],"tag":"attribute"}],"sequencing center":[{"text":"Bigelow Laboratory Single Cell Genomics Center (SCGC)","tag":"attribute"}],"taxon id":[{"text":"198251","tag":"attribute"}],"title":[{"text":"Microbe sample from Pelagibacteraceae bacterium AG-426-I15"}]},"externalReferences":[{"url":"https://www.ebi.ac.uk/ena/data/view/SAMN08886460","duo":null}],"submittedVia":"JSON_API","create":"2018-04-06T15:44:17.530Z","_links":{"self":{"href":"https://www.ebi.ac.uk/biosamples/samples/SAMN08886460"},"curationDomain":{"href":"https://www.ebi.ac.uk/biosamples/samples/SAMN08886460{?curationdomain}","templated":true},"curationLinks":{"href":"https://www.ebi.ac.uk/biosamples/samples/SAMN08886460/curationlinks"},"curationLink":{"href":"https://www.ebi.ac.uk/biosamples/samples/SAMN08886460/curationlinks/{hash}","templated":true},"structuredData":{"href":"https://www.ebi.ac.uk/biosamples/structureddata/SAMN08886460"}}}