{"name":"SAMN05660686","accession":"SAMN05660686","domain":"self.BiosampleImportNCBI","taxId":1123362,"release":"2016-08-25T00:00:00Z","update":"2022-03-29T20:54:34.240Z","submitted":"2016-08-25T14:36:09.076Z","characteristics":{"External Id":[{"text":"SAMN05660686","tag":"Namespace:BioSample"},{"text":"Gp0102845","tag":"Namespace:DOE Joint Genome Institute"}],"INSDC center name":[{"text":"DOE Joint Genome Institute"}],"INSDC first public":[{"text":"2016-08-25T00:00:00Z"}],"INSDC last update":[{"text":"2019-06-20T17:41:36.189Z"}],"INSDC secondary accession":[{"text":"SRS1667849"}],"INSDC status":[{"text":"live"}],"NCBI submission model":[{"text":"MIGS.ba"}],"NCBI submission package":[{"text":"MIGS.ba.5.0"}],"SRA accession":[{"text":"SRS1667849"}],"description":[{"text":"Keywords: GSC:MIxS;MIGS:5.0"}],"geo loc name":[{"text":"South Korea:Busan, Gori-gun","tag":"attribute"}],"lat lon":[{"text":"35.1 N 129.01 E","tag":"attribute"}],"organism":[{"text":"Thalassobaculum litoreum DSM 18839","ontologyTerms":["http://purl.obolibrary.org/obo/NCBITaxon_1123362"]}],"strain":[{"text":"DSM 18839","tag":"attribute"}],"title":[{"text":"Thalassobaculum litoreum DSM 18839"}],"type material":[{"text":"type strain of Thalassobaculum litoreum","tag":"attribute"}]},"externalReferences":[{"url":"https://www.ebi.ac.uk/ena/data/view/SAMN05660686","duo":null}],"submittedVia":"JSON_API","create":"2016-08-25T14:36:09.076Z","_links":{"self":{"href":"https://www.ebi.ac.uk/biosamples/samples/SAMN05660686"},"curationDomain":{"href":"https://www.ebi.ac.uk/biosamples/samples/SAMN05660686{?curationdomain}","templated":true},"curationLinks":{"href":"https://www.ebi.ac.uk/biosamples/samples/SAMN05660686/curationlinks"},"curationLink":{"href":"https://www.ebi.ac.uk/biosamples/samples/SAMN05660686/curationlinks/{hash}","templated":true},"structuredData":{"href":"https://www.ebi.ac.uk/biosamples/structureddata/SAMN05660686"}}}