{"name":"Candidatus Pacearchaeota archaeon UBA92","accession":"SAMN06027603","domain":"self.BiosampleImportNCBI","taxId":1916007,"release":"2016-11-16T00:00:00Z","update":"2022-03-29T22:46:02.732Z","submitted":"2016-11-16T17:04:47.493Z","characteristics":{"External Id":[{"text":"SAMN06027603","tag":"Namespace:BioSample"}],"INSDC center name":[{"text":"University of Queensland"}],"INSDC first public":[{"text":"2016-11-16T00:00:00Z"}],"INSDC last update":[{"text":"2017-08-15T14:13:43.581Z"}],"INSDC secondary accession":[{"text":"SRS1809655"}],"INSDC status":[{"text":"live"}],"NCBI submission model":[{"text":"Microbe, viral or environmental"}],"NCBI submission package":[{"text":"Microbe.1.0"}],"SRA accession":[{"text":"SRS1809655"}],"assembly method":[{"text":"CLC de novo assembler","tag":"attribute"}],"assembly_method_version":[{"text":"4.4.1","tag":"attribute"}],"completeness_estimated":[{"text":"65.58%","tag":"attribute"}],"contamination_estimated":[{"text":"0.00%","tag":"attribute"}],"description":[{"text":"Uncultivated genome recovered from an assembly of the SRX667739 metagenome."}],"environmental sample":[{"text":"TRUE","tag":"attribute"}],"genome coverage":[{"text":"102.32","tag":"attribute"}],"geo loc name":[{"text":"USA: Crystal Geyser near Green River, Utah","tag":"attribute"}],"isolate":[{"text":"UBA92","tag":"attribute"}],"isolation-source":[{"text":"water","ontologyTerms":["http://purl.obolibrary.org/obo/CHEBI_15377"],"tag":"attribute"}],"mapping_method":[{"text":"BWA (BWA-MEM)","tag":"attribute"}],"mapping_method_version":[{"text":"0.7.12-r1039","tag":"attribute"}],"metagenome source":[{"text":"groundwater metagenome","tag":"attribute"}],"metagenomic":[{"text":"TRUE","tag":"attribute"}],"organism":[{"text":"Candidatus Pacearchaeota archaeon UBA92","ontologyTerms":["http://purl.obolibrary.org/obo/NCBITaxon_1916007"]}],"quality_assessment_method":[{"text":"CheckM","tag":"attribute"}],"quality_assessment_method_version":[{"text":"1.0.6","tag":"attribute"}],"sample type":[{"text":"metagenomic assembly","tag":"attribute"}],"subsrc_note":[{"text":"Genome binned from sequencing reads available in SRX667739","tag":"attribute"}],"title":[{"text":"Uncultivated Candidatus Pacearchaeota archaeon UBA92 genome recovered from SRX667739"}]},"externalReferences":[{"url":"https://www.ebi.ac.uk/ena/data/view/SAMN06027603","duo":null}],"submittedVia":"JSON_API","create":"2016-11-16T17:04:47.493Z","_links":{"self":{"href":"https://www.ebi.ac.uk/biosamples/samples/SAMN06027603"},"curationDomain":{"href":"https://www.ebi.ac.uk/biosamples/samples/SAMN06027603{?curationdomain}","templated":true},"curationLinks":{"href":"https://www.ebi.ac.uk/biosamples/samples/SAMN06027603/curationlinks"},"curationLink":{"href":"https://www.ebi.ac.uk/biosamples/samples/SAMN06027603/curationlinks/{hash}","templated":true},"structuredData":{"href":"https://www.ebi.ac.uk/biosamples/structureddata/SAMN06027603"}}}