{"name":"FeB_12","accession":"SAMN08364722","domain":"self.BiosampleImportNCBI","taxId":2072418,"release":"2018-04-10T00:00:00Z","update":"2022-03-30T12:36:36.986Z","submitted":"2018-01-15T04:03:05.723Z","characteristics":{"External Id":[{"text":"SAMN08364722","tag":"Namespace:BioSample"}],"INSDC center name":[{"text":"University of Queensland"}],"INSDC first public":[{"text":"2018-04-10T00:00:00Z"}],"INSDC last update":[{"text":"2021-02-28T05:23:15.792Z"}],"INSDC status":[{"text":"live"}],"NCBI submission model":[{"text":"Microbe, viral or environmental"}],"NCBI submission package":[{"text":"Microbe.1.0"}],"collection date":[{"text":"2015-09-07","tag":"attribute"}],"environmental sample":[{"text":"TRUE","tag":"attribute"}],"geo loc name":[{"text":"Australia: Brisbane","tag":"attribute"}],"isolate":[{"text":"FeB_12","tag":"attribute"}],"isolation source":[{"text":"Bioreactor performing anaerobic oxidation of methane coupled to iron reduction","tag":"attribute"}],"lat lon":[{"text":"27.500186 S 153.013529 E","tag":"attribute"}],"metagenome source":[{"text":"bioreactor metagenome","tag":"attribute"}],"metagenomic":[{"text":"TRUE","tag":"attribute"}],"note":[{"text":"This BioSample is a metagenomic assembly obtained from the bioreactor metagenome BioSample: SAMN06544930","tag":"attribute"}],"organism":[{"text":"candidate division GN15 bacterium","ontologyTerms":["http://purl.obolibrary.org/obo/NCBITaxon_2072418"]}],"sample type":[{"text":"metagenomic assembly","tag":"attribute"}],"title":[{"text":"MAG candidate division Zixibacteria bacterium from AOM-Fe bioreactor"}]},"submittedVia":"JSON_API","create":"2018-01-15T04:03:05.723Z","_links":{"self":{"href":"https://www.ebi.ac.uk/biosamples/samples/SAMN08364722"},"curationDomain":{"href":"https://www.ebi.ac.uk/biosamples/samples/SAMN08364722{?curationdomain}","templated":true},"curationLinks":{"href":"https://www.ebi.ac.uk/biosamples/samples/SAMN08364722/curationlinks"},"curationLink":{"href":"https://www.ebi.ac.uk/biosamples/samples/SAMN08364722/curationlinks/{hash}","templated":true},"structuredData":{"href":"https://www.ebi.ac.uk/biosamples/structureddata/SAMN08364722"}}}