{"name":"WRN-7","accession":"SAMN04419354","domain":"self.BiosampleImportNCBI","taxId":1781069,"release":"2016-01-20T00:00:00Z","update":"2022-03-29T15:40:44.745Z","submitted":"2016-01-17T23:01:03Z","characteristics":{"External Id":[{"text":"SAMN04419354","tag":"Namespace:BioSample"}],"INSDC center name":[{"text":"Chinese Academy of Agricultural Sciences"}],"INSDC first public":[{"text":"2016-01-20T00:00:00Z"}],"INSDC last update":[{"text":"2021-02-28T03:05:30.690Z"}],"INSDC status":[{"text":"live"}],"NCBI submission model":[{"text":"Microbe, viral or environmental"}],"NCBI submission package":[{"text":"Microbe.1.0"}],"biomaterial provider":[{"text":"Guishan Zhang","tag":"attribute"}],"collected by":[{"text":"Guishan Zhang","tag":"attribute"}],"collection date":[{"text":"2014-07","tag":"attribute"}],"env biome":[{"text":"saline-alkaline soil","tag":"attribute"}],"geo loc name":[{"text":"China: Tian Jin City","tag":"attribute"}],"host_tissue_sampled":[{"text":"saline-alkaline soil","tag":"attribute"}],"identified by":[{"text":"Guishan Zhang","tag":"attribute"}],"isolation source":[{"text":"saline-alkaline soil","tag":"attribute"}],"organism":[{"text":"Halothiobacillus sp. WRN-7","ontologyTerms":["http://purl.obolibrary.org/obo/NCBITaxon_1781069"]}],"samp_size":[{"text":"100 gram","tag":"attribute"}],"sample type":[{"text":"saline-alkaline soil","tag":"attribute"}],"strain":[{"text":"WRN-7","tag":"attribute"}],"temp":[{"text":"35 centigrade","tag":"attribute"}],"title":[{"text":"Microbe sample from Halothiobacillus sp. WRN-7"}]},"submittedVia":"JSON_API","create":"2016-01-17T23:01:03Z","_links":{"self":{"href":"https://www.ebi.ac.uk/biosamples/samples/SAMN04419354"},"curationDomain":{"href":"https://www.ebi.ac.uk/biosamples/samples/SAMN04419354{?curationdomain}","templated":true},"curationLinks":{"href":"https://www.ebi.ac.uk/biosamples/samples/SAMN04419354/curationlinks"},"curationLink":{"href":"https://www.ebi.ac.uk/biosamples/samples/SAMN04419354/curationlinks/{hash}","templated":true},"structuredData":{"href":"https://www.ebi.ac.uk/biosamples/structureddata/SAMN04419354"}}}