{"name":"Chloracidobacterium sp. UBA7656","accession":"SAMN06457257","domain":"self.BiosampleImportNCBI","taxId":1946321,"release":"2017-02-27T00:00:00Z","update":"2022-03-30T01:31:40.193Z","submitted":"2017-02-27T14:01:37.536Z","characteristics":{"External Id":[{"text":"SAMN06457257","tag":"Namespace:BioSample"}],"INSDC center name":[{"text":"University of Queensland"}],"INSDC first public":[{"text":"2017-02-27T00:00:00Z"}],"INSDC secondary accession":[{"text":"SRS2032646"}],"INSDC status":[{"text":"live"}],"NCBI submission model":[{"text":"Microbe, viral or environmental"}],"SRA accession":[{"text":"SRS2032646"}],"assembly method":[{"text":"CLC de novo assembler","tag":"attribute"}],"assembly_method_version":[{"text":"4.4.1","tag":"attribute"}],"completeness_estimated":[{"text":"96.58%","tag":"attribute"}],"contamination_estimated":[{"text":"5.98%","tag":"attribute"}],"environmental sample":[{"text":"true","tag":"attribute"}],"genome coverage":[{"text":"56.43","tag":"attribute"}],"isolate":[{"text":"UBA7656","tag":"attribute"}],"isolation-source":[{"text":"sand filter of a drinking water treatment system","tag":"attribute"}],"mapping_method":[{"text":"BWA (BWA-MEM)","tag":"attribute"}],"mapping_method_version":[{"text":"0.7.12-r1039","tag":"attribute"}],"metagenome source":[{"text":"biofilm metagenome","tag":"attribute"}],"metagenomic":[{"text":"true","tag":"attribute"}],"quality_assessment_method":[{"text":"CheckM","tag":"attribute"}],"quality_assessment_method_version":[{"text":"1.0.6","tag":"attribute"}],"sample type":[{"text":"metagenomic assembly","tag":"attribute"}],"subsrc_note":[{"text":"Genome binned from sequencing reads available in SRX242881 metagenome","tag":"attribute"}],"title":[{"text":"Uncultivated Chloracidobacterium sp. UBA7656 genome recovered from SRX242881"}],"value":[{"text":"This BioSample is a metagenomic assembly obtained from the biofilm metagenome reads: SRR747868.","tag":"attribute"}]},"externalReferences":[{"url":"https://www.ebi.ac.uk/ena/data/view/SAMN06457257","duo":null}],"submittedVia":"JSON_API","create":"2017-02-27T14:01:37.536Z","_links":{"self":{"href":"https://www.ebi.ac.uk/biosamples/samples/SAMN06457257"},"curationDomain":{"href":"https://www.ebi.ac.uk/biosamples/samples/SAMN06457257{?curationdomain}","templated":true},"curationLinks":{"href":"https://www.ebi.ac.uk/biosamples/samples/SAMN06457257/curationlinks"},"curationLink":{"href":"https://www.ebi.ac.uk/biosamples/samples/SAMN06457257/curationlinks/{hash}","templated":true},"structuredData":{"href":"https://www.ebi.ac.uk/biosamples/structureddata/SAMN06457257"}}}