{"name":"Microbe sample from Candidatus Omnitrophica 4484_213","accession":"SAMN06560474","domain":"self.BiosampleImportNCBI","taxId":1968528,"release":"2017-03-10T00:00:00Z","update":"2022-03-30T02:11:35.634Z","submitted":"2017-03-10T10:30:04.060Z","characteristics":{"External Id":[{"text":"SAMN06560474","tag":"Namespace:BioSample"}],"INSDC center name":[{"text":"The University of Texas at Austin"}],"INSDC first public":[{"text":"2017-03-10T00:00:00Z"}],"INSDC last update":[{"text":"2021-02-28T04:07:46.331Z"}],"INSDC status":[{"text":"live"}],"NCBI submission model":[{"text":"Microbe, viral or environmental"}],"NCBI submission package":[{"text":"Microbe.1.0"}],"collection date":[{"text":"2008-12","tag":"attribute"}],"environmental sample":[{"text":"TRUE","tag":"attribute"}],"geo loc name":[{"text":"USA: Guaymas Basin, Gulf of California","tag":"attribute"}],"isolate":[{"text":"4484_213","tag":"attribute"}],"isolation source":[{"text":"deep-sea hydrothermal vent sediments from dive 4484","tag":"attribute"}],"lat lon":[{"text":"27.0388 N 111.24560 W","tag":"attribute"}],"metagenome source":[{"text":"marine sediment metagenome","tag":"attribute"}],"metagenomic":[{"text":"TRUE","tag":"attribute"}],"note":[{"text":"This biosample is a metagenomic assembly obtained from two marine sediment metagenomes BioSample: SAMN06251742 and SAMN06251743.","tag":"attribute"}],"organism":[{"text":"Candidatus Omnitrophica bacterium 4484_213","ontologyTerms":["http://purl.obolibrary.org/obo/NCBITaxon_1968528"]}],"sample type":[{"text":"metagenomic assembly","tag":"attribute"}],"title":[{"text":"Microbe sample from Candidatus Omnitrophica 4484_213"}]},"submittedVia":"JSON_API","create":"2017-03-10T10:30:04.060Z","_links":{"self":{"href":"https://www.ebi.ac.uk/biosamples/samples/SAMN06560474"},"curationDomain":{"href":"https://www.ebi.ac.uk/biosamples/samples/SAMN06560474{?curationdomain}","templated":true},"curationLinks":{"href":"https://www.ebi.ac.uk/biosamples/samples/SAMN06560474/curationlinks"},"curationLink":{"href":"https://www.ebi.ac.uk/biosamples/samples/SAMN06560474/curationlinks/{hash}","templated":true},"structuredData":{"href":"https://www.ebi.ac.uk/biosamples/structureddata/SAMN06560474"}}}