{"name":"bacterium UBP8_UBA6595","accession":"SAMN06451400","domain":"self.BiosampleImportNCBI","taxId":1953442,"release":"2017-02-27T00:00:00Z","update":"2022-03-30T01:29:13.089Z","submitted":"2017-02-27T11:07:33.756Z","characteristics":{"External Id":[{"text":"SAMN06451400","tag":"Namespace:BioSample"}],"INSDC center name":[{"text":"University of Queensland"}],"INSDC first public":[{"text":"2017-02-27T00:00:00Z"}],"INSDC last update":[{"text":"2017-08-15T13:15:26.829Z"}],"INSDC secondary accession":[{"text":"SRS2030762"}],"INSDC status":[{"text":"live"}],"NCBI submission model":[{"text":"Microbe, viral or environmental"}],"NCBI submission package":[{"text":"Microbe.1.0"}],"SRA accession":[{"text":"SRS2030762"}],"assembly method":[{"text":"CLC de novo assembler","tag":"attribute"}],"assembly_method_version":[{"text":"4.4.1","tag":"attribute"}],"completeness_estimated":[{"text":"84.63%","tag":"attribute"}],"contamination_estimated":[{"text":"1.71%","tag":"attribute"}],"description":[{"text":"Uncultivated genome recovered from an assembly of the ERX552270 metagenome."}],"environmental sample":[{"text":"true","tag":"attribute"}],"genome coverage":[{"text":"26.34","tag":"attribute"}],"isolate":[{"text":"UBA6595","tag":"attribute"}],"isolation-source":[{"text":"saline water (ENVO:00002010), including plankton (ENVO:xxxxxxxx)","tag":"attribute"}],"mapping_method":[{"text":"BWA (BWA-MEM)","tag":"attribute"}],"mapping_method_version":[{"text":"0.7.12-r1039","tag":"attribute"}],"metagenome source":[{"text":"marine metagenome","tag":"attribute"}],"metagenomic":[{"text":"true","tag":"attribute"}],"organism":[{"text":"bacterium UBP8_UBA6595","ontologyTerms":["http://purl.obolibrary.org/obo/NCBITaxon_1953442"]}],"quality_assessment_method":[{"text":"CheckM","tag":"attribute"}],"quality_assessment_method_version":[{"text":"1.0.6","tag":"attribute"}],"sample type":[{"text":"metagenomic assembly","tag":"attribute"}],"subsrc_note":[{"text":"Genome binned from sequencing reads available in ERX552270 metagenome","tag":"attribute"}],"title":[{"text":"Uncultivated bacterium UBP8_UBA6595 genome recovered from ERX552270"}],"value":[{"text":"This BioSample is a metagenomic assembly obtained from the marine metagenome reads: ERR594313.","tag":"attribute"}]},"externalReferences":[{"url":"https://www.ebi.ac.uk/ena/data/view/SAMN06451400","duo":null}],"submittedVia":"JSON_API","create":"2017-02-27T11:07:33.756Z","_links":{"self":{"href":"https://www.ebi.ac.uk/biosamples/samples/SAMN06451400"},"curationDomain":{"href":"https://www.ebi.ac.uk/biosamples/samples/SAMN06451400{?curationdomain}","templated":true},"curationLinks":{"href":"https://www.ebi.ac.uk/biosamples/samples/SAMN06451400/curationlinks"},"curationLink":{"href":"https://www.ebi.ac.uk/biosamples/samples/SAMN06451400/curationlinks/{hash}","templated":true},"structuredData":{"href":"https://www.ebi.ac.uk/biosamples/structureddata/SAMN06451400"}}}