{"name":"RBG_16_Eisenbacteria_71_46_curated","accession":"SAMN04313721","domain":"self.BiosampleImportNCBI","taxId":1817856,"release":"2016-03-21T00:00:00Z","update":"2022-03-29T15:09:26.012Z","submitted":"2015-12-03T12:24:32Z","characteristics":{"External Id":[{"text":"SAMN04313721","tag":"Namespace:BioSample"}],"INSDC center name":[{"text":"Banfield Lab, University of California, Berkeley"}],"INSDC first public":[{"text":"2016-03-21T00:00:00Z"}],"INSDC last update":[{"text":"2021-02-28T03:00:11.094Z"}],"INSDC status":[{"text":"live"}],"NCBI submission model":[{"text":"Metagenome or environmental"}],"NCBI submission package":[{"text":"Metagenome.environmental.1.0"}],"collection date":[{"text":"2007-07-07","tag":"attribute"}],"environmental sample":[{"text":"true","tag":"attribute"}],"geo loc name":[{"text":"USA: Rifle, CO","tag":"attribute"}],"isolation source":[{"text":"Rifle background sediment; well D04 at 16ft depth","tag":"attribute"}],"lat lon":[{"text":"39.5369 N 107.7828 W","tag":"attribute"}],"metagenome source":[{"text":"subsurface metagenome","tag":"attribute"}],"metagenomic":[{"text":"true","tag":"attribute"}],"note":[{"text":"This biosample is a genome obtained from the metagenome sample SAMN03842428","tag":"attribute"}],"organism":[{"text":"Candidatus Eisenbacteria bacterium RBG_16_71_46","ontologyTerms":["http://purl.obolibrary.org/obo/NCBITaxon_1817856"]}],"title":[{"text":"Metagenome or environmental sample from Candidatus Eisenbacteria bacterium RBG_16_71_46"}]},"submittedVia":"JSON_API","create":"2015-12-03T12:24:32Z","_links":{"self":{"href":"https://www.ebi.ac.uk/biosamples/samples/SAMN04313721"},"curationDomain":{"href":"https://www.ebi.ac.uk/biosamples/samples/SAMN04313721{?curationdomain}","templated":true},"curationLinks":{"href":"https://www.ebi.ac.uk/biosamples/samples/SAMN04313721/curationlinks"},"curationLink":{"href":"https://www.ebi.ac.uk/biosamples/samples/SAMN04313721/curationlinks/{hash}","templated":true},"structuredData":{"href":"https://www.ebi.ac.uk/biosamples/structureddata/SAMN04313721"}}}