{"name":"SAMN05660826","accession":"SAMN05660826","domain":"self.BiosampleImportNCBI","taxId":1121258,"release":"2016-08-25T00:00:00Z","update":"2022-03-29T20:54:36.835Z","submitted":"2016-08-25T14:41:34.550Z","characteristics":{"External Id":[{"text":"SAMN05660826","tag":"Namespace:BioSample"},{"text":"Gp0102844","tag":"Namespace:DOE Joint Genome Institute"}],"INSDC center name":[{"text":"DOE Joint Genome Institute"}],"INSDC first public":[{"text":"2016-08-25T00:00:00Z"}],"INSDC last update":[{"text":"2019-06-20T17:41:37.355Z"}],"INSDC secondary accession":[{"text":"SRS1667875"}],"INSDC status":[{"text":"live"}],"NCBI submission model":[{"text":"MIGS.ba"}],"NCBI submission package":[{"text":"MIGS.ba.5.0"}],"SRA accession":[{"text":"SRS1667875"}],"description":[{"text":"Keywords: GSC:MIxS;MIGS:5.0"}],"geo loc name":[{"text":"USA:Trego hot spring, Black Rock Desert, Nevada","tag":"attribute"}],"lat lon":[{"text":"40.661889 N 119.352837 W","tag":"attribute"}],"organism":[{"text":"Caldanaerovirga acetigignens DSM 18802","ontologyTerms":["http://purl.obolibrary.org/obo/NCBITaxon_1121258"]}],"strain":[{"text":"DSM 18802","tag":"attribute"}],"title":[{"text":"Caldanaerovirga acetigignens DSM 18802"}],"type material":[{"text":"type strain of Caldanaerovirga acetigignens","tag":"attribute"}]},"externalReferences":[{"url":"https://www.ebi.ac.uk/ena/data/view/SAMN05660826","duo":null}],"submittedVia":"JSON_API","create":"2016-08-25T14:41:34.550Z","_links":{"self":{"href":"https://www.ebi.ac.uk/biosamples/samples/SAMN05660826"},"curationDomain":{"href":"https://www.ebi.ac.uk/biosamples/samples/SAMN05660826{?curationdomain}","templated":true},"curationLinks":{"href":"https://www.ebi.ac.uk/biosamples/samples/SAMN05660826/curationlinks"},"curationLink":{"href":"https://www.ebi.ac.uk/biosamples/samples/SAMN05660826/curationlinks/{hash}","templated":true},"structuredData":{"href":"https://www.ebi.ac.uk/biosamples/structureddata/SAMN05660826"}}}