{"name":"Gammaproteobacteria bacterium TMED69","accession":"SAMN06971923","domain":"self.BiosampleImportNCBI","taxId":1986766,"release":"2017-05-12T00:00:00Z","update":"2022-03-30T04:55:51.952Z","submitted":"2017-05-12T20:08:11.126Z","characteristics":{"External Id":[{"text":"SAMN06971923","tag":"Namespace:BioSample"}],"INSDC center name":[{"text":"University of Southern California"}],"INSDC first public":[{"text":"2017-05-12T00:00:00Z"}],"INSDC last update":[{"text":"2017-07-12T21:01:58.867Z"}],"INSDC status":[{"text":"live"}],"NCBI submission model":[{"text":"Microbe, viral or environmental"}],"NCBI submission package":[{"text":"Microbe.1.0"}],"collected by":[{"text":"Tara Oceans Consortium","tag":"attribute"}],"collection date":[{"text":"2009","tag":"attribute"}],"depth":[{"text":"5-72m","tag":"attribute"}],"env biome":[{"text":"marine photic zone","tag":"attribute"}],"environmental sample":[{"text":"TRUE","tag":"attribute"}],"geo loc name":[{"text":"Mediterranean Sea","tag":"attribute"}],"isolate":[{"text":"TMED69","tag":"attribute"}],"isolation source":[{"text":"seawater","tag":"attribute"}],"metagenome source":[{"text":"marine metagenome","tag":"attribute"}],"metagenomic":[{"text":"TRUE","tag":"attribute"}],"note":[{"text":"This BioSample is a metagenomic assembly obtained from the publically available reads for the TARA Oceans Project deposited in the Sequence Read Archive (SRA) database with accessions ERS488346, ERS488330, ERS477998, ERS477979, ERS488509, ERS488486, ERS478040, ERS477953, ERS477931, ERS488147, ERS488119, and ERS478017.","tag":"attribute"}],"organism":[{"text":"Methylococcaceae bacterium TMED69","ontologyTerms":["http://purl.obolibrary.org/obo/NCBITaxon_1986766"]}],"sample type":[{"text":"metagenomic assembly","tag":"attribute"}],"title":[{"text":"290 Metagenome-assembled Genomes from the Mediterranean Sea"}]},"submittedVia":"JSON_API","create":"2017-05-12T20:08:11.126Z","_links":{"self":{"href":"https://www.ebi.ac.uk/biosamples/samples/SAMN06971923"},"curationDomain":{"href":"https://www.ebi.ac.uk/biosamples/samples/SAMN06971923{?curationdomain}","templated":true},"curationLinks":{"href":"https://www.ebi.ac.uk/biosamples/samples/SAMN06971923/curationlinks"},"curationLink":{"href":"https://www.ebi.ac.uk/biosamples/samples/SAMN06971923/curationlinks/{hash}","templated":true},"structuredData":{"href":"https://www.ebi.ac.uk/biosamples/structureddata/SAMN06971923"}}}