{"name":"CP000239","accession":"SAMN02604048","domain":"self.BiosampleImportNCBI","taxId":321327,"release":"2014-01-30T00:00:00Z","update":"2022-03-29T03:42:01.583Z","submitted":"2014-01-30T14:54:18.683Z","characteristics":{"External Id":[{"text":"SAMN02604048","tag":"Namespace:BioSample"}],"INSDC center name":[{"text":"NCBI"}],"INSDC first public":[{"text":"2014-01-30T00:00:00Z"}],"INSDC last update":[{"text":"2021-02-28T02:16:17.399Z"}],"INSDC status":[{"text":"live"}],"NCBI submission model":[{"text":"Generic"}],"NCBI submission package":[{"text":"Generic.1.0"}],"collection-date":[{"text":"2002-07","tag":"attribute"}],"country":[{"text":"USA: Wyoming","tag":"attribute"}],"genotype":[{"text":"A-NACy05a","tag":"attribute"}],"isolation-source":[{"text":"top 2mm of microbial mat from collected 51-61 deg C temperature site in the Octopus Spring effluent channel, Yellowstone National Park","tag":"attribute"}],"organism":[{"text":"Synechococcus sp. JA-3-3Ab","ontologyTerms":["http://purl.obolibrary.org/obo/NCBITaxon_321327"]}],"strain":[{"text":"JA-3-3Ab","tag":"attribute"}],"title":[{"text":"Sample from Synechococcus sp. JA-3-3Ab"}]},"submittedVia":"JSON_API","create":"2014-01-30T14:54:18.683Z","_links":{"self":{"href":"https://www.ebi.ac.uk/biosamples/samples/SAMN02604048"},"curationDomain":{"href":"https://www.ebi.ac.uk/biosamples/samples/SAMN02604048{?curationdomain}","templated":true},"curationLinks":{"href":"https://www.ebi.ac.uk/biosamples/samples/SAMN02604048/curationlinks"},"curationLink":{"href":"https://www.ebi.ac.uk/biosamples/samples/SAMN02604048/curationlinks/{hash}","templated":true},"structuredData":{"href":"https://www.ebi.ac.uk/biosamples/structureddata/SAMN02604048"}}}