{"name":"GWA2_OD1_rel_38_13","accession":"SAMN03319405","domain":"self.BiosampleImportNCBI","taxId":1618780,"release":"2015-02-25T00:00:00Z","update":"2022-03-29T08:10:54.793Z","submitted":"2015-01-29T23:26:51.373Z","characteristics":{"External Id":[{"text":"SAMN03319405","tag":"Namespace:BioSample"}],"INSDC center name":[{"text":"Banfield Lab, University of California, Berkeley"}],"INSDC first public":[{"text":"2015-02-25T00:00:00Z"}],"INSDC last update":[{"text":"2021-02-28T02:34:39.283Z"}],"INSDC status":[{"text":"live"}],"NCBI submission model":[{"text":"Metagenome or environmental"}],"NCBI submission package":[{"text":"Metagenome.environmental.1.0"}],"collection date":[{"text":"2011-06","tag":"attribute"}],"environmental sample":[{"text":"TRUE","tag":"attribute"}],"geo loc name":[{"text":"USA: Rifle, CO","tag":"attribute"}],"isolate":[{"text":"GW2011_GWA2_38_13b","tag":"attribute"}],"isolation source":[{"text":"aquifer sediment","tag":"attribute"}],"lat lon":[{"text":"39.5369 N 107.7828 W","tag":"attribute"}],"metagenome source":[{"text":"groundwater metagenome","tag":"attribute"}],"metagenomic":[{"text":"TRUE","tag":"attribute"}],"note":[{"text":"This biosample is a metagenomic assembly obtained from the groundwater metagenome sample SAMN03202995","tag":"attribute"}],"organism":[{"text":"Parcubacteria group bacterium GW2011_GWA2_38_13b","ontologyTerms":["http://purl.obolibrary.org/obo/NCBITaxon_1618780"]}],"title":[{"text":"Metagenome or environmental sample from Parcubacteria group bacterium GW2011_GWA2_38_13b"}]},"submittedVia":"JSON_API","create":"2015-01-29T23:26:51.373Z","_links":{"self":{"href":"https://www.ebi.ac.uk/biosamples/samples/SAMN03319405"},"curationDomain":{"href":"https://www.ebi.ac.uk/biosamples/samples/SAMN03319405{?curationdomain}","templated":true},"curationLinks":{"href":"https://www.ebi.ac.uk/biosamples/samples/SAMN03319405/curationlinks"},"curationLink":{"href":"https://www.ebi.ac.uk/biosamples/samples/SAMN03319405/curationlinks/{hash}","templated":true},"structuredData":{"href":"https://www.ebi.ac.uk/biosamples/structureddata/SAMN03319405"}}}