{"name":"UBA9854","accession":"SAMN08017640","domain":"self.BiosampleImportNCBI","taxId":2026724,"release":"2017-11-13T00:00:00Z","update":"2022-03-30T10:41:30.199Z","submitted":"2017-11-13T20:19:11.053Z","characteristics":{"External Id":[{"text":"SAMN08017640","tag":"Namespace:BioSample"}],"INSDC center name":[{"text":"University of Queensland"}],"INSDC first public":[{"text":"2017-11-13T00:00:00Z"}],"INSDC secondary accession":[{"text":"SRS2843439"}],"INSDC status":[{"text":"live"}],"NCBI submission model":[{"text":"Microbe, viral or environmental"}],"SRA accession":[{"text":"SRS2843439"}],"assembly method":[{"text":"CLC de novo assembler","tag":"attribute"}],"assembly_method_version":[{"text":"4.4.1","tag":"attribute"}],"completeness_estimated":[{"text":"91.52%","tag":"attribute"}],"contamination_estimated":[{"text":"2.91%","tag":"attribute"}],"environmental sample":[{"text":"true","tag":"attribute"}],"genome coverage":[{"text":"202.57x","tag":"attribute"}],"isolate":[{"text":"UBA9854","tag":"attribute"}],"isolation source":[{"text":"anaerobic digester","tag":"attribute"}],"mapping_method":[{"text":"BWA (BWA-MEM)","tag":"attribute"}],"mapping_method_version":[{"text":"0.7.12-r1039","tag":"attribute"}],"metagenome source":[{"text":"anaerobic digester metagenome","tag":"attribute"}],"metagenomic":[{"text":"true","tag":"attribute"}],"note":[{"text":"anaerobic digester metagenome","tag":"attribute"}],"organism":[{"text":"Chloroflexi bacterium","ontologyTerms":["http://purl.obolibrary.org/obo/NCBITaxon_2026724"]}],"quality_assessment_method":[{"text":"CheckM","tag":"attribute"}],"quality_assessment_method_version":[{"text":"1.0.6","tag":"attribute"}],"sample type":[{"text":"metagenomic assembly","tag":"attribute"}],"title":[{"text":"Uncultivated Chloroflexi bacterium UBA9854 genome recovered from ERX1109759"}],"value":[{"text":"This BioSample is a metagenomic assembly obtained from the anaerobic digester metagenome reads: ERR1030961.","tag":"attribute"}]},"externalReferences":[{"url":"https://www.ebi.ac.uk/ena/data/view/SAMN08017640","duo":null}],"submittedVia":"JSON_API","create":"2017-11-13T20:19:11.053Z","_links":{"self":{"href":"https://www.ebi.ac.uk/biosamples/samples/SAMN08017640"},"curationDomain":{"href":"https://www.ebi.ac.uk/biosamples/samples/SAMN08017640{?curationdomain}","templated":true},"curationLinks":{"href":"https://www.ebi.ac.uk/biosamples/samples/SAMN08017640/curationlinks"},"curationLink":{"href":"https://www.ebi.ac.uk/biosamples/samples/SAMN08017640/curationlinks/{hash}","templated":true},"structuredData":{"href":"https://www.ebi.ac.uk/biosamples/structureddata/SAMN08017640"}}}