{"name":"CP003591","accession":"SAMN02261348","domain":"self.BiosampleImportNCBI","taxId":1173025,"release":"2013-07-19T15:21:43.020Z","update":"2022-03-29T01:50:47.624Z","submitted":"2013-07-19T14:58:25.720Z","characteristics":{"External Id":[{"text":"SAMN02261348","tag":"Namespace:BioSample"}],"GOLD Stamp ID":[{"text":"Gi05618","tag":"attribute"}],"Gram Staining":[{"text":"Gram-","tag":"attribute"}],"INSDC center name":[{"text":"Joint Genome Institute"}],"INSDC first public":[{"text":"2013-07-19T15:21:43.020Z"}],"INSDC last update":[{"text":"2015-02-10T11:03:55.787Z"}],"INSDC status":[{"text":"live"}],"NCBI submission model":[{"text":"MIGS.ba"}],"NCBI submission package":[{"text":"MIGS.ba.5.0"}],"biome":[{"text":"not provided; submitted under MIGS 2.1","tag":"attribute"}],"biotic relationship":[{"text":"free living","tag":"attribute"}],"description":[{"text":"Keywords: GSC:MIxS;MIGS:5.0"}],"feature":[{"text":"not provided; submitted under MIGS 2.1","tag":"attribute"}],"investigation type":[{"text":"bacteria_archaea","tag":"attribute"}],"material":[{"text":"not provided; submitted under MIGS 2.1","tag":"attribute"}],"motility":[{"text":"Motile","tag":"attribute"}],"num_replicons":[{"text":"1","tag":"attribute"}],"organism":[{"text":"Geitlerinema sp. PCC 7407","ontologyTerms":["http://purl.obolibrary.org/obo/NCBITaxon_1173025"]}],"project name":[{"text":"Geitlerinema sp. PCC 7407","tag":"attribute"}],"ref_biomaterial":[{"text":"PCC 7407","ontologyTerms":["http://purl.obolibrary.org/obo/NCBITaxon_1148"],"tag":"attribute"}],"strain":[{"text":"PCC 7407","ontologyTerms":["http://purl.obolibrary.org/obo/NCBITaxon_1148"],"tag":"attribute"}],"temperature range":[{"text":"Mesophile","tag":"attribute"}],"title":[{"text":"MIGS Cultured Bacterial/Archaeal sample from Geitlerinema sp. PCC 7407"}],"trophic_level":[{"text":"chemoheterotroph","tag":"attribute"}]},"submittedVia":"JSON_API","create":"2013-07-19T14:58:25.720Z","_links":{"self":{"href":"https://www.ebi.ac.uk/biosamples/samples/SAMN02261348"},"curationDomain":{"href":"https://www.ebi.ac.uk/biosamples/samples/SAMN02261348{?curationdomain}","templated":true},"curationLinks":{"href":"https://www.ebi.ac.uk/biosamples/samples/SAMN02261348/curationlinks"},"curationLink":{"href":"https://www.ebi.ac.uk/biosamples/samples/SAMN02261348/curationlinks/{hash}","templated":true},"structuredData":{"href":"https://www.ebi.ac.uk/biosamples/structureddata/SAMN02261348"}}}