{"name":"1036737","accession":"SAMN02745138","domain":"self.BiosampleImportNCBI","taxId":1121323,"release":"2014-10-10T00:00:00Z","update":"2022-03-29T04:26:49.890Z","submitted":"2014-05-05T22:34:28.313Z","characteristics":{"External Id":[{"text":"SAMN02745138","tag":"Namespace:BioSample"}],"INSDC center name":[{"text":"DOE Joint Genome Institute"}],"INSDC first public":[{"text":"2014-10-10T00:00:00Z"}],"INSDC last update":[{"text":"2019-06-20T16:57:12.436Z"}],"INSDC secondary accession":[{"text":"SRS1657403"}],"INSDC status":[{"text":"live"}],"NCBI submission model":[{"text":"MIGS.ba"}],"NCBI submission package":[{"text":"MIGS.ba.5.0"}],"SRA accession":[{"text":"SRS1657403"}],"description":[{"text":"Keywords: GSC:MIxS;MIGS:5.0"}],"geo loc name":[{"text":"Netherlands:Leusden","tag":"attribute"}],"investigation type":[{"text":"bacteria_archaea","tag":"attribute"}],"organism":[{"text":"Anaerotignum lactatifermentans DSM 14214","ontologyTerms":["http://purl.obolibrary.org/obo/NCBITaxon_1121323"]}],"project name":[{"text":"Clostridium lactatifermentans DSM 14214","tag":"attribute"}],"strain":[{"text":"DSM 14214","tag":"attribute"}],"title":[{"text":"Clostridium lactatifermentans DSM 14214"}],"type material":[{"text":"type strain of Anaerotignum lactatifermentans","tag":"attribute"}]},"externalReferences":[{"url":"https://www.ebi.ac.uk/ena/data/view/SAMN02745138","duo":null}],"submittedVia":"JSON_API","create":"2014-05-05T22:34:28.313Z","_links":{"self":{"href":"https://www.ebi.ac.uk/biosamples/samples/SAMN02745138"},"curationDomain":{"href":"https://www.ebi.ac.uk/biosamples/samples/SAMN02745138{?curationdomain}","templated":true},"curationLinks":{"href":"https://www.ebi.ac.uk/biosamples/samples/SAMN02745138/curationlinks"},"curationLink":{"href":"https://www.ebi.ac.uk/biosamples/samples/SAMN02745138/curationlinks/{hash}","templated":true},"structuredData":{"href":"https://www.ebi.ac.uk/biosamples/structureddata/SAMN02745138"}}}