{"name":"Che_1","accession":"SAMN03145057","domain":"self.BiosampleImportNCBI","taxId":505317,"release":"2014-10-28T00:00:00Z","update":"2022-03-29T07:23:55.323Z","submitted":"2014-10-28T05:09:09.686Z","characteristics":{"External Id":[{"text":"SAMN03145057","tag":"Namespace:BioSample"}],"INSDC center name":[{"text":"University of Copenhagen"}],"INSDC first public":[{"text":"2014-10-28T00:00:00Z"}],"INSDC last update":[{"text":"2019-06-20T17:07:54.942Z"}],"INSDC status":[{"text":"live"}],"NCBI submission model":[{"text":"Microbe, viral or environmental"}],"NCBI submission package":[{"text":"Microbe.1.0"}],"collection date":[{"text":"2007","tag":"attribute"}],"geo loc name":[{"text":"Austria","tag":"attribute"}],"host":[{"text":"Tortoise","tag":"attribute"}],"isolation source":[{"text":"choanae","tag":"attribute"}],"organism":[{"text":"Chelonobacter oris","ontologyTerms":["http://purl.obolibrary.org/obo/NCBITaxon_505317"]}],"strain":[{"text":"1662","tag":"attribute"}],"title":[{"text":"Chelonobacter oris 1662 T"}],"type material":[{"text":"type strain of Chelonobacter oris","tag":"attribute"}]},"submittedVia":"JSON_API","create":"2014-10-28T05:09:09.686Z","_links":{"self":{"href":"https://www.ebi.ac.uk/biosamples/samples/SAMN03145057"},"curationDomain":{"href":"https://www.ebi.ac.uk/biosamples/samples/SAMN03145057{?curationdomain}","templated":true},"curationLinks":{"href":"https://www.ebi.ac.uk/biosamples/samples/SAMN03145057/curationlinks"},"curationLink":{"href":"https://www.ebi.ac.uk/biosamples/samples/SAMN03145057/curationlinks/{hash}","templated":true},"structuredData":{"href":"https://www.ebi.ac.uk/biosamples/structureddata/SAMN03145057"}}}