{"name":"CG1_02_FULL_Desantisbacteria_38_46_curated","accession":"SAMN04328222","domain":"self.BiosampleImportNCBI","taxId":1817893,"release":"2016-03-21T00:00:00Z","update":"2022-03-29T15:13:31.164Z","submitted":"2015-12-09T20:17:10Z","characteristics":{"External Id":[{"text":"SAMN04328222","tag":"Namespace:BioSample"}],"INSDC center name":[{"text":"Banfield Lab, University of California, Berkeley"}],"INSDC first public":[{"text":"2016-03-21T00:00:00Z"}],"INSDC last update":[{"text":"2021-02-28T03:01:51.571Z"}],"INSDC status":[{"text":"live"}],"NCBI submission model":[{"text":"Metagenome or environmental"}],"NCBI submission package":[{"text":"Metagenome.environmental.1.0"}],"collection date":[{"text":"2009-11-08","tag":"attribute"}],"environmental sample":[{"text":"TRUE","tag":"attribute"}],"geo loc name":[{"text":"USA: Crystal Geyser near Green River, Utah","tag":"attribute"}],"isolate":[{"text":"CG1_02_38_46","tag":"attribute"}],"isolation source":[{"text":"groundwater filtered through a a 3.0 um filter and then through a 0.2 um filter","tag":"attribute"}],"lat lon":[{"text":"38.56 N 110.8 W","tag":"attribute"}],"metagenome source":[{"text":"groundwater metagenome","tag":"attribute"}],"metagenomic":[{"text":"TRUE","tag":"attribute"}],"note":[{"text":"This biosample is a metagenomic assembly obtained from the metagenome sample SAMN02419149","tag":"attribute"}],"organism":[{"text":"Candidatus Desantisbacteria bacterium CG1_02_38_46","ontologyTerms":["http://purl.obolibrary.org/obo/NCBITaxon_1817893"]}],"title":[{"text":"Metagenome or environmental sample from Candidatus Desantisbacteria bacterium CG1_02_38_46"}]},"submittedVia":"JSON_API","create":"2015-12-09T20:17:10Z","_links":{"self":{"href":"https://www.ebi.ac.uk/biosamples/samples/SAMN04328222"},"curationDomain":{"href":"https://www.ebi.ac.uk/biosamples/samples/SAMN04328222{?curationdomain}","templated":true},"curationLinks":{"href":"https://www.ebi.ac.uk/biosamples/samples/SAMN04328222/curationlinks"},"curationLink":{"href":"https://www.ebi.ac.uk/biosamples/samples/SAMN04328222/curationlinks/{hash}","templated":true},"structuredData":{"href":"https://www.ebi.ac.uk/biosamples/structureddata/SAMN04328222"}}}