{"name":"Ardenticatena maritima DSM 23922","accession":"SAMN03274860","domain":"self.BiosampleImportNCBI","taxId":872965,"release":"2015-03-01T00:00:00Z","update":"2022-03-29T07:55:44.957Z","submitted":"2015-01-04T23:22:33.386Z","characteristics":{"External Id":[{"text":"SAMN03274860","tag":"Namespace:BioSample"}],"INSDC center name":[{"text":"California Institute of Technology"}],"INSDC first public":[{"text":"2015-03-01T00:00:00Z"}],"INSDC last update":[{"text":"2019-06-20T17:10:36.921Z"}],"INSDC status":[{"text":"live"}],"NCBI submission model":[{"text":"Microbe, viral or environmental"}],"NCBI submission package":[{"text":"Microbe.1.0"}],"culture collection":[{"text":"DSM:23922","tag":"attribute"}],"geo loc name":[{"text":"Japan: Yamagawa Beach","tag":"attribute"}],"isolation source":[{"text":"Coastal hydrothermal field in the Kirishima Volcanic Belt","tag":"attribute"}],"organism":[{"text":"Ardenticatena maritima","ontologyTerms":["http://purl.obolibrary.org/obo/NCBITaxon_872965"]}],"sample type":[{"text":"Isolate","tag":"attribute"}],"strain":[{"text":"110S","ontologyTerms":["http://www.ebi.ac.uk/efo/EFO_0005724"],"tag":"attribute"}],"temp":[{"text":"101 C","tag":"attribute"}],"title":[{"text":"Microbe sample from Ardenticatena maritima"}],"type material":[{"text":"type strain of Ardenticatena maritima","tag":"attribute"}]},"submittedVia":"JSON_API","create":"2015-01-04T23:22:33.386Z","_links":{"self":{"href":"https://www.ebi.ac.uk/biosamples/samples/SAMN03274860"},"curationDomain":{"href":"https://www.ebi.ac.uk/biosamples/samples/SAMN03274860{?curationdomain}","templated":true},"curationLinks":{"href":"https://www.ebi.ac.uk/biosamples/samples/SAMN03274860/curationlinks"},"curationLink":{"href":"https://www.ebi.ac.uk/biosamples/samples/SAMN03274860/curationlinks/{hash}","templated":true},"structuredData":{"href":"https://www.ebi.ac.uk/biosamples/structureddata/SAMN03274860"}}}