{"name":"Thermoanaerobacterales bacterium UBA4880","accession":"SAMN06455183","domain":"self.BiosampleImportNCBI","taxId":1951294,"release":"2017-02-27T00:00:00Z","update":"2022-03-30T01:30:46.195Z","submitted":"2017-02-27T11:14:35.326Z","characteristics":{"External Id":[{"text":"SAMN06455183","tag":"Namespace:BioSample"}],"INSDC center name":[{"text":"University of Queensland"}],"INSDC first public":[{"text":"2017-02-27T00:00:00Z"}],"INSDC secondary accession":[{"text":"SRS2035757"}],"INSDC status":[{"text":"live"}],"NCBI submission model":[{"text":"Microbe, viral or environmental"}],"SRA accession":[{"text":"SRS2035757"}],"assembly method":[{"text":"CLC de novo assembler","tag":"attribute"}],"assembly_method_version":[{"text":"4.4.1","tag":"attribute"}],"completeness_estimated":[{"text":"67.12%","tag":"attribute"}],"contamination_estimated":[{"text":"1.20%","tag":"attribute"}],"environmental sample":[{"text":"true","tag":"attribute"}],"genome coverage":[{"text":"15.01","tag":"attribute"}],"geo loc name":[{"text":"China: Luzhou","tag":"attribute"}],"isolate":[{"text":"UBA4880","tag":"attribute"}],"isolation-source":[{"text":"mud","tag":"attribute"}],"mapping_method":[{"text":"BWA (BWA-MEM)","tag":"attribute"}],"mapping_method_version":[{"text":"0.7.12-r1039","tag":"attribute"}],"metagenome source":[{"text":"fermentation metagenome","tag":"attribute"}],"metagenomic":[{"text":"true","tag":"attribute"}],"quality_assessment_method":[{"text":"CheckM","tag":"attribute"}],"quality_assessment_method_version":[{"text":"1.0.6","tag":"attribute"}],"sample type":[{"text":"metagenomic assembly","tag":"attribute"}],"subsrc_note":[{"text":"Genome binned from sequencing reads available in SRX691270 metagenome","tag":"attribute"}],"title":[{"text":"Uncultivated Thermoanaerobacterales bacterium UBA4880 genome recovered from SRX691270"}],"value":[{"text":"This BioSample is a metagenomic assembly obtained from the fermentation metagenome reads: SRR1561995.","tag":"attribute"}]},"externalReferences":[{"url":"https://www.ebi.ac.uk/ena/data/view/SAMN06455183","duo":null}],"submittedVia":"JSON_API","create":"2017-02-27T11:14:35.326Z","_links":{"self":{"href":"https://www.ebi.ac.uk/biosamples/samples/SAMN06455183"},"curationDomain":{"href":"https://www.ebi.ac.uk/biosamples/samples/SAMN06455183{?curationdomain}","templated":true},"curationLinks":{"href":"https://www.ebi.ac.uk/biosamples/samples/SAMN06455183/curationlinks"},"curationLink":{"href":"https://www.ebi.ac.uk/biosamples/samples/SAMN06455183/curationlinks/{hash}","templated":true},"structuredData":{"href":"https://www.ebi.ac.uk/biosamples/structureddata/SAMN06455183"}}}