{"name":"RBG_13_Actinobacteria_55_18_curated","accession":"SAMN04313996","domain":"self.BiosampleImportNCBI","taxId":1797199,"release":"2016-02-22T00:00:00Z","update":"2022-03-29T15:09:33.210Z","submitted":"2015-12-03T12:24:41Z","characteristics":{"External Id":[{"text":"SAMN04313996","tag":"Namespace:BioSample"}],"INSDC center name":[{"text":"Banfield Lab, University of California, Berkeley"}],"INSDC first public":[{"text":"2016-02-22T00:00:00Z"}],"INSDC last update":[{"text":"2021-12-06T21:04:42.061Z"}],"INSDC status":[{"text":"live"}],"NCBI submission model":[{"text":"Metagenome or environmental"}],"NCBI submission package":[{"text":"Metagenome.environmental.1.0"}],"collection date":[{"text":"2007-07-07","tag":"attribute"}],"environmental sample":[{"text":"true","tag":"attribute"}],"geo loc name":[{"text":"USA: Rifle, CO","tag":"attribute"}],"isolation source":[{"text":"Rifle background sediment; well D04 at 13ft depth","tag":"attribute"}],"lat lon":[{"text":"39.5369 N 107.7828 W","tag":"attribute"}],"metagenome source":[{"text":"sediment metagenome","tag":"attribute"}],"metagenomic":[{"text":"true","tag":"attribute"}],"note":[{"text":"This biosample is a genome obtained from the metagenome sample SAMN03842427","tag":"attribute"}],"organism":[{"text":"Candidatus Solincola sediminis","ontologyTerms":["http://purl.obolibrary.org/obo/NCBITaxon_1797199"]}],"title":[{"text":"Metagenome or environmental sample from Candidatus Solincola sediminis"}]},"submittedVia":"JSON_API","create":"2015-12-03T12:24:41Z","_links":{"self":{"href":"https://www.ebi.ac.uk/biosamples/samples/SAMN04313996"},"curationDomain":{"href":"https://www.ebi.ac.uk/biosamples/samples/SAMN04313996{?curationdomain}","templated":true},"curationLinks":{"href":"https://www.ebi.ac.uk/biosamples/samples/SAMN04313996/curationlinks"},"curationLink":{"href":"https://www.ebi.ac.uk/biosamples/samples/SAMN04313996/curationlinks/{hash}","templated":true},"structuredData":{"href":"https://www.ebi.ac.uk/biosamples/structureddata/SAMN04313996"}}}