{"name":"SAMN05660836","accession":"SAMN05660836","domain":"self.BiosampleImportNCBI","taxId":39841,"release":"2016-08-25T00:00:00Z","update":"2022-03-29T20:54:36.995Z","submitted":"2016-08-25T14:41:49.113Z","characteristics":{"External Id":[{"text":"Gp0102904","tag":"Namespace:DOE Joint Genome Institute"},{"text":"SAMN05660836","tag":"Namespace:BioSample"}],"INSDC center name":[{"text":"DOE Joint Genome Institute"}],"INSDC first public":[{"text":"2016-08-25T00:00:00Z"}],"INSDC last update":[{"text":"2019-06-20T17:41:37.465Z"}],"INSDC secondary accession":[{"text":"SRS1667914"}],"INSDC status":[{"text":"live"}],"NCBI submission model":[{"text":"MIGS.ba"}],"NCBI submission package":[{"text":"MIGS.ba.5.0"}],"SRA accession":[{"text":"SRS1667914"}],"description":[{"text":"Keywords: GSC:MIxS;MIGS:5.0"}],"organism":[{"text":"Thermodesulforhabdus norvegica","ontologyTerms":["http://purl.obolibrary.org/obo/NCBITaxon_39841"]}],"strain":[{"text":"DSM 9990","tag":"attribute"}],"title":[{"text":"Thermodesulforhabdus norvegica DSM 9990"}],"type material":[{"text":"type strain of Thermodesulforhabdus norvegica","tag":"attribute"}]},"externalReferences":[{"url":"https://www.ebi.ac.uk/ena/data/view/SAMN05660836","duo":null}],"submittedVia":"JSON_API","create":"2016-08-25T14:41:49.113Z","_links":{"self":{"href":"https://www.ebi.ac.uk/biosamples/samples/SAMN05660836"},"curationDomain":{"href":"https://www.ebi.ac.uk/biosamples/samples/SAMN05660836{?curationdomain}","templated":true},"curationLinks":{"href":"https://www.ebi.ac.uk/biosamples/samples/SAMN05660836/curationlinks"},"curationLink":{"href":"https://www.ebi.ac.uk/biosamples/samples/SAMN05660836/curationlinks/{hash}","templated":true},"structuredData":{"href":"https://www.ebi.ac.uk/biosamples/structureddata/SAMN05660836"}}}