{"name":"Patescibacteria group bacterium UBA2023","accession":"SAMN06454465","domain":"self.BiosampleImportNCBI","taxId":1948788,"release":"2017-02-27T00:00:00Z","update":"2022-03-30T01:30:28.085Z","submitted":"2017-02-27T11:13:20.070Z","characteristics":{"External Id":[{"text":"SAMN06454465","tag":"Namespace:BioSample"}],"INSDC center name":[{"text":"University of Queensland"}],"INSDC first public":[{"text":"2017-02-27T00:00:00Z"}],"INSDC secondary accession":[{"text":"SRS2034394"}],"INSDC status":[{"text":"live"}],"NCBI submission model":[{"text":"Microbe, viral or environmental"}],"SRA accession":[{"text":"SRS2034394"}],"assembly method":[{"text":"CLC de novo assembler","tag":"attribute"}],"assembly_method_version":[{"text":"4.4.1","tag":"attribute"}],"completeness_estimated":[{"text":"67.09%","tag":"attribute"}],"contamination_estimated":[{"text":"0.00%","tag":"attribute"}],"environmental sample":[{"text":"true","tag":"attribute"}],"genome coverage":[{"text":"27.36","tag":"attribute"}],"geo loc name":[{"text":"Australia: Brisbane, Thorneside Wastewater Treatment Plant","tag":"attribute"}],"isolate":[{"text":"UBA2023","tag":"attribute"}],"isolation-source":[{"text":"activated sludge","tag":"attribute"}],"mapping_method":[{"text":"BWA (BWA-MEM)","tag":"attribute"}],"mapping_method_version":[{"text":"0.7.12-r1039","tag":"attribute"}],"metagenome source":[{"text":"bioreactor sludge metagenome","tag":"attribute"}],"metagenomic":[{"text":"true","tag":"attribute"}],"organism":[{"text":"Patescibacteria group bacterium UBA2023","ontologyTerms":["http://purl.obolibrary.org/obo/NCBITaxon_1948788"]}],"quality_assessment_method":[{"text":"CheckM","tag":"attribute"}],"quality_assessment_method_version":[{"text":"1.0.6","tag":"attribute"}],"sample type":[{"text":"metagenomic assembly","tag":"attribute"}],"subsrc_note":[{"text":"Genome binned from sequencing reads available in SRX645896 metagenome","tag":"attribute"}],"title":[{"text":"Uncultivated Patescibacteria group bacterium UBA2023 genome recovered from SRX645896"}],"value":[{"text":"This BioSample is a metagenomic assembly obtained from the bioreactor sludge metagenome reads: SRR1506951.","tag":"attribute"}]},"externalReferences":[{"url":"https://www.ebi.ac.uk/ena/data/view/SAMN06454465","duo":null}],"submittedVia":"JSON_API","create":"2017-02-27T11:13:20.070Z","_links":{"self":{"href":"https://www.ebi.ac.uk/biosamples/samples/SAMN06454465"},"curationDomain":{"href":"https://www.ebi.ac.uk/biosamples/samples/SAMN06454465{?curationdomain}","templated":true},"curationLinks":{"href":"https://www.ebi.ac.uk/biosamples/samples/SAMN06454465/curationlinks"},"curationLink":{"href":"https://www.ebi.ac.uk/biosamples/samples/SAMN06454465/curationlinks/{hash}","templated":true},"structuredData":{"href":"https://www.ebi.ac.uk/biosamples/structureddata/SAMN06454465"}}}