{"name":"Chloroflexi bacterium UBA6265","accession":"SAMN06455704","domain":"self.BiosampleImportNCBI","taxId":1947839,"release":"2017-02-27T00:00:00Z","update":"2022-03-30T01:31:00.093Z","submitted":"2017-02-27T11:15:56.106Z","characteristics":{"External Id":[{"text":"SAMN06455704","tag":"Namespace:BioSample"}],"INSDC center name":[{"text":"University of Queensland"}],"INSDC first public":[{"text":"2017-02-27T00:00:00Z"}],"INSDC secondary accession":[{"text":"SRS2033403"}],"INSDC status":[{"text":"live"}],"NCBI submission model":[{"text":"Microbe, viral or environmental"}],"SRA accession":[{"text":"SRS2033403"}],"assembly method":[{"text":"CLC de novo assembler","tag":"attribute"}],"assembly_method_version":[{"text":"4.4.1","tag":"attribute"}],"completeness_estimated":[{"text":"80.92%","tag":"attribute"}],"contamination_estimated":[{"text":"0.94%","tag":"attribute"}],"environmental sample":[{"text":"true","tag":"attribute"}],"genome coverage":[{"text":"10.29","tag":"attribute"}],"geo loc name":[{"text":"Canada: Medicine Hat Glauconitic field","tag":"attribute"}],"isolate":[{"text":"UBA6265","tag":"attribute"}],"isolation-source":[{"text":"waste water","tag":"attribute"}],"mapping_method":[{"text":"BWA (BWA-MEM)","tag":"attribute"}],"mapping_method_version":[{"text":"0.7.12-r1039","tag":"attribute"}],"metagenome source":[{"text":"hydrocarbon metagenome","tag":"attribute"}],"metagenomic":[{"text":"true","tag":"attribute"}],"organism":[{"text":"Chloroflexi bacterium UBA6265","ontologyTerms":["http://purl.obolibrary.org/obo/NCBITaxon_1947839"]}],"quality_assessment_method":[{"text":"CheckM","tag":"attribute"}],"quality_assessment_method_version":[{"text":"1.0.6","tag":"attribute"}],"sample type":[{"text":"metagenomic assembly","tag":"attribute"}],"subsrc_note":[{"text":"Genome binned from sequencing reads available in SRX327522 metagenome","tag":"attribute"}],"title":[{"text":"Uncultivated Chloroflexi bacterium UBA6265 genome recovered from SRX327522"}],"value":[{"text":"This BioSample is a metagenomic assembly obtained from the hydrocarbon metagenome reads: SRR943321,SRR943320,SRR943319,SRR943317,SRR942928,SRR943316,SRR943318.","tag":"attribute"}]},"externalReferences":[{"url":"https://www.ebi.ac.uk/ena/data/view/SAMN06455704","duo":null}],"submittedVia":"JSON_API","create":"2017-02-27T11:15:56.106Z","_links":{"self":{"href":"https://www.ebi.ac.uk/biosamples/samples/SAMN06455704"},"curationDomain":{"href":"https://www.ebi.ac.uk/biosamples/samples/SAMN06455704{?curationdomain}","templated":true},"curationLinks":{"href":"https://www.ebi.ac.uk/biosamples/samples/SAMN06455704/curationlinks"},"curationLink":{"href":"https://www.ebi.ac.uk/biosamples/samples/SAMN06455704/curationlinks/{hash}","templated":true},"structuredData":{"href":"https://www.ebi.ac.uk/biosamples/structureddata/SAMN06455704"}}}