{"name":"AqS2","accession":"SAMN04123283","domain":"self.BiosampleImportNCBI","taxId":1732024,"release":"2015-12-31T00:00:00Z","update":"2022-03-29T13:56:45.296Z","submitted":"2015-09-30T05:45:33Z","characteristics":{"External Id":[{"text":"SAMN04123283","tag":"Namespace:BioSample"}],"INSDC center name":[{"text":"University of Queensland"}],"INSDC first public":[{"text":"2015-12-31T00:00:00Z"}],"INSDC last update":[{"text":"2019-07-21T02:35:54.055Z"}],"INSDC status":[{"text":"live"}],"NCBI submission model":[{"text":"Metagenome or environmental"}],"NCBI submission package":[{"text":"Metagenome.environmental.1.0"}],"collection date":[{"text":"2012","tag":"attribute"}],"environmental sample":[{"text":"TRUE","tag":"attribute"}],"geo loc name":[{"text":"Australia: Shark Bay, Heron Island, Great Barrier Reef","tag":"attribute"}],"host":[{"text":"Amphimedon queenslandica","tag":"attribute"}],"isolate":[{"text":"AqS2","tag":"attribute"}],"lat lon":[{"text":"23.27 S 151.54 E","tag":"attribute"}],"metagenome source":[{"text":"sponge metagenome","tag":"attribute"}],"metagenomic":[{"text":"TRUE","tag":"attribute"}],"note":[{"text":"This biosample is a metagenomic assembly obtained from the Amphimedon queenslandica BioSample: SAMN05607010.","tag":"attribute"}],"organism":[{"text":"Betaproteobacteria bacterium AqS2","ontologyTerms":["http://purl.obolibrary.org/obo/NCBITaxon_1732024"]}],"sample-type":[{"text":"Metegenomic assembly","tag":"attribute"}],"title":[{"text":"Candidatus AqS2"}]},"submittedVia":"JSON_API","create":"2015-09-30T05:45:33Z","_links":{"self":{"href":"https://www.ebi.ac.uk/biosamples/samples/SAMN04123283"},"curationDomain":{"href":"https://www.ebi.ac.uk/biosamples/samples/SAMN04123283{?curationdomain}","templated":true},"curationLinks":{"href":"https://www.ebi.ac.uk/biosamples/samples/SAMN04123283/curationlinks"},"curationLink":{"href":"https://www.ebi.ac.uk/biosamples/samples/SAMN04123283/curationlinks/{hash}","templated":true},"structuredData":{"href":"https://www.ebi.ac.uk/biosamples/structureddata/SAMN04123283"}}}