{"name":"CP003587","accession":"SAMN02604186","domain":"self.BiosampleImportNCBI","taxId":1183438,"release":"2014-01-30T00:00:00Z","update":"2022-03-29T03:42:03.761Z","submitted":"2014-01-30T15:13:17.036Z","characteristics":{"External Id":[{"text":"SAMN02604186","tag":"Namespace:BioSample"}],"INSDC center name":[{"text":"NCBI"}],"INSDC first public":[{"text":"2014-01-30T00:00:00Z"}],"INSDC last update":[{"text":"2019-06-20T16:49:50.182Z"}],"INSDC status":[{"text":"live"}],"NCBI submission model":[{"text":"Generic"}],"NCBI submission package":[{"text":"Generic.1.0"}],"country":[{"text":"USA: Hawaii","tag":"attribute"}],"isolation-source":[{"text":"cave entrance","tag":"attribute"}],"organism":[{"text":"Gloeobacter kilaueensis JS1","ontologyTerms":["http://purl.obolibrary.org/obo/NCBITaxon_1183438"]}],"strain":[{"text":"JS1","tag":"attribute"}],"title":[{"text":"Sample from Gloeobacter kilaueensis JS1"}],"type material":[{"text":"type strain of Gloeobacter kilaueensis","tag":"attribute"}]},"submittedVia":"JSON_API","create":"2014-01-30T15:13:17.036Z","_links":{"self":{"href":"https://www.ebi.ac.uk/biosamples/samples/SAMN02604186"},"curationDomain":{"href":"https://www.ebi.ac.uk/biosamples/samples/SAMN02604186{?curationdomain}","templated":true},"curationLinks":{"href":"https://www.ebi.ac.uk/biosamples/samples/SAMN02604186/curationlinks"},"curationLink":{"href":"https://www.ebi.ac.uk/biosamples/samples/SAMN02604186/curationlinks/{hash}","templated":true},"structuredData":{"href":"https://www.ebi.ac.uk/biosamples/structureddata/SAMN02604186"}}}