{"name":"candidate division Hyd24-12 bacterium UBA5074","accession":"SAMN06454970","domain":"self.BiosampleImportNCBI","taxId":1953185,"release":"2017-02-27T00:00:00Z","update":"2022-03-30T01:30:41.061Z","submitted":"2017-02-27T11:14:21.140Z","characteristics":{"External Id":[{"text":"SAMN06454970","tag":"Namespace:BioSample"}],"INSDC center name":[{"text":"University of Queensland"}],"INSDC first public":[{"text":"2017-02-27T00:00:00Z"}],"INSDC secondary accession":[{"text":"SRS2032249"}],"INSDC status":[{"text":"live"}],"NCBI submission model":[{"text":"Microbe, viral or environmental"}],"SRA accession":[{"text":"SRS2032249"}],"assembly method":[{"text":"CLC de novo assembler","tag":"attribute"}],"assembly_method_version":[{"text":"4.4.1","tag":"attribute"}],"completeness_estimated":[{"text":"88.23%","tag":"attribute"}],"contamination_estimated":[{"text":"0.00%","tag":"attribute"}],"environmental sample":[{"text":"true","tag":"attribute"}],"genome coverage":[{"text":"95.31","tag":"attribute"}],"isolate":[{"text":"UBA5074","tag":"attribute"}],"isolation-source":[{"text":"soil","tag":"attribute"}],"mapping_method":[{"text":"BWA (BWA-MEM)","tag":"attribute"}],"mapping_method_version":[{"text":"0.7.12-r1039","tag":"attribute"}],"metagenome source":[{"text":"soil metagenome","ontologyTerms":["http://purl.obolibrary.org/obo/NCBITaxon_410658"],"tag":"attribute"}],"metagenomic":[{"text":"true","tag":"attribute"}],"organism":[{"text":"candidate division Hyd24-12 bacterium UBA5074","ontologyTerms":["http://purl.obolibrary.org/obo/NCBITaxon_1953185"]}],"quality_assessment_method":[{"text":"CheckM","tag":"attribute"}],"quality_assessment_method_version":[{"text":"1.0.6","tag":"attribute"}],"sample type":[{"text":"metagenomic assembly","tag":"attribute"}],"subsrc_note":[{"text":"Genome binned from sequencing reads available in SRX118535 metagenome","tag":"attribute"}],"title":[{"text":"Uncultivated candidate division Hyd24-12 bacterium UBA5074 genome recovered from SRX118535"}],"value":[{"text":"This BioSample is a metagenomic assembly obtained from the soil metagenome reads: SRR404204.","tag":"attribute"}]},"externalReferences":[{"url":"https://www.ebi.ac.uk/ena/data/view/SAMN06454970","duo":null}],"submittedVia":"JSON_API","create":"2017-02-27T11:14:21.140Z","_links":{"self":{"href":"https://www.ebi.ac.uk/biosamples/samples/SAMN06454970"},"curationDomain":{"href":"https://www.ebi.ac.uk/biosamples/samples/SAMN06454970{?curationdomain}","templated":true},"curationLinks":{"href":"https://www.ebi.ac.uk/biosamples/samples/SAMN06454970/curationlinks"},"curationLink":{"href":"https://www.ebi.ac.uk/biosamples/samples/SAMN06454970/curationlinks/{hash}","templated":true},"structuredData":{"href":"https://www.ebi.ac.uk/biosamples/structureddata/SAMN06454970"}}}