{"name":"Heimdallarchaeota","accession":"SAMN07236661","domain":"self.BiosampleImportNCBI","taxId":2012493,"release":"2017-12-01T00:00:00Z","update":"2022-03-30T05:37:17.728Z","submitted":"2017-06-14T08:52:03.540Z","characteristics":{"External Id":[{"text":"SAMN07236661","tag":"Namespace:BioSample"}],"INSDC center name":[{"text":"Institute of Deep-Sea Science and Engineering, Chinese Academy of Sciences"}],"INSDC first public":[{"text":"2017-12-01T00:00:00Z"}],"INSDC last update":[{"text":"2021-02-28T04:28:09.029Z"}],"INSDC status":[{"text":"live"}],"NCBI submission model":[{"text":"Microbe, viral or environmental"}],"NCBI submission package":[{"text":"Microbe.1.0"}],"collection date":[{"text":"2015-07-01","tag":"attribute"}],"environmental sample":[{"text":"TRUE","tag":"attribute"}],"geo loc name":[{"text":"China: the north of the South China Sea","tag":"attribute"}],"isolate":[{"text":"B3_Heim","tag":"attribute"}],"isolation source":[{"text":"marine sediment","tag":"attribute"}],"lat lon":[{"text":"22.17 N 118.4 E","tag":"attribute"}],"metagenome source":[{"text":"marine sediment metagenome","tag":"attribute"}],"metagenomic":[{"text":"TRUE","tag":"attribute"}],"note":[{"text":"This BioSample is a metagenomic assembly obtained from the marine sediment metagenome BioSample: SAMN06819539","tag":"attribute"}],"organism":[{"text":"Candidatus Heimdallarchaeota archaeon B3_Heim","ontologyTerms":["http://purl.obolibrary.org/obo/NCBITaxon_2012493"]}],"sample type":[{"text":"metagenomic assembly","tag":"attribute"}],"title":[{"text":"Microbe sample from Candidatus Heimdallarchaeota archaeon B3_Heim"}]},"submittedVia":"JSON_API","create":"2017-06-14T08:52:03.540Z","_links":{"self":{"href":"https://www.ebi.ac.uk/biosamples/samples/SAMN07236661"},"curationDomain":{"href":"https://www.ebi.ac.uk/biosamples/samples/SAMN07236661{?curationdomain}","templated":true},"curationLinks":{"href":"https://www.ebi.ac.uk/biosamples/samples/SAMN07236661/curationlinks"},"curationLink":{"href":"https://www.ebi.ac.uk/biosamples/samples/SAMN07236661/curationlinks/{hash}","templated":true},"structuredData":{"href":"https://www.ebi.ac.uk/biosamples/structureddata/SAMN07236661"}}}