{"name":"RifCSPlowO2_12_Nitrospirae_42_9_curated","accession":"SAMN04313969","domain":"self.BiosampleImportNCBI","taxId":1801722,"release":"2016-02-22T00:00:00Z","update":"2022-03-29T15:09:32.650Z","submitted":"2015-12-03T12:24:40Z","characteristics":{"External Id":[{"text":"SAMN04313969","tag":"Namespace:BioSample"}],"INSDC center name":[{"text":"Banfield Lab, University of California, Berkeley"}],"INSDC first public":[{"text":"2016-02-22T00:00:00Z"}],"INSDC last update":[{"text":"2021-02-28T03:00:19.173Z"}],"INSDC status":[{"text":"live"}],"NCBI submission model":[{"text":"Metagenome or environmental"}],"NCBI submission package":[{"text":"Metagenome.environmental.1.0"}],"collection date":[{"text":"2013-06-03","tag":"attribute"}],"environmental sample":[{"text":"true","tag":"attribute"}],"geo loc name":[{"text":"USA: Rifle, CO","tag":"attribute"}],"isolation source":[{"text":"Rifle well FP-101 under low O2 conditions; 1.2 micron filter; 10% subassembly","tag":"attribute"}],"lat lon":[{"text":"39.5369 N 107.7828 W","tag":"attribute"}],"metagenome source":[{"text":"subsurface metagenome","tag":"attribute"}],"metagenomic":[{"text":"true","tag":"attribute"}],"note":[{"text":"This biosample is a genome obtained from the metagenome sample","tag":"attribute"}],"organism":[{"text":"Nitrospirae bacterium RIFCSPLOW2_12_42_9","ontologyTerms":["http://purl.obolibrary.org/obo/NCBITaxon_1801722"]}],"title":[{"text":"Metagenome or environmental sample from Nitrospirae bacterium RIFCSPLOW2_12_42_9"}]},"submittedVia":"JSON_API","create":"2015-12-03T12:24:40Z","_links":{"self":{"href":"https://www.ebi.ac.uk/biosamples/samples/SAMN04313969"},"curationDomain":{"href":"https://www.ebi.ac.uk/biosamples/samples/SAMN04313969{?curationdomain}","templated":true},"curationLinks":{"href":"https://www.ebi.ac.uk/biosamples/samples/SAMN04313969/curationlinks"},"curationLink":{"href":"https://www.ebi.ac.uk/biosamples/samples/SAMN04313969/curationlinks/{hash}","templated":true},"structuredData":{"href":"https://www.ebi.ac.uk/biosamples/structureddata/SAMN04313969"}}}