{"name":"RIFOXYC2_FULL_OD1_Falkowbacteria_36_12_curated","accession":"SAMN04314599","domain":"self.BiosampleImportNCBI","taxId":1798002,"release":"2016-02-22T00:00:00Z","update":"2022-03-29T15:09:51.696Z","submitted":"2015-12-03T12:25:01Z","characteristics":{"External Id":[{"text":"SAMN04314599","tag":"Namespace:BioSample"}],"INSDC center name":[{"text":"Banfield Lab, University of California, Berkeley"}],"INSDC first public":[{"text":"2016-02-22T00:00:00Z"}],"INSDC last update":[{"text":"2021-02-28T03:00:38.619Z"}],"INSDC status":[{"text":"live"}],"NCBI submission model":[{"text":"Metagenome or environmental"}],"NCBI submission package":[{"text":"Metagenome.environmental.1.0"}],"collection date":[{"text":"2012-10-24","tag":"attribute"}],"environmental sample":[{"text":"true","tag":"attribute"}],"geo loc name":[{"text":"USA: Rifle, CO","tag":"attribute"}],"isolation source":[{"text":"Rifle well CD01 at 16ft depth; 0.2 micron filter at time point C","tag":"attribute"}],"lat lon":[{"text":"39.5369 N 107.7828 W","tag":"attribute"}],"metagenome source":[{"text":"subsurface metagenome","tag":"attribute"}],"metagenomic":[{"text":"true","tag":"attribute"}],"note":[{"text":"This biosample is a genome obtained from the metagenome sample SAMN03842449","tag":"attribute"}],"organism":[{"text":"Candidatus Falkowbacteria bacterium RIFOXYC2_FULL_36_12","ontologyTerms":["http://purl.obolibrary.org/obo/NCBITaxon_1798002"]}],"title":[{"text":"Metagenome or environmental sample from Candidatus Falkowbacteria bacterium RIFOXYC2_FULL_36_12"}]},"submittedVia":"JSON_API","create":"2015-12-03T12:25:01Z","_links":{"self":{"href":"https://www.ebi.ac.uk/biosamples/samples/SAMN04314599"},"curationDomain":{"href":"https://www.ebi.ac.uk/biosamples/samples/SAMN04314599{?curationdomain}","templated":true},"curationLinks":{"href":"https://www.ebi.ac.uk/biosamples/samples/SAMN04314599/curationlinks"},"curationLink":{"href":"https://www.ebi.ac.uk/biosamples/samples/SAMN04314599/curationlinks/{hash}","templated":true},"structuredData":{"href":"https://www.ebi.ac.uk/biosamples/structureddata/SAMN04314599"}}}