{"name":"Genome for Alphaproteobacteria bacterium 40-19 from Thiocyanate stock biobioreactor biofilm metagenome","accession":"SAMN05660520","domain":"self.BiosampleImportNCBI","taxId":1895705,"release":"2016-08-29T00:00:00Z","update":"2022-03-29T20:54:30.982Z","submitted":"2016-08-25T14:32:20.140Z","characteristics":{"External Id":[{"text":"SAMN05660520","tag":"Namespace:BioSample"}],"INSDC center name":[{"text":"Jill Banfield's Lab at Berkeley"}],"INSDC first public":[{"text":"2016-08-29T00:00:00Z"}],"INSDC last update":[{"text":"2021-02-28T03:35:41.475Z"}],"INSDC status":[{"text":"live"}],"NCBI submission model":[{"text":"MIMS.me"},{"text":"MIGS/MIMS/MIMARKS.wastewater"}],"NCBI submission package":[{"text":"MIMS.me.wastewater.5.0"}],"collection date":[{"text":"2013-08-29","tag":"attribute"}],"description":[{"text":"Keywords: GSC:MIxS;MIMS:5.0"}],"env biome":[{"text":"Bioreactor","tag":"attribute"}],"env feature":[{"text":"Thiocyanate stock biobioreactor","tag":"attribute"}],"env_material":[{"text":"biofilm","ontologyTerms":["http://purl.obolibrary.org/obo/BTO_0002690"],"tag":"attribute"}],"environmental sample":[{"text":"TRUE","tag":"attribute"}],"geo loc name":[{"text":"South Africa: University of Cape Town","tag":"attribute"}],"isolate":[{"text":"40-19","tag":"attribute"}],"isolation-source":[{"text":"Thiocyanate stock biobioreactor","tag":"attribute"}],"lat lon":[{"text":"33.9575 S 18.4606 E","tag":"attribute"}],"metagenome source":[{"text":"bioreactor metagenome","tag":"attribute"}],"metagenomic":[{"text":"TRUE","tag":"attribute"}],"note":[{"text":"This biosample is a metagenomic assembly obtained from the bioreactor metagenome BioSample: SAMN05389814","tag":"attribute"}],"organism":[{"text":"Alphaproteobacteria bacterium 40-19","ontologyTerms":["http://purl.obolibrary.org/obo/NCBITaxon_1895705"]}],"sample-type":[{"text":"metagenomic assembly","tag":"attribute"}],"title":[{"text":"T0_BF"}]},"submittedVia":"JSON_API","create":"2016-08-25T14:32:20.140Z","_links":{"self":{"href":"https://www.ebi.ac.uk/biosamples/samples/SAMN05660520"},"curationDomain":{"href":"https://www.ebi.ac.uk/biosamples/samples/SAMN05660520{?curationdomain}","templated":true},"curationLinks":{"href":"https://www.ebi.ac.uk/biosamples/samples/SAMN05660520/curationlinks"},"curationLink":{"href":"https://www.ebi.ac.uk/biosamples/samples/SAMN05660520/curationlinks/{hash}","templated":true},"structuredData":{"href":"https://www.ebi.ac.uk/biosamples/structureddata/SAMN05660520"}}}