{"name":"73.20120600_E1D.151","accession":"SAMN08179534","domain":"self.BiosampleImportNCBI","taxId":2030800,"release":"2018-05-25T00:00:00Z","update":"2022-03-30T11:39:21.098Z","submitted":"2017-12-14T19:12:06.816Z","characteristics":{"External Id":[{"text":"SAMN08179534","tag":"Namespace:BioSample"}],"INSDC center name":[{"text":"The University of Queensland"}],"INSDC first public":[{"text":"2018-05-25T00:00:00Z"}],"INSDC last update":[{"text":"2021-02-28T05:12:56.950Z"}],"INSDC status":[{"text":"live"}],"NCBI submission model":[{"text":"Microbe, viral or environmental"}],"NCBI submission package":[{"text":"Microbe.1.0"}],"altitude":[{"text":"363 m","tag":"attribute"}],"collection date":[{"text":"2012-06-03","tag":"attribute"}],"depth":[{"text":"0.11-0.14","tag":"attribute"}],"environmental sample":[{"text":"1","tag":"attribute"}],"geo loc name":[{"text":"Sweden: Stordalen Mire","tag":"attribute"}],"isolate":[{"text":"fen_1173","tag":"attribute"}],"isolation source":[{"text":"permafrost active layer soil","tag":"attribute"}],"lat lon":[{"text":"68.3532 N 19.0469 E","tag":"attribute"}],"metagenome source":[{"text":"peat metagenome","tag":"attribute"}],"metagenomic":[{"text":"1","tag":"attribute"}],"name":[{"text":"note","tag":"attribute"}],"organism":[{"text":"Elusimicrobia bacterium","ontologyTerms":["http://purl.obolibrary.org/obo/NCBITaxon_2030800"]}],"sample type":[{"text":"metagenomic assembly","tag":"attribute"}],"title":[{"text":"MAG Elusimicrobia_fen_1173 from metagenome 20120600_E1D"}],"value":[{"text":"This BioSample is a metagenomic assembly obtained from the 20120600_E1D metagenome BioSample: SAMN07125027.","tag":"attribute"}]},"submittedVia":"JSON_API","create":"2017-12-14T19:12:06.816Z","_links":{"self":{"href":"https://www.ebi.ac.uk/biosamples/samples/SAMN08179534"},"curationDomain":{"href":"https://www.ebi.ac.uk/biosamples/samples/SAMN08179534{?curationdomain}","templated":true},"curationLinks":{"href":"https://www.ebi.ac.uk/biosamples/samples/SAMN08179534/curationlinks"},"curationLink":{"href":"https://www.ebi.ac.uk/biosamples/samples/SAMN08179534/curationlinks/{hash}","templated":true},"structuredData":{"href":"https://www.ebi.ac.uk/biosamples/structureddata/SAMN08179534"}}}