{"name":"RBG_19FT_COMBO_Nitrospirae_42_15_curated","accession":"SAMN04314071","domain":"self.BiosampleImportNCBI","taxId":1801709,"release":"2016-02-22T00:00:00Z","update":"2022-03-29T15:09:35Z","submitted":"2015-12-03T12:24:43Z","characteristics":{"External Id":[{"text":"SAMN04314071","tag":"Namespace:BioSample"}],"INSDC center name":[{"text":"Banfield Lab, University of California, Berkeley"}],"INSDC first public":[{"text":"2016-02-22T00:00:00Z"}],"INSDC last update":[{"text":"2021-02-28T03:00:22.423Z"}],"INSDC status":[{"text":"live"}],"NCBI submission model":[{"text":"Metagenome or environmental"}],"NCBI submission package":[{"text":"Metagenome.environmental.1.0"}],"collection date":[{"text":"2007-07-07","tag":"attribute"}],"environmental sample":[{"text":"true","tag":"attribute"}],"geo loc name":[{"text":"USA: Rifle, CO","tag":"attribute"}],"isolation source":[{"text":"Rifle background sediment; well D04 at 19ft depth","tag":"attribute"}],"lat lon":[{"text":"39.5369 N 107.7828 W","tag":"attribute"}],"metagenome source":[{"text":"subsurface metagenome","tag":"attribute"}],"metagenomic":[{"text":"true","tag":"attribute"}],"note":[{"text":"This biosample is a genome obtained from the metagenome sample SAMN03842429","tag":"attribute"}],"organism":[{"text":"Nitrospirae bacterium RBG_19FT_COMBO_42_15","ontologyTerms":["http://purl.obolibrary.org/obo/NCBITaxon_1801709"]}],"title":[{"text":"Metagenome or environmental sample from Nitrospirae bacterium RBG_19FT_COMBO_42_15"}]},"submittedVia":"JSON_API","create":"2015-12-03T12:24:43Z","_links":{"self":{"href":"https://www.ebi.ac.uk/biosamples/samples/SAMN04314071"},"curationDomain":{"href":"https://www.ebi.ac.uk/biosamples/samples/SAMN04314071{?curationdomain}","templated":true},"curationLinks":{"href":"https://www.ebi.ac.uk/biosamples/samples/SAMN04314071/curationlinks"},"curationLink":{"href":"https://www.ebi.ac.uk/biosamples/samples/SAMN04314071/curationlinks/{hash}","templated":true},"structuredData":{"href":"https://www.ebi.ac.uk/biosamples/structureddata/SAMN04314071"}}}