{"name":"Alphaproteobacteria bin98","accession":"SAMN05959527","domain":"self.BiosampleImportNCBI","taxId":1919268,"release":"2017-08-03T00:00:00Z","update":"2022-03-29T22:14:13.410Z","submitted":"2016-11-01T09:26:29.276Z","characteristics":{"External Id":[{"text":"SAMN05959527","tag":"Namespace:BioSample"}],"INSDC center name":[{"text":"GEOMAR Helmholtz Centre for Ocean Research Kiel"}],"INSDC first public":[{"text":"2017-08-03T00:00:00Z"}],"INSDC last update":[{"text":"2021-09-26T02:46:39.364Z"}],"INSDC status":[{"text":"live"}],"NCBI submission model":[{"text":"Microbe, viral or environmental"}],"NCBI submission package":[{"text":"Microbe.1.0"}],"collection date":[{"text":"2014-05","tag":"attribute"}],"environmental sample":[{"text":"TRUE","tag":"attribute"}],"geo loc name":[{"text":"Slovenia: Marine Biology Station Piran","tag":"attribute"}],"host":[{"text":"Aplysina aerophoba","tag":"attribute"}],"isolate":[{"text":"bin98","tag":"attribute"}],"lat lon":[{"text":"45.5178 N 13.56819999 E","tag":"attribute"}],"metagenome source":[{"text":"sponge metagenome","tag":"attribute"}],"metagenomic":[{"text":"TRUE","tag":"attribute"}],"note":[{"text":"This biosample is a metagenomic assembly obtained from the sponge metagenome BioSample: SAMN05276028","tag":"attribute"}],"organism":[{"text":"Alphaproteobacteria bacterium bin98","ontologyTerms":["http://purl.obolibrary.org/obo/NCBITaxon_1919268"]}],"sample type":[{"text":"metagenomic assembly","tag":"attribute"}],"title":[{"text":"Microbe sample from Alphaproteobacteria bacterium bin98"}]},"submittedVia":"JSON_API","create":"2016-11-01T09:26:29.276Z","_links":{"self":{"href":"https://www.ebi.ac.uk/biosamples/samples/SAMN05959527"},"curationDomain":{"href":"https://www.ebi.ac.uk/biosamples/samples/SAMN05959527{?curationdomain}","templated":true},"curationLinks":{"href":"https://www.ebi.ac.uk/biosamples/samples/SAMN05959527/curationlinks"},"curationLink":{"href":"https://www.ebi.ac.uk/biosamples/samples/SAMN05959527/curationlinks/{hash}","templated":true},"structuredData":{"href":"https://www.ebi.ac.uk/biosamples/structureddata/SAMN05959527"}}}