{"name":"Lokiarchaeote CR_4","accession":"SAMN04958229","domain":"self.BiosampleImportNCBI","taxId":1849166,"release":"2017-01-01T00:00:00Z","update":"2022-03-29T17:55:18.724Z","submitted":"2016-05-06T11:43:06Z","characteristics":{"External Id":[{"text":"SAMN04958229","tag":"Namespace:BioSample"}],"INSDC center name":[{"text":"Jill Banfield's Lab at Berkeley"}],"INSDC first public":[{"text":"2017-01-01T00:00:00Z"}],"INSDC last update":[{"text":"2021-02-28T03:20:03.999Z"}],"INSDC status":[{"text":"live"}],"NCBI submission model":[{"text":"MIMS.me"},{"text":"MIGS/MIMS/MIMARKS.sediment"}],"NCBI submission package":[{"text":"MIMS.me.sediment.5.0"}],"collection date":[{"text":"2007-07-07","tag":"attribute"}],"depth":[{"text":"3m","tag":"attribute"}],"description":[{"text":"Keywords: GSC:MIxS;MIMS:5.0"}],"elev":[{"text":"1618m","tag":"attribute"}],"env biome":[{"text":"Terrestrial subsurface sediment","tag":"attribute"}],"env feature":[{"text":"sediment","tag":"attribute"}],"env_material":[{"text":"sediment","tag":"attribute"}],"environmental sample":[{"text":"true","tag":"attribute"}],"geo loc name":[{"text":"USA: Rifle, Colorado","tag":"attribute"}],"isolate":[{"text":"CR_4","tag":"attribute"}],"isolation source":[{"text":"Rifle background sediment; well D04 at 13ft depth","tag":"attribute"}],"lat lon":[{"text":"39.5369 N 107.7828 W","tag":"attribute"}],"metagenome source":[{"text":"sediment metagenome","tag":"attribute"}],"metagenomic":[{"text":"true","tag":"attribute"}],"note":[{"text":"This biosample is a metagenomic assembly obtained from the sediment metagenome BioSample: SAMN03842427.","tag":"attribute"}],"organism":[{"text":"Candidatus Lokiarchaeota archaeon CR_4","ontologyTerms":["http://purl.obolibrary.org/obo/NCBITaxon_1849166"]}],"title":[{"text":"Uncultured Lokiarchaeote CR_4"}]},"submittedVia":"JSON_API","create":"2016-05-06T11:43:06Z","_links":{"self":{"href":"https://www.ebi.ac.uk/biosamples/samples/SAMN04958229"},"curationDomain":{"href":"https://www.ebi.ac.uk/biosamples/samples/SAMN04958229{?curationdomain}","templated":true},"curationLinks":{"href":"https://www.ebi.ac.uk/biosamples/samples/SAMN04958229/curationlinks"},"curationLink":{"href":"https://www.ebi.ac.uk/biosamples/samples/SAMN04958229/curationlinks/{hash}","templated":true},"structuredData":{"href":"https://www.ebi.ac.uk/biosamples/structureddata/SAMN04958229"}}}