{"name":"WWM615","accession":"SAMN03074583","domain":"self.BiosampleImportNCBI","taxId":213585,"release":"2014-09-19T00:00:00Z","update":"2022-03-29T06:57:43.460Z","submitted":"2014-09-19T10:13:29.723Z","characteristics":{"External Id":[{"text":"SAMN03074583","tag":"Namespace:BioSample"}],"INSDC center name":[{"text":"University of Illinois at Urbana-Champaign"}],"INSDC first public":[{"text":"2014-09-19T00:00:00Z"}],"INSDC last update":[{"text":"2019-06-20T17:06:07.102Z"}],"INSDC status":[{"text":"live"}],"NCBI submission model":[{"text":"MIGS.ba"}],"NCBI submission package":[{"text":"MIGS.ba.5.0"}],"description":[{"text":"Keywords: GSC:MIxS;MIGS:5.0"}],"num_replicons":[{"text":"1","tag":"attribute"}],"organism":[{"text":"Methanosarcina mazei S-6","ontologyTerms":["http://purl.obolibrary.org/obo/NCBITaxon_213585"]}],"strain":[{"text":"S-6","tag":"attribute"}],"title":[{"text":"MIGS Cultured Bacterial/Archaeal sample from Methanosarcina mazei S-6"}],"type material":[{"text":"type strain of Methanosarcina mazei","tag":"attribute"}]},"submittedVia":"JSON_API","create":"2014-09-19T10:13:29.723Z","_links":{"self":{"href":"https://www.ebi.ac.uk/biosamples/samples/SAMN03074583"},"curationDomain":{"href":"https://www.ebi.ac.uk/biosamples/samples/SAMN03074583{?curationdomain}","templated":true},"curationLinks":{"href":"https://www.ebi.ac.uk/biosamples/samples/SAMN03074583/curationlinks"},"curationLink":{"href":"https://www.ebi.ac.uk/biosamples/samples/SAMN03074583/curationlinks/{hash}","templated":true},"structuredData":{"href":"https://www.ebi.ac.uk/biosamples/structureddata/SAMN03074583"}}}