{"name":"GWA2_Deltaproteobacteria_55_10_curated","accession":"SAMN04314175","domain":"self.BiosampleImportNCBI","taxId":1797809,"release":"2016-02-22T00:00:00Z","update":"2022-03-29T15:09:37.352Z","submitted":"2015-12-03T12:24:47Z","characteristics":{"External Id":[{"text":"SAMN04314175","tag":"Namespace:BioSample"}],"INSDC center name":[{"text":"Banfield Lab, University of California, Berkeley"}],"INSDC first public":[{"text":"2016-02-22T00:00:00Z"}],"INSDC last update":[{"text":"2021-02-28T03:00:25.404Z"}],"INSDC status":[{"text":"live"}],"NCBI submission model":[{"text":"Metagenome or environmental"}],"NCBI submission package":[{"text":"Metagenome.environmental.1.0"}],"collection date":[{"text":"2011-08-25","tag":"attribute"}],"environmental sample":[{"text":"true","tag":"attribute"}],"geo loc name":[{"text":"USA: Rifle, CO","tag":"attribute"}],"isolation source":[{"text":"Rifle well CD01 at time point 1 / A; 5m depth; 0.2 filter","tag":"attribute"}],"lat lon":[{"text":"39.5369 N 107.7828 W","tag":"attribute"}],"metagenome source":[{"text":"subsurface metagenome","tag":"attribute"}],"metagenomic":[{"text":"true","tag":"attribute"}],"note":[{"text":"This biosample is a genome obtained from the metagenome sample SAMN03202995","tag":"attribute"}],"organism":[{"text":"Deltaproteobacteria bacterium GWA2_55_10","ontologyTerms":["http://purl.obolibrary.org/obo/NCBITaxon_1797809"]}],"title":[{"text":"Metagenome or environmental sample from Deltaproteobacteria bacterium GWA2_55_10"}]},"submittedVia":"JSON_API","create":"2015-12-03T12:24:47Z","_links":{"self":{"href":"https://www.ebi.ac.uk/biosamples/samples/SAMN04314175"},"curationDomain":{"href":"https://www.ebi.ac.uk/biosamples/samples/SAMN04314175{?curationdomain}","templated":true},"curationLinks":{"href":"https://www.ebi.ac.uk/biosamples/samples/SAMN04314175/curationlinks"},"curationLink":{"href":"https://www.ebi.ac.uk/biosamples/samples/SAMN04314175/curationlinks/{hash}","templated":true},"structuredData":{"href":"https://www.ebi.ac.uk/biosamples/structureddata/SAMN04314175"}}}