{"name":"Metagenome or environmental sample from Chromatiales BM003","accession":"SAMN07982699","domain":"self.BiosampleImportNCBI","taxId":2026725,"release":"2017-11-06T00:00:00Z","update":"2022-03-30T10:23:52.505Z","submitted":"2017-11-06T17:56:05.700Z","characteristics":{"External Id":[{"text":"SAMN07982699","tag":"Namespace:BioSample"}],"INSDC center name":[{"text":"University of California, Berkeley"}],"INSDC first public":[{"text":"2017-11-06T00:00:00Z"}],"INSDC last update":[{"text":"2019-07-23T17:33:58.999Z"}],"INSDC status":[{"text":"live"}],"NCBI submission model":[{"text":"Microbe, viral or environmental"}],"NCBI submission package":[{"text":"Microbe.1.0"}],"collection date":[{"text":"2015","tag":"attribute"}],"description":[{"text":"Metagenome-assembled genome obtained from sample(s) SAMN07138132"}],"enviromental-sample":[{"text":"TRUE","tag":"attribute"}],"geo loc name":[{"text":"USA: Berkeley, CA, marina","tag":"attribute"}],"isolate":[{"text":"BM003","ontologyTerms":["http://www.ebi.ac.uk/efo/EFO_0006612"],"tag":"attribute"}],"isolation source":[{"text":"enrichment from estuary sediment","tag":"attribute"}],"lat lon":[{"text":"37.8629 N 122.3132 W","tag":"attribute"}],"metagenome source":[{"text":"bioreactor metagenome","tag":"attribute"}],"metagenomic":[{"text":"TRUE","tag":"attribute"}],"organism":[{"text":"Chromatiales bacterium","ontologyTerms":["http://purl.obolibrary.org/obo/NCBITaxon_2026725"]}],"sample type":[{"text":"metagenomic assembly","tag":"attribute"}],"title":[{"text":"Microbe sample from Chromatiales bacterium"}]},"submittedVia":"JSON_API","create":"2017-11-06T17:56:05.700Z","_links":{"self":{"href":"https://www.ebi.ac.uk/biosamples/samples/SAMN07982699"},"curationDomain":{"href":"https://www.ebi.ac.uk/biosamples/samples/SAMN07982699{?curationdomain}","templated":true},"curationLinks":{"href":"https://www.ebi.ac.uk/biosamples/samples/SAMN07982699/curationlinks"},"curationLink":{"href":"https://www.ebi.ac.uk/biosamples/samples/SAMN07982699/curationlinks/{hash}","templated":true},"structuredData":{"href":"https://www.ebi.ac.uk/biosamples/structureddata/SAMN07982699"}}}