{"name":"GlitD10","accession":"SAMN05853575","domain":"self.BiosampleImportNCBI","taxId":1188229,"release":"2016-12-06T00:00:00Z","update":"2022-03-29T21:39:07.400Z","submitted":"2016-09-30T06:58:05.426Z","characteristics":{"External Id":[{"text":"SAMN05853575","tag":"Namespace:BioSample"}],"INSDC center name":[{"text":"universite paris-sud/paris-saclay"}],"INSDC first public":[{"text":"2016-12-06T00:00:00Z"}],"INSDC last update":[{"text":"2021-09-26T02:45:16.847Z"}],"INSDC status":[{"text":"live"}],"NCBI submission model":[{"text":"Microbe, viral or environmental"}],"NCBI submission package":[{"text":"Microbe.1.0"}],"collection date":[{"text":"2012","tag":"attribute"}],"culture-collection":[{"text":"CCAP:1437/1","tag":"attribute"}],"description":[{"text":"Gloeomargarita lithophora gen. nov., sp. nov., a thylakoid-bearing basal- branching cyanobacterium with intracellular carbonates"}],"geo loc name":[{"text":"Mexico: Puebla State","tag":"attribute"}],"isolation source":[{"text":"Lake Alchichica microbialites","tag":"attribute"}],"lat lon":[{"text":"19.41865 N 97.39766700 W","tag":"attribute"}],"organism":[{"text":"Gloeomargarita lithophora Alchichica-D10","ontologyTerms":["http://purl.obolibrary.org/obo/NCBITaxon_1188229"]}],"sample type":[{"text":"mixed culture","tag":"attribute"}],"strain":[{"text":"D10","tag":"attribute"}],"title":[{"text":"Gloeomargarita lithophora gen. nov., sp. nov.,"}],"type material":[{"text":"type strain of Gloeomargarita lithophora","tag":"attribute"}]},"submittedVia":"JSON_API","create":"2016-09-30T06:58:05.426Z","_links":{"self":{"href":"https://www.ebi.ac.uk/biosamples/samples/SAMN05853575"},"curationDomain":{"href":"https://www.ebi.ac.uk/biosamples/samples/SAMN05853575{?curationdomain}","templated":true},"curationLinks":{"href":"https://www.ebi.ac.uk/biosamples/samples/SAMN05853575/curationlinks"},"curationLink":{"href":"https://www.ebi.ac.uk/biosamples/samples/SAMN05853575/curationlinks/{hash}","templated":true},"structuredData":{"href":"https://www.ebi.ac.uk/biosamples/structureddata/SAMN05853575"}}}