{"name":"73.20110800_P2D.24","accession":"SAMN08179136","domain":"self.BiosampleImportNCBI","taxId":1883427,"release":"2018-05-19T00:00:00Z","update":"2022-03-30T11:39:11.223Z","submitted":"2017-12-14T19:09:12.400Z","characteristics":{"External Id":[{"text":"SAMN08179136","tag":"Namespace:BioSample"}],"INSDC center name":[{"text":"The University of Queensland"}],"INSDC first public":[{"text":"2018-05-19T00:00:00Z"}],"INSDC last update":[{"text":"2021-11-17T21:05:01.095Z"}],"INSDC status":[{"text":"live"}],"NCBI submission model":[{"text":"Microbe, viral or environmental"}],"NCBI submission package":[{"text":"Microbe.1.0"}],"altitude":[{"text":"363 m","tag":"attribute"}],"collection date":[{"text":"2011-08-16","tag":"attribute"}],"depth":[{"text":"0.33-0.36","tag":"attribute"}],"environmental sample":[{"text":"1","tag":"attribute"}],"geo loc name":[{"text":"Sweden: Stordalen Mire","tag":"attribute"}],"isolate":[{"text":"palsa_555","tag":"attribute"}],"isolation source":[{"text":"permafrost active layer soil","tag":"attribute"}],"lat lon":[{"text":"68.3535 N 19.0473 E","tag":"attribute"}],"metagenome source":[{"text":"peat metagenome","tag":"attribute"}],"metagenomic":[{"text":"1","tag":"attribute"}],"name":[{"text":"note","tag":"attribute"}],"organism":[{"text":"Actinomycetia bacterium","ontologyTerms":["http://purl.obolibrary.org/obo/NCBITaxon_1883427"]}],"sample type":[{"text":"metagenomic assembly","tag":"attribute"}],"title":[{"text":"MAG Actinobacteria_palsa_555 from metagenome 20110800_P2D"}],"value":[{"text":"This BioSample is a metagenomic assembly obtained from the 20110800_P2D metagenome BioSample: SAMN07124936.","tag":"attribute"}]},"submittedVia":"JSON_API","create":"2017-12-14T19:09:12.400Z","_links":{"self":{"href":"https://www.ebi.ac.uk/biosamples/samples/SAMN08179136"},"curationDomain":{"href":"https://www.ebi.ac.uk/biosamples/samples/SAMN08179136{?curationdomain}","templated":true},"curationLinks":{"href":"https://www.ebi.ac.uk/biosamples/samples/SAMN08179136/curationlinks"},"curationLink":{"href":"https://www.ebi.ac.uk/biosamples/samples/SAMN08179136/curationlinks/{hash}","templated":true},"structuredData":{"href":"https://www.ebi.ac.uk/biosamples/structureddata/SAMN08179136"}}}