{"name":"Sporomusa silvacetica DSM-10669","accession":"SAMN04455153","domain":"self.BiosampleImportNCBI","taxId":1123289,"release":"2017-03-01T00:00:00Z","update":"2022-03-29T15:55:13.038Z","submitted":"2016-02-03T11:36:03Z","characteristics":{"External Id":[{"text":"SAMN04455153","tag":"Namespace:BioSample"}],"INSDC center name":[{"text":"Georg-August-University Goettingen, Genomic and Applied Microbiology, Goettingen Genomics Laboratory"}],"INSDC first public":[{"text":"2017-03-01T00:00:00Z"}],"INSDC last update":[{"text":"2019-06-20T17:26:03.453Z"}],"INSDC status":[{"text":"live"}],"NCBI submission model":[{"text":"Microbe, viral or environmental"}],"NCBI submission package":[{"text":"Microbe.1.0"}],"culture-collection":[{"text":"DSM:10669","tag":"attribute"}],"description":[{"text":"Sporomusa silvacetica is an acetogenic bacterium isolated from aggregated forest soil"}],"isolation source":[{"text":"forest soil","tag":"attribute"}],"organism":[{"text":"Sporomusa silvacetica DSM 10669","ontologyTerms":["http://purl.obolibrary.org/obo/NCBITaxon_1123289"]}],"sample type":[{"text":"whole organism","ontologyTerms":["http://purl.obolibrary.org/obo/UBERON_0000468"],"tag":"attribute"}],"strain":[{"text":"DSM 10669","tag":"attribute"}],"title":[{"text":"Microbe sample from Sporomusa silvacetica DSM 10669"}],"type material":[{"text":"type strain of Sporomusa silvacetica","tag":"attribute"}]},"submittedVia":"JSON_API","create":"2016-02-03T11:36:03Z","_links":{"self":{"href":"https://www.ebi.ac.uk/biosamples/samples/SAMN04455153"},"curationDomain":{"href":"https://www.ebi.ac.uk/biosamples/samples/SAMN04455153{?curationdomain}","templated":true},"curationLinks":{"href":"https://www.ebi.ac.uk/biosamples/samples/SAMN04455153/curationlinks"},"curationLink":{"href":"https://www.ebi.ac.uk/biosamples/samples/SAMN04455153/curationlinks/{hash}","templated":true},"structuredData":{"href":"https://www.ebi.ac.uk/biosamples/structureddata/SAMN04455153"}}}