{"name":"UBA9088","accession":"SAMN08018308","domain":"self.BiosampleImportNCBI","taxId":1869227,"release":"2017-11-13T00:00:00Z","update":"2022-03-30T10:41:44.333Z","submitted":"2017-11-13T20:19:22.700Z","characteristics":{"External Id":[{"text":"SAMN08018308","tag":"Namespace:BioSample"}],"INSDC center name":[{"text":"University of Queensland"}],"INSDC first public":[{"text":"2017-11-13T00:00:00Z"}],"INSDC secondary accession":[{"text":"SRS2846046"}],"INSDC status":[{"text":"live"}],"NCBI submission model":[{"text":"Microbe, viral or environmental"}],"SRA accession":[{"text":"SRS2846046"}],"assembly method":[{"text":"CLC de novo assembler","tag":"attribute"}],"assembly_method_version":[{"text":"4.4.1","tag":"attribute"}],"completeness_estimated":[{"text":"89.51%","tag":"attribute"}],"contamination_estimated":[{"text":"1.12%","tag":"attribute"}],"environmental sample":[{"text":"true","tag":"attribute"}],"genome coverage":[{"text":"0.54x","tag":"attribute"}],"isolate":[{"text":"UBA9088","tag":"attribute"}],"isolation source":[{"text":"aquatic","tag":"attribute"}],"mapping_method":[{"text":"BWA (BWA-MEM)","tag":"attribute"}],"mapping_method_version":[{"text":"0.7.12-r1039","tag":"attribute"}],"metagenome source":[{"text":"aquatic metagenome","tag":"attribute"}],"metagenomic":[{"text":"true","tag":"attribute"}],"note":[{"text":"aquatic metagenome","tag":"attribute"}],"organism":[{"text":"bacterium","ontologyTerms":["http://purl.obolibrary.org/obo/NCBITaxon_1869227"]}],"quality_assessment_method":[{"text":"CheckM","tag":"attribute"}],"quality_assessment_method_version":[{"text":"1.0.6","tag":"attribute"}],"sample type":[{"text":"metagenomic assembly","tag":"attribute"}],"title":[{"text":"Uncultivated bacterium UBA9088 genome recovered from SRX745165"}],"value":[{"text":"This BioSample is a metagenomic assembly obtained from the aquatic metagenome reads: SRR1633225.","tag":"attribute"}]},"externalReferences":[{"url":"https://www.ebi.ac.uk/ena/data/view/SAMN08018308","duo":null}],"submittedVia":"JSON_API","create":"2017-11-13T20:19:22.700Z","_links":{"self":{"href":"https://www.ebi.ac.uk/biosamples/samples/SAMN08018308"},"curationDomain":{"href":"https://www.ebi.ac.uk/biosamples/samples/SAMN08018308{?curationdomain}","templated":true},"curationLinks":{"href":"https://www.ebi.ac.uk/biosamples/samples/SAMN08018308/curationlinks"},"curationLink":{"href":"https://www.ebi.ac.uk/biosamples/samples/SAMN08018308/curationlinks/{hash}","templated":true},"structuredData":{"href":"https://www.ebi.ac.uk/biosamples/structureddata/SAMN08018308"}}}