{"name":"ADCE","accession":"SAMN02954272","domain":"self.BiosampleImportNCBI","taxId":410659,"release":"2014-08-07T00:00:00Z","update":"2022-03-29T05:54:26.807Z","submitted":"2014-08-07T12:41:36.596Z","characteristics":{"External Id":[{"text":"SAMN02954272","tag":"Namespace:BioSample"}],"INSDC center name":[{"text":"ncbi_backfill"}],"INSDC first public":[{"text":"2014-08-07T00:00:00Z"}],"INSDC last update":[{"text":"2021-02-28T02:25:06.055Z"}],"INSDC status":[{"text":"live"}],"NCBI submission model":[{"text":"MIMS.me"},{"text":"MIGS/MIMS/MIMARKS.miscellaneous"}],"NCBI submission package":[{"text":"MIMS.me.miscellaneous.5.0"}],"collection date":[{"text":"2005-06","tag":"attribute"}],"description":[{"text":"Keywords: GSC:MIxS;MIMS:5.0"}],"env biome":[{"text":"terrestrial","tag":"attribute"}],"env feature":[{"text":"Richmond mine","tag":"attribute"}],"env_material":[{"text":"biofilm filtrate","tag":"attribute"}],"geo loc name":[{"text":"USA: Ultra Back A (UBA) site of Richmond Mine (elevation 3100ft) at Iron Mountain, CA","tag":"attribute"}],"isolation source":[{"text":"450 nm filtrate of pink subaerial biofilm microbial community collected from the base of 2m high pile of pyrite sediment over which pH 1.1, 41C acid mine drainage solution was flowing","tag":"attribute"}],"lat lon":[{"text":"40.68 N 122.2 W","tag":"attribute"}],"organism":[{"text":"mine drainage metagenome","ontologyTerms":["http://purl.obolibrary.org/obo/NCBITaxon_410659"]}],"title":[{"text":"MIMS Environmental/Metagenome sample from mine drainage metagenome"}]},"submittedVia":"JSON_API","create":"2014-08-07T12:41:36.596Z","_links":{"self":{"href":"https://www.ebi.ac.uk/biosamples/samples/SAMN02954272"},"curationDomain":{"href":"https://www.ebi.ac.uk/biosamples/samples/SAMN02954272{?curationdomain}","templated":true},"curationLinks":{"href":"https://www.ebi.ac.uk/biosamples/samples/SAMN02954272/curationlinks"},"curationLink":{"href":"https://www.ebi.ac.uk/biosamples/samples/SAMN02954272/curationlinks/{hash}","templated":true},"structuredData":{"href":"https://www.ebi.ac.uk/biosamples/structureddata/SAMN02954272"}}}