{"name":"SAMN05444391","accession":"SAMN05444391","domain":"self.BiosampleImportNCBI","taxId":381751,"release":"2016-07-26T00:00:00Z","update":"2022-03-29T19:46:30.982Z","submitted":"2016-07-26T23:06:32.823Z","characteristics":{"External Id":[{"text":"SAMN05444391","tag":"Namespace:BioSample"},{"text":"Gp0148763","tag":"Namespace:DOE Joint Genome Institute"}],"INSDC center name":[{"text":"DOE Joint Genome Institute"}],"INSDC first public":[{"text":"2016-07-26T00:00:00Z"}],"INSDC last update":[{"text":"2019-06-20T17:40:03.666Z"}],"INSDC secondary accession":[{"text":"ERS1677628"}],"INSDC status":[{"text":"live"}],"NCBI submission model":[{"text":"MIGS.ba"}],"NCBI submission package":[{"text":"MIGS.ba.5.0"}],"SRA accession":[{"text":"ERS1677628"}],"description":[{"text":"Keywords: GSC:MIxS;MIGS:5.0"}],"organism":[{"text":"Thermocrinis minervae","ontologyTerms":["http://purl.obolibrary.org/obo/NCBITaxon_381751"]}],"strain":[{"text":"DSM 19557","tag":"attribute"}],"title":[{"text":"Thermocrinis minervae DSM 19557"}],"type material":[{"text":"type strain of Thermocrinis minervae","tag":"attribute"}]},"externalReferences":[{"url":"https://www.ebi.ac.uk/ena/data/view/SAMN05444391","duo":null}],"submittedVia":"JSON_API","create":"2016-07-26T23:06:32.823Z","_links":{"self":{"href":"https://www.ebi.ac.uk/biosamples/samples/SAMN05444391"},"curationDomain":{"href":"https://www.ebi.ac.uk/biosamples/samples/SAMN05444391{?curationdomain}","templated":true},"curationLinks":{"href":"https://www.ebi.ac.uk/biosamples/samples/SAMN05444391/curationlinks"},"curationLink":{"href":"https://www.ebi.ac.uk/biosamples/samples/SAMN05444391/curationlinks/{hash}","templated":true},"structuredData":{"href":"https://www.ebi.ac.uk/biosamples/structureddata/SAMN05444391"}}}