{"name":"Rhodobiaceae bacterium IN39","accession":"SAMN07619920","domain":"self.BiosampleImportNCBI","taxId":2026785,"release":"2017-09-07T00:00:00Z","update":"2022-03-30T07:45:16.750Z","submitted":"2017-09-07T19:36:18.530Z","characteristics":{"External Id":[{"text":"SAMN07619920","tag":"Namespace:BioSample"}],"INSDC center name":[{"text":"University of Southern California"}],"INSDC first public":[{"text":"2017-09-07T00:00:00Z"}],"INSDC last update":[{"text":"2018-10-30T14:46:38.829Z"}],"INSDC status":[{"text":"live"}],"NCBI submission model":[{"text":"Microbe, viral or environmental"}],"NCBI submission package":[{"text":"Microbe.1.0"}],"collected by":[{"text":"Tara Oceans Consortium","tag":"attribute"}],"collection date":[{"text":"2009","tag":"attribute"}],"depth":[{"text":"5-1000m","ontologyTerms":["http://www.ebi.ac.uk/efo/EFO_0006768"],"tag":"attribute"}],"env biome":[{"text":"marine pelagic biome","tag":"attribute"}],"environmental sample":[{"text":"1","tag":"attribute"}],"geo loc name":[{"text":"Indian Ocean","tag":"attribute"}],"isolate":[{"text":"IN39","ontologyTerms":["http://www.ebi.ac.uk/efo/EFO_0002529"],"tag":"attribute"}],"isolation source":[{"text":"Indian Monsoon Gyres Province","tag":"attribute"}],"metagenome source":[{"text":"marine metagenome","tag":"attribute"}],"metagenomic":[{"text":"1","tag":"attribute"}],"note":[{"text":"This BioSample is a metagenomic assembly obtained from the publically available reads for the TARA Oceans Project deposited in the Sequence Read Archive (SRA) database with runs accessions ERR315862, ERR315863, ERR538179, ERR538186, ERR318618, ERR318619, ERR318620, ERR318621, ERR598951, ERR599043, ERR599094, ERR599153, ERR315858, ERR315861, ERR538173, ERR315859, ERR315860, ERR538175, ERR598993, ERR599140, ERR599073, ERR599092, ERR594288, ERR594316, ERR594317, ERR868407, ERR594315, ERR594329, ERR868473, ERR315857, ERR550396, ERR550403, ERR562530, ERR654518, ERR315856, ERR538182, ERR550537, ERR562726","tag":"attribute"}],"organism":[{"text":"Rhodobiaceae bacterium","ontologyTerms":["http://purl.obolibrary.org/obo/NCBITaxon_2026785"]}],"sample type":[{"text":"metagenomic assembly","tag":"attribute"}],"title":[{"text":"2,631 Draft Metagenome-Assembled Genomes from the Global Oceans"}]},"submittedVia":"JSON_API","create":"2017-09-07T19:36:18.530Z","_links":{"self":{"href":"https://www.ebi.ac.uk/biosamples/samples/SAMN07619920"},"curationDomain":{"href":"https://www.ebi.ac.uk/biosamples/samples/SAMN07619920{?curationdomain}","templated":true},"curationLinks":{"href":"https://www.ebi.ac.uk/biosamples/samples/SAMN07619920/curationlinks"},"curationLink":{"href":"https://www.ebi.ac.uk/biosamples/samples/SAMN07619920/curationlinks/{hash}","templated":true},"structuredData":{"href":"https://www.ebi.ac.uk/biosamples/structureddata/SAMN07619920"}}}