{"name":"Firmicutes bacterium strain MLFW-2","accession":"SAMN05771867","domain":"self.BiosampleImportNCBI","taxId":1390249,"release":"2016-09-14T00:00:00Z","update":"2022-03-29T21:19:48.359Z","submitted":"2016-09-14T13:28:03.050Z","characteristics":{"External Id":[{"text":"SAMN05771867","tag":"Namespace:BioSample"}],"INSDC center name":[{"text":"University of Georgia"}],"INSDC first public":[{"text":"2016-09-14T00:00:00Z"}],"INSDC last update":[{"text":"2019-06-20T17:42:56.111Z"}],"INSDC status":[{"text":"live"}],"NCBI submission model":[{"text":"Microbe, viral or environmental"}],"NCBI submission package":[{"text":"Microbe.1.0"}],"collection date":[{"text":"2012","tag":"attribute"}],"geo loc name":[{"text":"USA: near southern shore of Mono Lake, CA","tag":"attribute"}],"isolation source":[{"text":"Anoxic sediments from the drainage area of a geothermal spring","tag":"attribute"}],"organism":[{"text":"Desulfuribacillus stibiiarsenatis","ontologyTerms":["http://purl.obolibrary.org/obo/NCBITaxon_1390249"]}],"sample type":[{"text":"Pure cell culture","tag":"attribute"}],"strain":[{"text":"MLFW-2","tag":"attribute"}],"title":[{"text":"Microbe sample from Desulfuribacillus stibiiarsenatis"}],"type material":[{"text":"type strain of Desulfuribacillus stibiiarsenatis","tag":"attribute"}]},"submittedVia":"JSON_API","create":"2016-09-14T13:28:03.050Z","_links":{"self":{"href":"https://www.ebi.ac.uk/biosamples/samples/SAMN05771867"},"curationDomain":{"href":"https://www.ebi.ac.uk/biosamples/samples/SAMN05771867{?curationdomain}","templated":true},"curationLinks":{"href":"https://www.ebi.ac.uk/biosamples/samples/SAMN05771867/curationlinks"},"curationLink":{"href":"https://www.ebi.ac.uk/biosamples/samples/SAMN05771867/curationlinks/{hash}","templated":true},"structuredData":{"href":"https://www.ebi.ac.uk/biosamples/structureddata/SAMN05771867"}}}