{"name":"Proteobacteria bacterium UBA6729","accession":"SAMN06457015","domain":"self.BiosampleImportNCBI","taxId":1948199,"release":"2017-02-27T00:00:00Z","update":"2022-03-30T01:31:33.346Z","submitted":"2017-02-27T14:01:30.380Z","characteristics":{"External Id":[{"text":"SAMN06457015","tag":"Namespace:BioSample"}],"INSDC center name":[{"text":"University of Queensland"}],"INSDC first public":[{"text":"2017-02-27T00:00:00Z"}],"INSDC secondary accession":[{"text":"SRS2032365"}],"INSDC status":[{"text":"live"}],"NCBI submission model":[{"text":"Microbe, viral or environmental"}],"SRA accession":[{"text":"SRS2032365"}],"assembly method":[{"text":"CLC de novo assembler","tag":"attribute"}],"assembly_method_version":[{"text":"4.4.1","tag":"attribute"}],"completeness_estimated":[{"text":"77.88%","tag":"attribute"}],"contamination_estimated":[{"text":"0.09%","tag":"attribute"}],"environmental sample":[{"text":"true","tag":"attribute"}],"genome coverage":[{"text":"25.32","tag":"attribute"}],"isolate":[{"text":"UBA6729","tag":"attribute"}],"isolation-source":[{"text":"deep-sea sponge Neamphius huxleyi","tag":"attribute"}],"mapping_method":[{"text":"BWA (BWA-MEM)","tag":"attribute"}],"mapping_method_version":[{"text":"0.7.12-r1039","tag":"attribute"}],"metagenome source":[{"text":"Neamphius huxleyi metagenome","tag":"attribute"}],"metagenomic":[{"text":"true","tag":"attribute"}],"organism":[{"text":"Proteobacteria bacterium UBA6729","ontologyTerms":["http://purl.obolibrary.org/obo/NCBITaxon_1948199"]}],"quality_assessment_method":[{"text":"CheckM","tag":"attribute"}],"quality_assessment_method_version":[{"text":"1.0.6","tag":"attribute"}],"sample type":[{"text":"metagenomic assembly","tag":"attribute"}],"subsrc_note":[{"text":"Genome binned from sequencing reads available in SRX147859 metagenome","tag":"attribute"}],"title":[{"text":"Uncultivated Proteobacteria bacterium UBA6729 genome recovered from SRX147859"}],"value":[{"text":"This BioSample is a metagenomic assembly obtained from the Neamphius huxleyi metagenome reads: SRR496756.","tag":"attribute"}]},"externalReferences":[{"url":"https://www.ebi.ac.uk/ena/data/view/SAMN06457015","duo":null}],"submittedVia":"JSON_API","create":"2017-02-27T14:01:30.380Z","_links":{"self":{"href":"https://www.ebi.ac.uk/biosamples/samples/SAMN06457015"},"curationDomain":{"href":"https://www.ebi.ac.uk/biosamples/samples/SAMN06457015{?curationdomain}","templated":true},"curationLinks":{"href":"https://www.ebi.ac.uk/biosamples/samples/SAMN06457015/curationlinks"},"curationLink":{"href":"https://www.ebi.ac.uk/biosamples/samples/SAMN06457015/curationlinks/{hash}","templated":true},"structuredData":{"href":"https://www.ebi.ac.uk/biosamples/structureddata/SAMN06457015"}}}