{"name":"Clostridia sp. DTU025","accession":"SAMN03777414","domain":"self.BiosampleImportNCBI","taxId":1671639,"release":"2016-01-14T06:45:02.787Z","update":"2022-03-29T11:36:23.715Z","submitted":"2015-06-17T06:28:26.677Z","characteristics":{"External Id":[{"text":"SAMN03777414","tag":"Namespace:BioSample"}],"INSDC center name":[{"text":"Technical University of Denmark"}],"INSDC first public":[{"text":"2016-01-14T06:45:02.787Z"}],"INSDC last update":[{"text":"2016-01-14T06:45:02.787Z"}],"INSDC status":[{"text":"live"}],"NCBI submission model":[{"text":"Microbe, viral or environmental"}],"NCBI submission package":[{"text":"Microbe.1.0"}],"collection date":[{"text":"2014-05-21","tag":"attribute"}],"description":[{"text":"Genome bin extracted from metagenomic assembly of microbial community from thermophilic anaerobic digestion of cattle manure in continuous reactors for biogas production (methane)."}],"env biome":[{"text":"Wastewater/sludge","tag":"attribute"}],"environmental sample":[{"text":"TRUE","tag":"attribute"}],"geo loc name":[{"text":"Denmark: Kgs. Lyngby","tag":"attribute"}],"isolate":[{"text":"DTU025","tag":"attribute"}],"isolation source":[{"text":"pool of bioreactors CSTR01a, CSTR02a, and CSTR03a; thermophilic anaerobic digestion of cattle manure in continuous reactors for biogas production (methane)","tag":"attribute"}],"lat lon":[{"text":"55.788338 N 12.526485 E","tag":"attribute"}],"metagenome source":[{"text":"anaerobic digester metagenome","tag":"attribute"}],"metagenomic":[{"text":"TRUE","tag":"attribute"}],"note":[{"text":"This is a metagenomic assembly obtained from the anaerobic digester metagenome SAMN03654438","tag":"attribute"}],"organism":[{"text":"Clostridia bacterium DTU025","ontologyTerms":["http://purl.obolibrary.org/obo/NCBITaxon_1671639"]}],"sample type":[{"text":"metagenomic assembly","tag":"attribute"}],"title":[{"text":"Sample for Clostridia sp. DTU025"}]},"submittedVia":"JSON_API","create":"2015-06-17T06:28:26.677Z","_links":{"self":{"href":"https://www.ebi.ac.uk/biosamples/samples/SAMN03777414"},"curationDomain":{"href":"https://www.ebi.ac.uk/biosamples/samples/SAMN03777414{?curationdomain}","templated":true},"curationLinks":{"href":"https://www.ebi.ac.uk/biosamples/samples/SAMN03777414/curationlinks"},"curationLink":{"href":"https://www.ebi.ac.uk/biosamples/samples/SAMN03777414/curationlinks/{hash}","templated":true},"structuredData":{"href":"https://www.ebi.ac.uk/biosamples/structureddata/SAMN03777414"}}}