{"name":"Symbiotic bacterium from sponge","accession":"SAMN02641234","domain":"self.BiosampleImportNCBI","taxId":1469245,"release":"2014-02-13T00:00:00Z","update":"2022-03-29T03:53:41.806Z","submitted":"2014-02-13T07:24:55.350Z","characteristics":{"External Id":[{"text":"SAMN02641234","tag":"Namespace:BioSample"}],"INSDC center name":[{"text":"Hong Kong University of Science and Technology"}],"INSDC first public":[{"text":"2014-02-13T00:00:00Z"}],"INSDC last update":[{"text":"2021-02-28T02:16:35.966Z"}],"INSDC secondary accession":[{"text":"SRS557363"}],"INSDC status":[{"text":"live"}],"NCBI submission model":[{"text":"Microbe, viral or environmental"}],"NCBI submission package":[{"text":"Microbe.1.0"}],"SRA accession":[{"text":"SRS557363"}],"collection date":[{"text":"2012-05-23","tag":"attribute"}],"geo loc name":[{"text":"Hong Kong: Clear Water Bay","tag":"attribute"}],"host":[{"text":"Haliclona cymaeformis","tag":"attribute"}],"isolation source":[{"text":"Sponge symbiont","tag":"attribute"}],"organism":[{"text":"Thioalkalivibrio sp. HK1","ontologyTerms":["http://purl.obolibrary.org/obo/NCBITaxon_1469245"]}],"strain":[{"text":"HK1","tag":"attribute"}],"title":[{"text":"Microbial community rich in Thioalkalivibrio"}]},"externalReferences":[{"url":"https://www.ebi.ac.uk/ena/browser/view/SAMN02641234","duo":[]},{"url":"https://www.ebi.ac.uk/ena/data/view/SAMN02641234","duo":null}],"submittedVia":"JSON_API","create":"2014-02-13T07:24:55.350Z","_links":{"self":{"href":"https://www.ebi.ac.uk/biosamples/samples/SAMN02641234"},"curationDomain":{"href":"https://www.ebi.ac.uk/biosamples/samples/SAMN02641234{?curationdomain}","templated":true},"curationLinks":{"href":"https://www.ebi.ac.uk/biosamples/samples/SAMN02641234/curationlinks"},"curationLink":{"href":"https://www.ebi.ac.uk/biosamples/samples/SAMN02641234/curationlinks/{hash}","templated":true},"structuredData":{"href":"https://www.ebi.ac.uk/biosamples/structureddata/SAMN02641234"}}}