{"name":"Desulfobacterales bacterium C00003060","accession":"SAMN05301630","domain":"self.BiosampleImportNCBI","taxId":1869303,"release":"2016-07-01T00:00:00Z","update":"2022-03-29T19:08:57.113Z","submitted":"2016-06-28T16:08:06.566Z","characteristics":{"External Id":[{"text":"SAMN05301630","tag":"Namespace:BioSample"}],"INSDC center name":[{"text":"California Institute of Technology"}],"INSDC first public":[{"text":"2016-07-01T00:00:00Z"}],"INSDC last update":[{"text":"2021-02-28T03:27:27.925Z"}],"INSDC status":[{"text":"live"}],"NCBI submission model":[{"text":"Microbe, viral or environmental"}],"NCBI submission package":[{"text":"Microbe.1.0"}],"collection date":[{"text":"2010-08","tag":"attribute"}],"environmental sample":[{"text":"TRUE","tag":"attribute"}],"geo loc name":[{"text":"Pacific Ocean: Hydrate Ridge","tag":"attribute"}],"isolate":[{"text":"C00003060","tag":"attribute"}],"isolation-source":[{"text":"combined push core samples #3730, #5133, and #5579 collected at Hydrate Ridge","tag":"attribute"}],"metagenome source":[{"text":"marine sediment metagenome","tag":"attribute"}],"metagenomic":[{"text":"TRUE","tag":"attribute"}],"note":[{"text":"This is a metagenomic bin extracted from combined assembly of #3730 #5133 #5579 (SAMN03893561)","tag":"attribute"}],"organism":[{"text":"Desulfobacterales bacterium C00003060","ontologyTerms":["http://purl.obolibrary.org/obo/NCBITaxon_1869303"]}],"sample type":[{"text":"metagenomic assembly","tag":"attribute"}],"title":[{"text":"Microbe sample from Desulfobacterales bacterium C00003060"}]},"submittedVia":"JSON_API","create":"2016-06-28T16:08:06.566Z","_links":{"self":{"href":"https://www.ebi.ac.uk/biosamples/samples/SAMN05301630"},"curationDomain":{"href":"https://www.ebi.ac.uk/biosamples/samples/SAMN05301630{?curationdomain}","templated":true},"curationLinks":{"href":"https://www.ebi.ac.uk/biosamples/samples/SAMN05301630/curationlinks"},"curationLink":{"href":"https://www.ebi.ac.uk/biosamples/samples/SAMN05301630/curationlinks/{hash}","templated":true},"structuredData":{"href":"https://www.ebi.ac.uk/biosamples/structureddata/SAMN05301630"}}}