{"name":"ASZN","accession":"SAMN02441253","domain":"self.BiosampleImportNCBI","taxId":1104566,"release":"2013-12-11T00:00:00Z","update":"2022-03-29T02:46:24.393Z","submitted":"2013-12-11T13:14:26.170Z","characteristics":{"External Id":[{"text":"SAMN02441253","tag":"Namespace:BioSample"}],"GOLD Stamp ID":[{"text":"Gi0008027","tag":"attribute"}],"INSDC center name":[{"text":"NCBI"}],"INSDC first public":[{"text":"2013-12-11T00:00:00Z"}],"INSDC last update":[{"text":"2021-02-28T02:13:43.814Z"}],"INSDC status":[{"text":"live"}],"Isolation Comments":[{"text":"single cell","ontologyTerms":["http://www.ebi.ac.uk/efo/EFO_0009899"],"tag":"attribute"}],"NCBI submission model":[{"text":"Generic"}],"NCBI submission package":[{"text":"Generic.1.0"}],"Source of Isolate":[{"text":"marine sponge","tag":"attribute"}],"biotic relationship":[{"text":"symbiont","tag":"attribute"}],"collection date":[{"text":"2009-09","tag":"attribute"}],"country":[{"text":"Croatia","tag":"attribute"}],"environment":[{"text":"Aquatic; Marine","tag":"attribute"}],"host":[{"text":"Aplysina aerophoba","tag":"attribute"}],"isolation site":[{"text":"Mediterranean Sea, Rovinj, Croatia","tag":"attribute"}],"lat lon":[{"text":"45.08 N 13.64 E","tag":"attribute"}],"note":[{"text":"single cell isolate","tag":"attribute"}],"organism":[{"text":"Candidatus Poribacteria bacterium WGA-3G","ontologyTerms":["http://purl.obolibrary.org/obo/NCBITaxon_1104566"]}],"project name":[{"text":"Poribacteria bacterium WGA-3G","tag":"attribute"}],"strain":[{"text":"WGA-3G","tag":"attribute"}],"title":[{"text":"Generic sample from Poribacteria bacterium WGA-3G"}]},"submittedVia":"JSON_API","create":"2013-12-11T13:14:26.170Z","_links":{"self":{"href":"https://www.ebi.ac.uk/biosamples/samples/SAMN02441253"},"curationDomain":{"href":"https://www.ebi.ac.uk/biosamples/samples/SAMN02441253{?curationdomain}","templated":true},"curationLinks":{"href":"https://www.ebi.ac.uk/biosamples/samples/SAMN02441253/curationlinks"},"curationLink":{"href":"https://www.ebi.ac.uk/biosamples/samples/SAMN02441253/curationlinks/{hash}","templated":true},"structuredData":{"href":"https://www.ebi.ac.uk/biosamples/structureddata/SAMN02441253"}}}