{"name":"RBG_13_OP11_Woykebacteria_40_15_curated","accession":"SAMN04314293","domain":"self.BiosampleImportNCBI","taxId":1802593,"release":"2016-02-22T00:00:00Z","update":"2022-03-29T15:09:40.391Z","submitted":"2015-12-03T12:24:51Z","characteristics":{"External Id":[{"text":"SAMN04314293","tag":"Namespace:BioSample"}],"INSDC center name":[{"text":"Banfield Lab, University of California, Berkeley"}],"INSDC first public":[{"text":"2016-02-22T00:00:00Z"}],"INSDC last update":[{"text":"2021-02-28T03:00:29.411Z"}],"INSDC status":[{"text":"live"}],"NCBI submission model":[{"text":"Metagenome or environmental"}],"NCBI submission package":[{"text":"Metagenome.environmental.1.0"}],"collection date":[{"text":"2007-07-07","tag":"attribute"}],"environmental sample":[{"text":"true","tag":"attribute"}],"geo loc name":[{"text":"USA: Rifle, CO","tag":"attribute"}],"isolation source":[{"text":"Rifle background sediment; well D04 at 13ft depth","tag":"attribute"}],"lat lon":[{"text":"39.5369 N 107.7828 W","tag":"attribute"}],"metagenome source":[{"text":"sediment metagenome","tag":"attribute"}],"metagenomic":[{"text":"true","tag":"attribute"}],"note":[{"text":"This biosample is a genome obtained from the metagenome sample SAMN03842427","tag":"attribute"}],"organism":[{"text":"Candidatus Woykebacteria bacterium RBG_13_40_15","ontologyTerms":["http://purl.obolibrary.org/obo/NCBITaxon_1802593"]}],"title":[{"text":"Metagenome or environmental sample from Candidatus Woykebacteria bacterium RBG_13_40_15"}]},"submittedVia":"JSON_API","create":"2015-12-03T12:24:51Z","_links":{"self":{"href":"https://www.ebi.ac.uk/biosamples/samples/SAMN04314293"},"curationDomain":{"href":"https://www.ebi.ac.uk/biosamples/samples/SAMN04314293{?curationdomain}","templated":true},"curationLinks":{"href":"https://www.ebi.ac.uk/biosamples/samples/SAMN04314293/curationlinks"},"curationLink":{"href":"https://www.ebi.ac.uk/biosamples/samples/SAMN04314293/curationlinks/{hash}","templated":true},"structuredData":{"href":"https://www.ebi.ac.uk/biosamples/structureddata/SAMN04314293"}}}