{"name":"CP000159","accession":"SAMN02604045","domain":"self.BiosampleImportNCBI","taxId":309807,"release":"2014-01-30T00:00:00Z","update":"2022-03-29T03:42:01.543Z","submitted":"2014-01-30T14:54:18.523Z","characteristics":{"External Id":[{"text":"SAMN02604045","tag":"Namespace:BioSample"}],"INSDC center name":[{"text":"NCBI"}],"INSDC first public":[{"text":"2014-01-30T00:00:00Z"}],"INSDC last update":[{"text":"2019-06-20T16:49:46.613Z"}],"INSDC status":[{"text":"live"}],"NCBI submission model":[{"text":"Generic"}],"NCBI submission package":[{"text":"Generic.1.0"}],"organism":[{"text":"Salinibacter ruber DSM 13855","ontologyTerms":["http://purl.obolibrary.org/obo/NCBITaxon_309807"]}],"strain":[{"text":"DSM 13855; M31","tag":"attribute"}],"title":[{"text":"Sample from Salinibacter ruber DSM 13855"}],"type material":[{"text":"type strain of Salinibacter ruber","tag":"attribute"}]},"submittedVia":"JSON_API","create":"2014-01-30T14:54:18.523Z","_links":{"self":{"href":"https://www.ebi.ac.uk/biosamples/samples/SAMN02604045"},"curationDomain":{"href":"https://www.ebi.ac.uk/biosamples/samples/SAMN02604045{?curationdomain}","templated":true},"curationLinks":{"href":"https://www.ebi.ac.uk/biosamples/samples/SAMN02604045/curationlinks"},"curationLink":{"href":"https://www.ebi.ac.uk/biosamples/samples/SAMN02604045/curationlinks/{hash}","templated":true},"structuredData":{"href":"https://www.ebi.ac.uk/biosamples/structureddata/SAMN02604045"}}}