{"name":"Firmicutes bacterium UBA5301","accession":"SAMN06453845","domain":"self.BiosampleImportNCBI","taxId":1948048,"release":"2017-02-27T00:00:00Z","update":"2022-03-30T01:30:11.676Z","submitted":"2017-02-27T11:11:54.590Z","characteristics":{"External Id":[{"text":"SAMN06453845","tag":"Namespace:BioSample"}],"INSDC center name":[{"text":"University of Queensland"}],"INSDC first public":[{"text":"2017-02-27T00:00:00Z"}],"INSDC secondary accession":[{"text":"SRS2035706"}],"INSDC status":[{"text":"live"}],"NCBI submission model":[{"text":"Microbe, viral or environmental"}],"SRA accession":[{"text":"SRS2035706"}],"assembly method":[{"text":"CLC de novo assembler","tag":"attribute"}],"assembly_method_version":[{"text":"4.4.1","tag":"attribute"}],"completeness_estimated":[{"text":"73.39%","tag":"attribute"}],"contamination_estimated":[{"text":"3.29%","tag":"attribute"}],"environmental sample":[{"text":"true","tag":"attribute"}],"genome coverage":[{"text":"10.01","tag":"attribute"}],"geo loc name":[{"text":"China: Luzhou","tag":"attribute"}],"isolate":[{"text":"UBA5301","tag":"attribute"}],"isolation-source":[{"text":"mud","tag":"attribute"}],"mapping_method":[{"text":"BWA (BWA-MEM)","tag":"attribute"}],"mapping_method_version":[{"text":"0.7.12-r1039","tag":"attribute"}],"metagenome source":[{"text":"fermentation metagenome","tag":"attribute"}],"metagenomic":[{"text":"true","tag":"attribute"}],"organism":[{"text":"Firmicutes bacterium UBA5301","ontologyTerms":["http://purl.obolibrary.org/obo/NCBITaxon_1948048"]}],"quality_assessment_method":[{"text":"CheckM","tag":"attribute"}],"quality_assessment_method_version":[{"text":"1.0.6","tag":"attribute"}],"sample type":[{"text":"metagenomic assembly","tag":"attribute"}],"subsrc_note":[{"text":"Genome binned from sequencing reads available in SRX691267 metagenome","tag":"attribute"}],"title":[{"text":"Uncultivated Firmicutes bacterium UBA5301 genome recovered from SRX691267"}],"value":[{"text":"This BioSample is a metagenomic assembly obtained from the fermentation metagenome reads: SRR1561992.","tag":"attribute"}]},"externalReferences":[{"url":"https://www.ebi.ac.uk/ena/data/view/SAMN06453845","duo":null}],"submittedVia":"JSON_API","create":"2017-02-27T11:11:54.590Z","_links":{"self":{"href":"https://www.ebi.ac.uk/biosamples/samples/SAMN06453845"},"curationDomain":{"href":"https://www.ebi.ac.uk/biosamples/samples/SAMN06453845{?curationdomain}","templated":true},"curationLinks":{"href":"https://www.ebi.ac.uk/biosamples/samples/SAMN06453845/curationlinks"},"curationLink":{"href":"https://www.ebi.ac.uk/biosamples/samples/SAMN06453845/curationlinks/{hash}","templated":true},"structuredData":{"href":"https://www.ebi.ac.uk/biosamples/structureddata/SAMN06453845"}}}