{"name":"BY-2014","accession":"SAMN09041722","domain":"self.BiosampleImportNCBI","taxId":2250252,"release":"2018-05-03T00:00:00Z","update":"2022-03-30T17:16:35.578Z","submitted":"2018-05-03T06:24:06.120Z","characteristics":{"External Id":[{"text":"SAMN09041722","tag":"Namespace:BioSample"}],"INSDC center name":[{"text":"Institute of Bioengineering, Research Center of Biotechnology of RAS"}],"INSDC first public":[{"text":"2018-05-03T00:00:00Z"}],"INSDC last update":[{"text":"2021-04-02T21:04:13.884Z"}],"INSDC secondary accession":[{"text":"SRS3250650"}],"INSDC status":[{"text":"live"}],"NCBI submission model":[{"text":"Microbe, viral or environmental"}],"NCBI submission package":[{"text":"Microbe.1.0"}],"SRA accession":[{"text":"SRS3250650"}],"collection date":[{"text":"2014-08-05","tag":"attribute"}],"environmental sample":[{"text":"true","tag":"attribute"}],"geo loc name":[{"text":"Russia: Byelii Yar, Tomsk region (Western Siberia)","tag":"attribute"}],"isolate":[{"text":"BY40","tag":"attribute"}],"isolation source":[{"text":"2-km deep subsurface thermal aquifer","tag":"attribute"}],"lat lon":[{"text":"58.4496 N 85.0279 E","tag":"attribute"}],"metagenomic":[{"text":"true","tag":"attribute"}],"note":[{"text":"This biosample is a metagenomic assembly obtained from the subsurface metagenome sample SAMN09768157","tag":"attribute"}],"organism":[{"text":"Candidatus Sumerlaea chitinivorans","ontologyTerms":["http://purl.obolibrary.org/obo/NCBITaxon_2250252"]}],"samp_collect_device":[{"text":"Filtration of water","tag":"attribute"}],"samp_size":[{"text":"50 L","tag":"attribute"}],"title":[{"text":"Metagenome or environmental sample from subsurface metagenome"}]},"externalReferences":[{"url":"https://www.ebi.ac.uk/ena/browser/view/SAMN09041722","duo":[]},{"url":"https://www.ebi.ac.uk/ena/data/view/SAMN09041722","duo":null}],"submittedVia":"JSON_API","create":"2018-05-03T06:24:06.120Z","_links":{"self":{"href":"https://www.ebi.ac.uk/biosamples/samples/SAMN09041722"},"curationDomain":{"href":"https://www.ebi.ac.uk/biosamples/samples/SAMN09041722{?curationdomain}","templated":true},"curationLinks":{"href":"https://www.ebi.ac.uk/biosamples/samples/SAMN09041722/curationlinks"},"curationLink":{"href":"https://www.ebi.ac.uk/biosamples/samples/SAMN09041722/curationlinks/{hash}","templated":true},"structuredData":{"href":"https://www.ebi.ac.uk/biosamples/structureddata/SAMN09041722"}}}