{"name":"Deferribacterales bacterium UBA4806","accession":"SAMN06451831","domain":"self.BiosampleImportNCBI","taxId":1950942,"release":"2017-02-27T00:00:00Z","update":"2022-03-30T01:29:22.770Z","submitted":"2017-02-27T11:08:09.706Z","characteristics":{"External Id":[{"text":"SAMN06451831","tag":"Namespace:BioSample"}],"INSDC center name":[{"text":"University of Queensland"}],"INSDC first public":[{"text":"2017-02-27T00:00:00Z"}],"INSDC secondary accession":[{"text":"SRS2034272"}],"INSDC status":[{"text":"live"}],"NCBI submission model":[{"text":"Microbe, viral or environmental"}],"SRA accession":[{"text":"SRS2034272"}],"assembly method":[{"text":"CLC de novo assembler","tag":"attribute"}],"assembly_method_version":[{"text":"4.4.1","tag":"attribute"}],"completeness_estimated":[{"text":"61.33%","tag":"attribute"}],"contamination_estimated":[{"text":"0.00%","tag":"attribute"}],"environmental sample":[{"text":"true","tag":"attribute"}],"genome coverage":[{"text":"22.14","tag":"attribute"}],"geo loc name":[{"text":"Canada: North Alberta","tag":"attribute"}],"isolate":[{"text":"UBA4806","tag":"attribute"}],"isolation-source":[{"text":"Suncor tailing pond sample","tag":"attribute"}],"mapping_method":[{"text":"BWA (BWA-MEM)","tag":"attribute"}],"mapping_method_version":[{"text":"0.7.12-r1039","tag":"attribute"}],"metagenome source":[{"text":"hydrocarbon metagenome","tag":"attribute"}],"metagenomic":[{"text":"true","tag":"attribute"}],"organism":[{"text":"Deferribacterales bacterium UBA4806","ontologyTerms":["http://purl.obolibrary.org/obo/NCBITaxon_1950942"]}],"quality_assessment_method":[{"text":"CheckM","tag":"attribute"}],"quality_assessment_method_version":[{"text":"1.0.6","tag":"attribute"}],"sample type":[{"text":"metagenomic assembly","tag":"attribute"}],"subsrc_note":[{"text":"Genome binned from sequencing reads available in SRX559915 metagenome","tag":"attribute"}],"title":[{"text":"Uncultivated Deferribacterales bacterium UBA4806 genome recovered from SRX559915"}],"value":[{"text":"This BioSample is a metagenomic assembly obtained from the hydrocarbon metagenome reads: SRR1313281,SRR1313282,SRR1313285,SRR1313283,SRR1313287,SRR1313284.","tag":"attribute"}]},"externalReferences":[{"url":"https://www.ebi.ac.uk/ena/data/view/SAMN06451831","duo":null}],"submittedVia":"JSON_API","create":"2017-02-27T11:08:09.706Z","_links":{"self":{"href":"https://www.ebi.ac.uk/biosamples/samples/SAMN06451831"},"curationDomain":{"href":"https://www.ebi.ac.uk/biosamples/samples/SAMN06451831{?curationdomain}","templated":true},"curationLinks":{"href":"https://www.ebi.ac.uk/biosamples/samples/SAMN06451831/curationlinks"},"curationLink":{"href":"https://www.ebi.ac.uk/biosamples/samples/SAMN06451831/curationlinks/{hash}","templated":true},"structuredData":{"href":"https://www.ebi.ac.uk/biosamples/structureddata/SAMN06451831"}}}