{"name":"candidate division WOR-3 bacterium UBA3073","accession":"SAMN06455134","domain":"self.BiosampleImportNCBI","taxId":1948310,"release":"2017-02-27T00:00:00Z","update":"2022-03-30T01:30:44.876Z","submitted":"2017-02-27T11:14:31.160Z","characteristics":{"External Id":[{"text":"SAMN06455134","tag":"Namespace:BioSample"}],"INSDC center name":[{"text":"University of Queensland"}],"INSDC first public":[{"text":"2017-02-27T00:00:00Z"}],"INSDC secondary accession":[{"text":"SRS2034321"}],"INSDC status":[{"text":"live"}],"NCBI submission model":[{"text":"Microbe, viral or environmental"}],"SRA accession":[{"text":"SRS2034321"}],"assembly method":[{"text":"CLC de novo assembler","tag":"attribute"}],"assembly_method_version":[{"text":"4.4.1","tag":"attribute"}],"completeness_estimated":[{"text":"85.16%","tag":"attribute"}],"contamination_estimated":[{"text":"1.65%","tag":"attribute"}],"environmental sample":[{"text":"true","tag":"attribute"}],"genome coverage":[{"text":"76.19","tag":"attribute"}],"geo loc name":[{"text":"USA: Coal Oil Point, Santa Barbara, California","tag":"attribute"}],"isolate":[{"text":"UBA3073","tag":"attribute"}],"isolation-source":[{"text":"Oil polluted marine water","tag":"attribute"}],"mapping_method":[{"text":"BWA (BWA-MEM)","tag":"attribute"}],"mapping_method_version":[{"text":"0.7.12-r1039","tag":"attribute"}],"metagenome source":[{"text":"marine metagenome","tag":"attribute"}],"metagenomic":[{"text":"true","tag":"attribute"}],"organism":[{"text":"candidate division WOR-3 bacterium UBA3073","ontologyTerms":["http://purl.obolibrary.org/obo/NCBITaxon_1948310"]}],"quality_assessment_method":[{"text":"CheckM","tag":"attribute"}],"quality_assessment_method_version":[{"text":"1.0.6","tag":"attribute"}],"sample type":[{"text":"metagenomic assembly","tag":"attribute"}],"subsrc_note":[{"text":"Genome binned from sequencing reads available in SRX559946 metagenome","tag":"attribute"}],"title":[{"text":"Uncultivated candidate division WOR-3 bacterium UBA3073 genome recovered from SRX559946"}],"value":[{"text":"This BioSample is a metagenomic assembly obtained from the marine metagenome reads: SRR1313318.","tag":"attribute"}]},"externalReferences":[{"url":"https://www.ebi.ac.uk/ena/data/view/SAMN06455134","duo":null}],"submittedVia":"JSON_API","create":"2017-02-27T11:14:31.160Z","_links":{"self":{"href":"https://www.ebi.ac.uk/biosamples/samples/SAMN06455134"},"curationDomain":{"href":"https://www.ebi.ac.uk/biosamples/samples/SAMN06455134{?curationdomain}","templated":true},"curationLinks":{"href":"https://www.ebi.ac.uk/biosamples/samples/SAMN06455134/curationlinks"},"curationLink":{"href":"https://www.ebi.ac.uk/biosamples/samples/SAMN06455134/curationlinks/{hash}","templated":true},"structuredData":{"href":"https://www.ebi.ac.uk/biosamples/structureddata/SAMN06455134"}}}