{"name":"Bacteroidetes bacterium UBA6661","accession":"SAMN06451232","domain":"self.BiosampleImportNCBI","taxId":1953169,"release":"2017-02-27T00:00:00Z","update":"2022-03-30T01:29:09.787Z","submitted":"2017-02-27T11:04:27.356Z","characteristics":{"External Id":[{"text":"SAMN06451232","tag":"Namespace:BioSample"}],"INSDC center name":[{"text":"University of Queensland"}],"INSDC first public":[{"text":"2017-02-27T00:00:00Z"}],"INSDC secondary accession":[{"text":"SRS2033822"}],"INSDC status":[{"text":"live"}],"NCBI submission model":[{"text":"Microbe, viral or environmental"}],"SRA accession":[{"text":"SRS2033822"}],"assembly method":[{"text":"CLC de novo assembler","tag":"attribute"}],"assembly_method_version":[{"text":"4.4.1","tag":"attribute"}],"completeness_estimated":[{"text":"95.79%","tag":"attribute"}],"contamination_estimated":[{"text":"1.79%","tag":"attribute"}],"environmental sample":[{"text":"true","tag":"attribute"}],"genome coverage":[{"text":"15.03","tag":"attribute"}],"geo loc name":[{"text":"Australia: Brisbane, Thorneside Wastewater Treatment Plant","tag":"attribute"}],"isolate":[{"text":"UBA6661","tag":"attribute"}],"isolation-source":[{"text":"activated sludge","tag":"attribute"}],"mapping_method":[{"text":"BWA (BWA-MEM)","tag":"attribute"}],"mapping_method_version":[{"text":"0.7.12-r1039","tag":"attribute"}],"metagenome source":[{"text":"bioreactor sludge metagenome","tag":"attribute"}],"metagenomic":[{"text":"true","tag":"attribute"}],"organism":[{"text":"Bacteroidetes bacterium UBA6661","ontologyTerms":["http://purl.obolibrary.org/obo/NCBITaxon_1953169"]}],"quality_assessment_method":[{"text":"CheckM","tag":"attribute"}],"quality_assessment_method_version":[{"text":"1.0.6","tag":"attribute"}],"sample type":[{"text":"metagenomic assembly","tag":"attribute"}],"subsrc_note":[{"text":"Genome binned from sequencing reads available in SRX404361 metagenome","tag":"attribute"}],"title":[{"text":"Uncultivated Bacteroidetes bacterium UBA6661 genome recovered from SRX404361"}],"value":[{"text":"This BioSample is a metagenomic assembly obtained from the bioreactor sludge metagenome reads: SRR1068202.","tag":"attribute"}]},"externalReferences":[{"url":"https://www.ebi.ac.uk/ena/data/view/SAMN06451232","duo":null}],"submittedVia":"JSON_API","create":"2017-02-27T11:04:27.356Z","_links":{"self":{"href":"https://www.ebi.ac.uk/biosamples/samples/SAMN06451232"},"curationDomain":{"href":"https://www.ebi.ac.uk/biosamples/samples/SAMN06451232{?curationdomain}","templated":true},"curationLinks":{"href":"https://www.ebi.ac.uk/biosamples/samples/SAMN06451232/curationlinks"},"curationLink":{"href":"https://www.ebi.ac.uk/biosamples/samples/SAMN06451232/curationlinks/{hash}","templated":true},"structuredData":{"href":"https://www.ebi.ac.uk/biosamples/structureddata/SAMN06451232"}}}