{"name":"CP001901","accession":"SAMN02598520","domain":"self.BiosampleImportNCBI","taxId":644281,"release":"2014-01-28T00:00:00Z","update":"2022-03-29T03:40:18.483Z","submitted":"2014-01-28T10:41:18.753Z","characteristics":{"Biotic Relationship":[{"text":"free living","tag":"attribute"}],"External Id":[{"text":"SAMN02598520","tag":"Namespace:BioSample"}],"GOLD Stamp ID":[{"text":"Gi02050","tag":"attribute"}],"Gram Staining":[{"text":"gram-","tag":"attribute"}],"Greengenes ID":[{"text":"179917","tag":"attribute"}],"INSDC center name":[{"text":"NCBI"}],"INSDC first public":[{"text":"2014-01-28T00:00:00Z"}],"INSDC last update":[{"text":"2019-06-20T16:49:12.873Z"}],"INSDC secondary accession":[{"text":"SRS1565836"}],"INSDC status":[{"text":"live"}],"NCBI submission model":[{"text":"Generic"}],"NCBI submission package":[{"text":"Generic.1.0"}],"SRA accession":[{"text":"SRS1565836"}],"Sporulation":[{"text":"Nonsporulating","tag":"attribute"}],"cell shape":[{"text":"Coccus-shaped","tag":"attribute"}],"energy source":[{"text":"Lithotroph","tag":"attribute"}],"habitat":[{"text":"Deep sea, Hydrothermal vent, Marine","tag":"attribute"}],"isolation site":[{"text":"Deep-sea hydrothermal vent from Pacific Ocean Axial volcano on the Juan de Fuca Ridge","tag":"attribute"}],"lat-lon":[{"text":"23.366667 N 44.933333 W","tag":"attribute"}],"motility":[{"text":"Motile","tag":"attribute"}],"organism":[{"text":"Methanocaldococcus sp. FS406-22","ontologyTerms":["http://purl.obolibrary.org/obo/NCBITaxon_644281"]}],"phenotypes":[{"text":"Piezophile","tag":"attribute"}],"strain":[{"text":"FS406-22","tag":"attribute"}],"temperature optimum":[{"text":"90C","tag":"attribute"}],"temperature range":[{"text":"Thermophile","tag":"attribute"}],"title":[{"text":"Sample from Methanocaldococcus sp. FS406-22"}]},"externalReferences":[{"url":"https://www.ebi.ac.uk/ena/data/view/SAMN02598520","duo":null}],"submittedVia":"JSON_API","create":"2014-01-28T10:41:18.753Z","_links":{"self":{"href":"https://www.ebi.ac.uk/biosamples/samples/SAMN02598520"},"curationDomain":{"href":"https://www.ebi.ac.uk/biosamples/samples/SAMN02598520{?curationdomain}","templated":true},"curationLinks":{"href":"https://www.ebi.ac.uk/biosamples/samples/SAMN02598520/curationlinks"},"curationLink":{"href":"https://www.ebi.ac.uk/biosamples/samples/SAMN02598520/curationlinks/{hash}","templated":true},"structuredData":{"href":"https://www.ebi.ac.uk/biosamples/structureddata/SAMN02598520"}}}