{"name":"73.20110600_P1M.13","accession":"SAMN08178778","domain":"self.BiosampleImportNCBI","taxId":2052142,"release":"2018-05-26T00:00:00Z","update":"2022-03-30T11:39:04.528Z","submitted":"2017-12-14T19:09:06.570Z","characteristics":{"External Id":[{"text":"SAMN08178778","tag":"Namespace:BioSample"}],"INSDC center name":[{"text":"The University of Queensland"}],"INSDC first public":[{"text":"2018-05-26T00:00:00Z"}],"INSDC last update":[{"text":"2021-02-28T05:12:39.671Z"}],"INSDC status":[{"text":"live"}],"NCBI submission model":[{"text":"Microbe, viral or environmental"}],"NCBI submission package":[{"text":"Microbe.1.0"}],"altitude":[{"text":"363 m","tag":"attribute"}],"collection date":[{"text":"2011-06-15","tag":"attribute"}],"depth":[{"text":"0.12-0.15","tag":"attribute"}],"environmental sample":[{"text":"1","tag":"attribute"}],"geo loc name":[{"text":"Sweden: Stordalen Mire","tag":"attribute"}],"isolate":[{"text":"palsa_87","tag":"attribute"}],"isolation source":[{"text":"permafrost active layer soil","tag":"attribute"}],"lat lon":[{"text":"68.3535 N 19.0471 E","tag":"attribute"}],"metagenome source":[{"text":"peat metagenome","tag":"attribute"}],"metagenomic":[{"text":"1","tag":"attribute"}],"name":[{"text":"note","tag":"attribute"}],"organism":[{"text":"Acidobacteriaceae bacterium","ontologyTerms":["http://purl.obolibrary.org/obo/NCBITaxon_2052142"]}],"sample type":[{"text":"metagenomic assembly","tag":"attribute"}],"title":[{"text":"MAG Acidobacteria_palsa_87 from metagenome 20110600_P1M"}],"value":[{"text":"This BioSample is a metagenomic assembly obtained from the 20110600_P1M metagenome BioSample: SAMN07124888.","tag":"attribute"}]},"submittedVia":"JSON_API","create":"2017-12-14T19:09:06.570Z","_links":{"self":{"href":"https://www.ebi.ac.uk/biosamples/samples/SAMN08178778"},"curationDomain":{"href":"https://www.ebi.ac.uk/biosamples/samples/SAMN08178778{?curationdomain}","templated":true},"curationLinks":{"href":"https://www.ebi.ac.uk/biosamples/samples/SAMN08178778/curationlinks"},"curationLink":{"href":"https://www.ebi.ac.uk/biosamples/samples/SAMN08178778/curationlinks/{hash}","templated":true},"structuredData":{"href":"https://www.ebi.ac.uk/biosamples/structureddata/SAMN08178778"}}}