{"name":"Verrucomicrobia_AV19","accession":"SAMN08911969","domain":"self.BiosampleImportNCBI","taxId":2026799,"release":"2018-06-14T00:37:44.973Z","update":"2022-03-30T16:25:39.629Z","submitted":"2018-04-10T21:53:08.270Z","characteristics":{"External Id":[{"text":"SAMN08911969","tag":"Namespace:BioSample"}],"INSDC center name":[{"text":"Jill Banfield's Lab at Berkeley"}],"INSDC first public":[{"text":"2018-06-14T00:37:44.973Z"}],"INSDC last update":[{"text":"2018-06-14T00:37:44.973Z"}],"INSDC status":[{"text":"live"}],"NCBI submission model":[{"text":"Microbe, viral or environmental"}],"NCBI submission package":[{"text":"Microbe.1.0"}],"collection date":[{"text":"2014-09-27","tag":"attribute"}],"elev":[{"text":"1417 ft","tag":"attribute"}],"env biome":[{"text":"temperate grassland biome","tag":"attribute"}],"env feature":[{"text":"meadow soil","tag":"attribute"}],"env_material":[{"text":"soil","tag":"attribute"}],"environmental sample":[{"text":"1","tag":"attribute"}],"geo loc name":[{"text":"USA: Angelo Coast Range Reserve, CA","tag":"attribute"}],"isolate":[{"text":"AV19","ontologyTerms":["http://www.ebi.ac.uk/efo/EFO_0007707"],"tag":"attribute"}],"isolation source":[{"text":"meadow soil","tag":"attribute"}],"lat lon":[{"text":"39.74 N 123.63 W","tag":"attribute"}],"metagenome source":[{"text":"soil metagenome","ontologyTerms":["http://purl.obolibrary.org/obo/NCBITaxon_410658"],"tag":"attribute"}],"metagenomic":[{"text":"1","tag":"attribute"}],"note":[{"text":"This BioSample is a metagenomic assembly obtained from the soil metagenome BioSample: SAMN08902868","tag":"attribute"}],"organism":[{"text":"Verrucomicrobia bacterium","ontologyTerms":["http://purl.obolibrary.org/obo/NCBITaxon_2026799"]}],"sample type":[{"text":"metagenomic assembly","tag":"attribute"}],"title":[{"text":"Microbe sample from Verrucomicrobia bacterium"}]},"submittedVia":"JSON_API","create":"2018-04-10T21:53:08.270Z","_links":{"self":{"href":"https://www.ebi.ac.uk/biosamples/samples/SAMN08911969"},"curationDomain":{"href":"https://www.ebi.ac.uk/biosamples/samples/SAMN08911969{?curationdomain}","templated":true},"curationLinks":{"href":"https://www.ebi.ac.uk/biosamples/samples/SAMN08911969/curationlinks"},"curationLink":{"href":"https://www.ebi.ac.uk/biosamples/samples/SAMN08911969/curationlinks/{hash}","templated":true},"structuredData":{"href":"https://www.ebi.ac.uk/biosamples/structureddata/SAMN08911969"}}}