{"name":"11434","accession":"SAMN00808754","domain":"self.BiosampleImportNCBI","taxId":698762,"release":"2012-03-05T23:03:02.677Z","update":"2022-03-28T17:07:53.820Z","submitted":"2012-03-05T23:03:02.373Z","characteristics":{"External Id":[{"text":"SAMN00808754","tag":"Namespace:BioSample"}],"INSDC center name":[{"text":"DOE Joint Genome Institute"}],"INSDC first public":[{"text":"2012-03-05T23:03:02.677Z"}],"INSDC last update":[{"text":"2015-12-14T14:09:12.723Z"}],"INSDC secondary accession":[{"text":"SRS297351"}],"INSDC status":[{"text":"live"}],"NCBI submission model":[{"text":"Generic"}],"NCBI submission package":[{"text":"Generic.1.0"}],"SRA accession":[{"text":"SRS297351"}],"description":[{"text":"Thermanaeromonas toyohensis ToBE"}],"organism":[{"text":"Thermanaeromonas toyohensis ToBE","ontologyTerms":["http://purl.obolibrary.org/obo/NCBITaxon_698762"]}],"sample number":[{"text":"4087359","tag":"attribute"}],"strain":[{"text":"ToBE","tag":"attribute"}],"title":[{"text":"Generic sample from Thermanaeromonas toyohensis ToBE"}]},"externalReferences":[{"url":"https://www.ebi.ac.uk/ena/data/view/SAMN00808754","duo":null}],"submittedVia":"JSON_API","create":"2012-03-05T23:03:02.373Z","_links":{"self":{"href":"https://www.ebi.ac.uk/biosamples/samples/SAMN00808754"},"curationDomain":{"href":"https://www.ebi.ac.uk/biosamples/samples/SAMN00808754{?curationdomain}","templated":true},"curationLinks":{"href":"https://www.ebi.ac.uk/biosamples/samples/SAMN00808754/curationlinks"},"curationLink":{"href":"https://www.ebi.ac.uk/biosamples/samples/SAMN00808754/curationlinks/{hash}","templated":true},"structuredData":{"href":"https://www.ebi.ac.uk/biosamples/structureddata/SAMN00808754"}}}