{"name":"Tpacific_P4","accession":"SAMN03324161","domain":"self.BiosampleImportNCBI","taxId":71998,"release":"2015-02-27T00:00:00Z","update":"2022-03-29T08:11:35.711Z","submitted":"2015-02-02T11:50:32.366Z","characteristics":{"External Id":[{"text":"SAMN03324161","tag":"Namespace:BioSample"}],"INSDC center name":[{"text":"Ecole Normale Superieure de Lyon"}],"INSDC first public":[{"text":"2015-02-27T00:00:00Z"}],"INSDC last update":[{"text":"2019-07-21T02:29:12.338Z"}],"INSDC status":[{"text":"live"}],"NCBI submission model":[{"text":"MIGS/MIMS/MIMARKS.water"},{"text":"MIGS.ba"}],"NCBI submission package":[{"text":"MIGS.ba.water.5.0"}],"collection date":[{"text":"1990","tag":"attribute"}],"depth":[{"text":"40m","tag":"attribute"}],"description":[{"text":"Pure culture from culture collection"}],"env biome":[{"text":"Marine hydrothermal vent","tag":"attribute"}],"env feature":[{"text":"Black smoker","tag":"attribute"}],"env_material":[{"text":"hydrothermal sediment","tag":"attribute"}],"estimated size":[{"text":"1783730","tag":"attribute"}],"geo loc name":[{"text":"New Zealand: Bay of plenty","tag":"attribute"}],"isol_growth_condt":[{"text":"http://www.dsmz.de/catalogues/details/culture/DSM-10395.html?tx_dsmzresources_pi5%5BreturnPid%5D=304","tag":"attribute"}],"num_replicons":[{"text":"1","tag":"attribute"}],"organism":[{"text":"Thermococcus pacificus","ontologyTerms":["http://purl.obolibrary.org/obo/NCBITaxon_71998"]}],"ref_biomaterial":[{"text":"http://www.ncbi.nlm.nih.gov/pubmed/9542072","tag":"attribute"}],"rel_to_oxygen":[{"text":"anaerobic","tag":"attribute"}],"strain":[{"text":"P-4","ontologyTerms":["http://www.ebi.ac.uk/efo/EFO_0002099"],"tag":"attribute"}],"title":[{"text":"MIGS Cultured Bacterial/Archaeal sample from Thermococcus pacificus"}],"type material":[{"text":"type strain of Thermococcus pacificus","tag":"attribute"}]},"submittedVia":"JSON_API","create":"2015-02-02T11:50:32.366Z","_links":{"self":{"href":"https://www.ebi.ac.uk/biosamples/samples/SAMN03324161"},"curationDomain":{"href":"https://www.ebi.ac.uk/biosamples/samples/SAMN03324161{?curationdomain}","templated":true},"curationLinks":{"href":"https://www.ebi.ac.uk/biosamples/samples/SAMN03324161/curationlinks"},"curationLink":{"href":"https://www.ebi.ac.uk/biosamples/samples/SAMN03324161/curationlinks/{hash}","templated":true},"structuredData":{"href":"https://www.ebi.ac.uk/biosamples/structureddata/SAMN03324161"}}}