{"name":"UBA8530","accession":"SAMN08020263","domain":"self.BiosampleImportNCBI","taxId":2055790,"release":"2017-11-13T00:00:00Z","update":"2022-03-30T10:42:23.120Z","submitted":"2017-11-13T20:27:21.320Z","characteristics":{"External Id":[{"text":"SAMN08020263","tag":"Namespace:BioSample"}],"INSDC center name":[{"text":"University of Queensland"}],"INSDC first public":[{"text":"2017-11-13T00:00:00Z"}],"INSDC secondary accession":[{"text":"SRS2845466"}],"INSDC status":[{"text":"live"}],"NCBI submission model":[{"text":"Microbe, viral or environmental"}],"SRA accession":[{"text":"SRS2845466"}],"assembly method":[{"text":"CLC de novo assembler","tag":"attribute"}],"assembly_method_version":[{"text":"4.4.1","tag":"attribute"}],"completeness_estimated":[{"text":"84.00%","tag":"attribute"}],"contamination_estimated":[{"text":"2.56%","tag":"attribute"}],"environmental sample":[{"text":"true","tag":"attribute"}],"genome coverage":[{"text":"11.17x","tag":"attribute"}],"isolate":[{"text":"UBA8530","tag":"attribute"}],"isolation source":[{"text":"sediment","tag":"attribute"}],"mapping_method":[{"text":"BWA (BWA-MEM)","tag":"attribute"}],"mapping_method_version":[{"text":"0.7.12-r1039","tag":"attribute"}],"metagenome source":[{"text":"sediment metagenome","tag":"attribute"}],"metagenomic":[{"text":"true","tag":"attribute"}],"note":[{"text":"sediment metagenome","tag":"attribute"}],"organism":[{"text":"Cyanobacteria bacterium UBA8530","ontologyTerms":["http://purl.obolibrary.org/obo/NCBITaxon_2055790"]}],"quality_assessment_method":[{"text":"CheckM","tag":"attribute"}],"quality_assessment_method_version":[{"text":"1.0.6","tag":"attribute"}],"sample type":[{"text":"metagenomic assembly","tag":"attribute"}],"title":[{"text":"Uncultivated Cyanobacteria bacterium UBA8530 genome recovered from SRX329136"}],"value":[{"text":"This BioSample is a metagenomic assembly obtained from the sediment metagenome reads: SRR944699.","tag":"attribute"}]},"externalReferences":[{"url":"https://www.ebi.ac.uk/ena/data/view/SAMN08020263","duo":null}],"submittedVia":"JSON_API","create":"2017-11-13T20:27:21.320Z","_links":{"self":{"href":"https://www.ebi.ac.uk/biosamples/samples/SAMN08020263"},"curationDomain":{"href":"https://www.ebi.ac.uk/biosamples/samples/SAMN08020263{?curationdomain}","templated":true},"curationLinks":{"href":"https://www.ebi.ac.uk/biosamples/samples/SAMN08020263/curationlinks"},"curationLink":{"href":"https://www.ebi.ac.uk/biosamples/samples/SAMN08020263/curationlinks/{hash}","templated":true},"structuredData":{"href":"https://www.ebi.ac.uk/biosamples/structureddata/SAMN08020263"}}}