{"name":"Genome for Alphaproteobacteria bacterium 16-39-46 from Reservoir_2m_Sept mine wastewater metagenome","accession":"SAMN06622281","domain":"self.BiosampleImportNCBI","taxId":1970490,"release":"2017-03-20T00:00:00Z","update":"2022-03-30T02:40:15.028Z","submitted":"2017-03-20T17:33:17.066Z","characteristics":{"External Id":[{"text":"SAMN06622281","tag":"Namespace:BioSample"}],"INSDC center name":[{"text":"Jill Banfield's Lab at Berkeley"}],"INSDC first public":[{"text":"2017-03-20T00:00:00Z"}],"INSDC last update":[{"text":"2021-02-28T04:09:12.711Z"}],"INSDC status":[{"text":"live"}],"NCBI submission model":[{"text":"MIGS.ba"},{"text":"MIGS/MIMS/MIMARKS.wastewater"}],"NCBI submission package":[{"text":"MIGS.ba.wastewater.5.0"}],"collection date":[{"text":"2014-09","tag":"attribute"}],"depth":[{"text":"21","tag":"attribute"}],"description":[{"text":"Keywords: GSC:MIxS;MIGS:5.0"}],"env biome":[{"text":"Mine wastewater","tag":"attribute"}],"env feature":[{"text":"Oxidation reservoir","tag":"attribute"}],"env_material":[{"text":"Mine wastewater","tag":"attribute"}],"environmental sample":[{"text":"TRUE","tag":"attribute"}],"geo loc name":[{"text":"Canada: Ontario","tag":"attribute"}],"isolate":[{"text":"16-39-46","tag":"attribute"}],"isolation-source":[{"text":"Mine wastewater","tag":"attribute"}],"lat lon":[{"text":"46.65 N 81.32 W","tag":"attribute"}],"metagenome source":[{"text":"mine drainage metagenome","tag":"attribute"}],"metagenomic":[{"text":"TRUE","tag":"attribute"}],"note":[{"text":"This BioSample is a metagenomic assembly obtained from the mine drainage metagenome BioSample: SAMN06612088","tag":"attribute"}],"organism":[{"text":"Alphaproteobacteria bacterium 16-39-46","ontologyTerms":["http://purl.obolibrary.org/obo/NCBITaxon_1970490"]}],"ph":[{"text":"7.23","tag":"attribute"}],"temp":[{"text":"8.13","tag":"attribute"}],"title":[{"text":"Reservoir_2m_Sept"}]},"submittedVia":"JSON_API","create":"2017-03-20T17:33:17.066Z","_links":{"self":{"href":"https://www.ebi.ac.uk/biosamples/samples/SAMN06622281"},"curationDomain":{"href":"https://www.ebi.ac.uk/biosamples/samples/SAMN06622281{?curationdomain}","templated":true},"curationLinks":{"href":"https://www.ebi.ac.uk/biosamples/samples/SAMN06622281/curationlinks"},"curationLink":{"href":"https://www.ebi.ac.uk/biosamples/samples/SAMN06622281/curationlinks/{hash}","templated":true},"structuredData":{"href":"https://www.ebi.ac.uk/biosamples/structureddata/SAMN06622281"}}}