{"name":"Ruminococcus sp. UBA946","accession":"SAMN06454462","domain":"self.BiosampleImportNCBI","taxId":1947442,"release":"2017-02-27T00:00:00Z","update":"2022-03-30T01:30:28.009Z","submitted":"2017-02-27T11:13:19.910Z","characteristics":{"External Id":[{"text":"SAMN06454462","tag":"Namespace:BioSample"}],"INSDC center name":[{"text":"University of Queensland"}],"INSDC first public":[{"text":"2017-02-27T00:00:00Z"}],"INSDC secondary accession":[{"text":"SRS2032707"}],"INSDC status":[{"text":"live"}],"NCBI submission model":[{"text":"Microbe, viral or environmental"}],"SRA accession":[{"text":"SRS2032707"}],"assembly method":[{"text":"CLC de novo assembler","tag":"attribute"}],"assembly_method_version":[{"text":"4.4.1","tag":"attribute"}],"completeness_estimated":[{"text":"96.42%","tag":"attribute"}],"contamination_estimated":[{"text":"0.67%","tag":"attribute"}],"environmental sample":[{"text":"true","tag":"attribute"}],"genome coverage":[{"text":"12.15","tag":"attribute"}],"isolate":[{"text":"UBA946","tag":"attribute"}],"isolation-source":[{"text":"termite gut","tag":"attribute"}],"mapping_method":[{"text":"BWA (BWA-MEM)","tag":"attribute"}],"mapping_method_version":[{"text":"0.7.12-r1039","tag":"attribute"}],"metagenome source":[{"text":"termite gut metagenome","tag":"attribute"}],"metagenomic":[{"text":"true","tag":"attribute"}],"quality_assessment_method":[{"text":"CheckM","tag":"attribute"}],"quality_assessment_method_version":[{"text":"1.0.6","tag":"attribute"}],"sample type":[{"text":"metagenomic assembly","tag":"attribute"}],"subsrc_note":[{"text":"Genome binned from sequencing reads available in SRX255561 metagenome","tag":"attribute"}],"title":[{"text":"Uncultivated Ruminococcus sp. UBA946 genome recovered from SRX255561"}],"value":[{"text":"This BioSample is a metagenomic assembly obtained from the termite gut metagenome reads: SRR797682,SRR797685.","tag":"attribute"}]},"externalReferences":[{"url":"https://www.ebi.ac.uk/ena/data/view/SAMN06454462","duo":null}],"submittedVia":"JSON_API","create":"2017-02-27T11:13:19.910Z","_links":{"self":{"href":"https://www.ebi.ac.uk/biosamples/samples/SAMN06454462"},"curationDomain":{"href":"https://www.ebi.ac.uk/biosamples/samples/SAMN06454462{?curationdomain}","templated":true},"curationLinks":{"href":"https://www.ebi.ac.uk/biosamples/samples/SAMN06454462/curationlinks"},"curationLink":{"href":"https://www.ebi.ac.uk/biosamples/samples/SAMN06454462/curationlinks/{hash}","templated":true},"structuredData":{"href":"https://www.ebi.ac.uk/biosamples/structureddata/SAMN06454462"}}}