{"name":"Microbe sample from candidate division KSB1 4484_188","accession":"SAMN06288170","domain":"self.BiosampleImportNCBI","taxId":1956175,"release":"2017-02-01T00:00:00Z","update":"2022-03-30T00:24:12.473Z","submitted":"2017-02-01T12:09:03.343Z","characteristics":{"External Id":[{"text":"SAMN06288170","tag":"Namespace:BioSample"}],"INSDC center name":[{"text":"The University of Texas at Austin"}],"INSDC first public":[{"text":"2017-02-01T00:00:00Z"}],"INSDC last update":[{"text":"2021-02-28T04:00:30.343Z"}],"INSDC status":[{"text":"live"}],"NCBI submission model":[{"text":"Microbe, viral or environmental"}],"NCBI submission package":[{"text":"Microbe.1.0"}],"collection date":[{"text":"2008-12","tag":"attribute"}],"environmental sample":[{"text":"TRUE","tag":"attribute"}],"geo loc name":[{"text":"USA: Guaymas Basin, Gulf of California","tag":"attribute"}],"isolate":[{"text":"4484_188","tag":"attribute"}],"isolation source":[{"text":"deep-sea hydrothermal vent sediments from dive 4484","tag":"attribute"}],"lat lon":[{"text":"27.0388 N 111.24560 W","tag":"attribute"}],"metagenome source":[{"text":"marine sediment metagenome","tag":"attribute"}],"metagenomic":[{"text":"TRUE","tag":"attribute"}],"note":[{"text":"This biosample is a metagenomic assembly obtained from two marine sediment metagenomes BioSample: SAMN06251742 and SAMN06251743.","tag":"attribute"}],"organism":[{"text":"candidate division KSB1 bacterium 4484_188","ontologyTerms":["http://purl.obolibrary.org/obo/NCBITaxon_1956175"]}],"sample type":[{"text":"metagenomic assembly","tag":"attribute"}],"title":[{"text":"Microbe sample from Candidate division KSB1 4484_188"}]},"submittedVia":"JSON_API","create":"2017-02-01T12:09:03.343Z","_links":{"self":{"href":"https://www.ebi.ac.uk/biosamples/samples/SAMN06288170"},"curationDomain":{"href":"https://www.ebi.ac.uk/biosamples/samples/SAMN06288170{?curationdomain}","templated":true},"curationLinks":{"href":"https://www.ebi.ac.uk/biosamples/samples/SAMN06288170/curationlinks"},"curationLink":{"href":"https://www.ebi.ac.uk/biosamples/samples/SAMN06288170/curationlinks/{hash}","templated":true},"structuredData":{"href":"https://www.ebi.ac.uk/biosamples/structureddata/SAMN06288170"}}}