{"name":"73.20110800_P1D.52","accession":"SAMN08179105","domain":"self.BiosampleImportNCBI","taxId":2026763,"release":"2018-05-26T00:00:00Z","update":"2022-03-30T11:39:10.599Z","submitted":"2017-12-14T19:09:11.910Z","characteristics":{"External Id":[{"text":"SAMN08179105","tag":"Namespace:BioSample"}],"INSDC center name":[{"text":"The University of Queensland"}],"INSDC first public":[{"text":"2018-05-26T00:00:00Z"}],"INSDC last update":[{"text":"2021-02-28T05:12:47.243Z"}],"INSDC status":[{"text":"live"}],"NCBI submission model":[{"text":"Microbe, viral or environmental"}],"NCBI submission package":[{"text":"Microbe.1.0"}],"altitude":[{"text":"363 m","tag":"attribute"}],"collection date":[{"text":"2011-08-16","tag":"attribute"}],"depth":[{"text":"0.33-0.36","tag":"attribute"}],"environmental sample":[{"text":"1","tag":"attribute"}],"geo loc name":[{"text":"Sweden: Stordalen Mire","tag":"attribute"}],"isolate":[{"text":"palsa_1104","tag":"attribute"}],"isolation source":[{"text":"permafrost active layer soil","tag":"attribute"}],"lat lon":[{"text":"68.3534 N 19.0472 E","tag":"attribute"}],"metagenome source":[{"text":"peat metagenome","tag":"attribute"}],"metagenomic":[{"text":"1","tag":"attribute"}],"name":[{"text":"note","tag":"attribute"}],"organism":[{"text":"Myxococcales bacterium","ontologyTerms":["http://purl.obolibrary.org/obo/NCBITaxon_2026763"]}],"sample type":[{"text":"metagenomic assembly","tag":"attribute"}],"title":[{"text":"MAG Deltaproteobacteria_palsa_1104 from metagenome 20110800_P1D"}],"value":[{"text":"This BioSample is a metagenomic assembly obtained from the 20110800_P1D metagenome BioSample: SAMN07124935.","tag":"attribute"}]},"submittedVia":"JSON_API","create":"2017-12-14T19:09:11.910Z","_links":{"self":{"href":"https://www.ebi.ac.uk/biosamples/samples/SAMN08179105"},"curationDomain":{"href":"https://www.ebi.ac.uk/biosamples/samples/SAMN08179105{?curationdomain}","templated":true},"curationLinks":{"href":"https://www.ebi.ac.uk/biosamples/samples/SAMN08179105/curationlinks"},"curationLink":{"href":"https://www.ebi.ac.uk/biosamples/samples/SAMN08179105/curationlinks/{hash}","templated":true},"structuredData":{"href":"https://www.ebi.ac.uk/biosamples/structureddata/SAMN08179105"}}}