{"name":"V3","accession":"SAMN04994460","domain":"self.BiosampleImportNCBI","taxId":1867260,"release":"2016-05-13T00:00:00Z","update":"2022-03-29T18:14:27.438Z","submitted":"2016-05-12T19:16:05Z","characteristics":{"External Id":[{"text":"SAMN04994460","tag":"Namespace:BioSample"}],"INSDC center name":[{"text":"University of Queensland"}],"INSDC first public":[{"text":"2016-05-13T00:00:00Z"}],"INSDC last update":[{"text":"2022-02-02T21:05:25.241Z"}],"INSDC status":[{"text":"live"}],"NCBI submission model":[{"text":"MIMS.me"},{"text":"MIGS/MIMS/MIMARKS.wastewater"}],"NCBI submission package":[{"text":"MIMS.me.wastewater.5.0"}],"collection date":[{"text":"2015-01-01","tag":"attribute"}],"description":[{"text":"Keywords: GSC:MIxS;MIMS:5.0"}],"env biome":[{"text":"anaerobic","tag":"attribute"}],"env feature":[{"text":"pond","tag":"attribute"}],"env_material":[{"text":"sludge","tag":"attribute"}],"environmental sample":[{"text":"TRUE","tag":"attribute"}],"geo loc name":[{"text":"Australia: Brisbane","tag":"attribute"}],"isolate":[{"text":"V3","ontologyTerms":["http://www.ebi.ac.uk/efo/EFO_0009922"],"tag":"attribute"}],"isolation-source":[{"text":"Iso-alkane degrading methanogenic enrichment culture from Athabasca tailings sands","tag":"attribute"}],"lat lon":[{"text":"27.47 S 153.01999999 E","tag":"attribute"}],"metagenome source":[{"text":"aquatic metagenome","tag":"attribute"}],"metagenomic":[{"text":"TRUE","tag":"attribute"}],"note":[{"text":"This biosample is a metagenomic assembly obtained from the aquatic metagenome BioSample: SAMN05003750.","tag":"attribute"}],"organism":[{"text":"Candidatus Methanomethylicus oleisabuli","ontologyTerms":["http://purl.obolibrary.org/obo/NCBITaxon_1867260"]}],"sample type":[{"text":"metagenomic assembly","tag":"attribute"}],"title":[{"text":"MIMS Environmental/Metagenome sample from Candidatus Methanomethylicus oleisabuli"}]},"submittedVia":"JSON_API","create":"2016-05-12T19:16:05Z","_links":{"self":{"href":"https://www.ebi.ac.uk/biosamples/samples/SAMN04994460"},"curationDomain":{"href":"https://www.ebi.ac.uk/biosamples/samples/SAMN04994460{?curationdomain}","templated":true},"curationLinks":{"href":"https://www.ebi.ac.uk/biosamples/samples/SAMN04994460/curationlinks"},"curationLink":{"href":"https://www.ebi.ac.uk/biosamples/samples/SAMN04994460/curationlinks/{hash}","templated":true},"structuredData":{"href":"https://www.ebi.ac.uk/biosamples/structureddata/SAMN04994460"}}}