{"name":"Rokubacteria_AR17","accession":"SAMN08911923","domain":"self.BiosampleImportNCBI","taxId":2053607,"release":"2018-06-14T00:37:44.297Z","update":"2022-03-30T16:25:38.526Z","submitted":"2018-04-10T21:53:07.233Z","characteristics":{"External Id":[{"text":"SAMN08911923","tag":"Namespace:BioSample"}],"INSDC center name":[{"text":"Jill Banfield's Lab at Berkeley"}],"INSDC first public":[{"text":"2018-06-14T00:37:44.297Z"}],"INSDC last update":[{"text":"2018-06-14T00:37:44.297Z"}],"INSDC status":[{"text":"live"}],"NCBI submission model":[{"text":"Microbe, viral or environmental"}],"NCBI submission package":[{"text":"Microbe.1.0"}],"collection date":[{"text":"2014-09-03","tag":"attribute"}],"elev":[{"text":"1417 ft","tag":"attribute"}],"env biome":[{"text":"temperate grassland biome","tag":"attribute"}],"env feature":[{"text":"meadow soil","tag":"attribute"}],"env_material":[{"text":"soil","tag":"attribute"}],"environmental sample":[{"text":"1","tag":"attribute"}],"geo loc name":[{"text":"USA: Angelo Coast Range Reserve, CA","tag":"attribute"}],"isolate":[{"text":"AR17","tag":"attribute"}],"isolation source":[{"text":"meadow soil","tag":"attribute"}],"lat lon":[{"text":"39.74 N 123.63 W","tag":"attribute"}],"metagenome source":[{"text":"soil metagenome","ontologyTerms":["http://purl.obolibrary.org/obo/NCBITaxon_410658"],"tag":"attribute"}],"metagenomic":[{"text":"1","tag":"attribute"}],"note":[{"text":"This BioSample is a metagenomic assembly obtained from the soil metagenome BioSample: SAMN08902865","tag":"attribute"}],"organism":[{"text":"Candidatus Rokubacteria bacterium","ontologyTerms":["http://purl.obolibrary.org/obo/NCBITaxon_2053607"]}],"sample type":[{"text":"metagenomic assembly","tag":"attribute"}],"title":[{"text":"Microbe sample from Candidatus Rokubacteria bacterium"}]},"submittedVia":"JSON_API","create":"2018-04-10T21:53:07.233Z","_links":{"self":{"href":"https://www.ebi.ac.uk/biosamples/samples/SAMN08911923"},"curationDomain":{"href":"https://www.ebi.ac.uk/biosamples/samples/SAMN08911923{?curationdomain}","templated":true},"curationLinks":{"href":"https://www.ebi.ac.uk/biosamples/samples/SAMN08911923/curationlinks"},"curationLink":{"href":"https://www.ebi.ac.uk/biosamples/samples/SAMN08911923/curationlinks/{hash}","templated":true},"structuredData":{"href":"https://www.ebi.ac.uk/biosamples/structureddata/SAMN08911923"}}}