{"name":"Legionellales bacterium UBA7366","accession":"SAMN06454847","domain":"self.BiosampleImportNCBI","taxId":1951154,"release":"2017-02-27T00:00:00Z","update":"2022-03-30T01:30:37.975Z","submitted":"2017-02-27T11:14:15.223Z","characteristics":{"External Id":[{"text":"SAMN06454847","tag":"Namespace:BioSample"}],"INSDC center name":[{"text":"University of Queensland"}],"INSDC first public":[{"text":"2017-02-27T00:00:00Z"}],"INSDC last update":[{"text":"2017-08-15T13:21:02.898Z"}],"INSDC secondary accession":[{"text":"SRS2036389"}],"INSDC status":[{"text":"live"}],"NCBI submission model":[{"text":"Microbe, viral or environmental"}],"NCBI submission package":[{"text":"Microbe.1.0"}],"SRA accession":[{"text":"SRS2036389"}],"assembly method":[{"text":"CLC de novo assembler","tag":"attribute"}],"assembly_method_version":[{"text":"4.4.1","tag":"attribute"}],"completeness_estimated":[{"text":"94.06%","tag":"attribute"}],"contamination_estimated":[{"text":"3.35%","tag":"attribute"}],"description":[{"text":"Uncultivated genome recovered from an assembly of the SRX802189 metagenome."}],"environmental sample":[{"text":"true","tag":"attribute"}],"genome coverage":[{"text":"11.18","tag":"attribute"}],"geo loc name":[{"text":"North Sea","tag":"attribute"}],"isolate":[{"text":"UBA7366","tag":"attribute"}],"isolation-source":[{"text":"Subsurface seawater","tag":"attribute"}],"mapping_method":[{"text":"BWA (BWA-MEM)","tag":"attribute"}],"mapping_method_version":[{"text":"0.7.12-r1039","tag":"attribute"}],"metagenome source":[{"text":"marine metagenome","tag":"attribute"}],"metagenomic":[{"text":"true","tag":"attribute"}],"organism":[{"text":"Legionellales bacterium UBA7366","ontologyTerms":["http://purl.obolibrary.org/obo/NCBITaxon_1951154"]}],"quality_assessment_method":[{"text":"CheckM","tag":"attribute"}],"quality_assessment_method_version":[{"text":"1.0.6","tag":"attribute"}],"sample type":[{"text":"metagenomic assembly","tag":"attribute"}],"subsrc_note":[{"text":"Genome binned from sequencing reads available in SRX802189 metagenome","tag":"attribute"}],"title":[{"text":"Uncultivated Legionellales bacterium UBA7366 genome recovered from SRX802189"}],"value":[{"text":"This BioSample is a metagenomic assembly obtained from the marine metagenome reads: SRR1699645.","tag":"attribute"}]},"externalReferences":[{"url":"https://www.ebi.ac.uk/ena/data/view/SAMN06454847","duo":null}],"submittedVia":"JSON_API","create":"2017-02-27T11:14:15.223Z","_links":{"self":{"href":"https://www.ebi.ac.uk/biosamples/samples/SAMN06454847"},"curationDomain":{"href":"https://www.ebi.ac.uk/biosamples/samples/SAMN06454847{?curationdomain}","templated":true},"curationLinks":{"href":"https://www.ebi.ac.uk/biosamples/samples/SAMN06454847/curationlinks"},"curationLink":{"href":"https://www.ebi.ac.uk/biosamples/samples/SAMN06454847/curationlinks/{hash}","templated":true},"structuredData":{"href":"https://www.ebi.ac.uk/biosamples/structureddata/SAMN06454847"}}}