{"name":"AQVQ","accession":"SAMN02256477","domain":"self.BiosampleImportNCBI","taxId":1130305,"release":"2013-07-17T10:59:00.710Z","update":"2022-03-29T01:49:08.283Z","submitted":"2013-07-17T10:56:17.440Z","characteristics":{"External Id":[{"text":"SAMN02256477","tag":"Namespace:BioSample"}],"GOLD Stamp ID":[{"text":"Gi14100","tag":"attribute"}],"Gram Staining":[{"text":"Gram-","tag":"attribute"}],"INSDC center name":[{"text":"Joint Genome Institute"}],"INSDC first public":[{"text":"2013-07-17T10:59:00.710Z"}],"INSDC last update":[{"text":"2016-07-23T18:17:16.530Z"}],"INSDC secondary accession":[{"text":"SRS1580829"}],"INSDC status":[{"text":"live"}],"NCBI submission model":[{"text":"MIGS.ba"}],"NCBI submission package":[{"text":"MIGS.ba.5.0"}],"SRA accession":[{"text":"SRS1580829"}],"biome":[{"text":"not provided; submitted under MIGS 2.1","tag":"attribute"}],"description":[{"text":"Keywords: GSC:MIxS;MIGS:5.0"}],"feature":[{"text":"not provided; submitted under MIGS 2.1","tag":"attribute"}],"investigation type":[{"text":"bacteria_archaea","tag":"attribute"}],"material":[{"text":"not provided; submitted under MIGS 2.1","tag":"attribute"}],"note":[{"text":"single cell isolate","tag":"attribute"}],"organism":[{"text":"crenarchaeote SCGC AAA261-N23","ontologyTerms":["http://purl.obolibrary.org/obo/NCBITaxon_1130305"]}],"project name":[{"text":"Crenarchaeota archaeon SCGC AAA261-N23","tag":"attribute"}],"strain":[{"text":"SCGC AAA261-N23","tag":"attribute"}],"title":[{"text":"MIGS Cultured Bacterial/Archaeal sample from crenarchaeote SCGC AAA261-N23"}]},"externalReferences":[{"url":"https://www.ebi.ac.uk/ena/data/view/SAMN02256477","duo":null}],"submittedVia":"JSON_API","create":"2013-07-17T10:56:17.440Z","_links":{"self":{"href":"https://www.ebi.ac.uk/biosamples/samples/SAMN02256477"},"curationDomain":{"href":"https://www.ebi.ac.uk/biosamples/samples/SAMN02256477{?curationdomain}","templated":true},"curationLinks":{"href":"https://www.ebi.ac.uk/biosamples/samples/SAMN02256477/curationlinks"},"curationLink":{"href":"https://www.ebi.ac.uk/biosamples/samples/SAMN02256477/curationlinks/{hash}","templated":true},"structuredData":{"href":"https://www.ebi.ac.uk/biosamples/structureddata/SAMN02256477"}}}