{"name":"Sulfobacillus benefaciens AMDSBA1","accession":"SAMN08683243","domain":"self.BiosampleImportNCBI","taxId":453960,"release":"2018-03-09T00:00:00Z","update":"2022-03-30T14:56:52.902Z","submitted":"2018-03-09T18:45:05.460Z","characteristics":{"External Id":[{"text":"SAMN08683243","tag":"Namespace:BioSample"}],"INSDC center name":[{"text":"Jill Banfield's Lab at Berkeley"}],"INSDC first public":[{"text":"2018-03-09T00:00:00Z"}],"INSDC last update":[{"text":"2021-02-28T05:37:22.861Z"}],"INSDC status":[{"text":"live"}],"NCBI submission model":[{"text":"MIGS.ba"}],"NCBI submission package":[{"text":"MIGS.ba.5.0"}],"collection date":[{"text":"2008-02","tag":"attribute"}],"depth":[{"text":"0","tag":"attribute"}],"description":[{"text":"fungal streamer biofilms collected from the 5-way site of the Richmond Mine at Iron Mountain, California. The pH of the acid mine drainage the biomass was sampled from was 0.98, and the temperature was 38C"}],"elev":[{"text":"3100 ft","tag":"attribute"}],"env biome":[{"text":"terrestrial","tag":"attribute"}],"env feature":[{"text":"Richmond mine","tag":"attribute"}],"env_material":[{"text":"biofilm filtrate","tag":"attribute"}],"environmental sample":[{"text":"TRUE","tag":"attribute"}],"geo loc name":[{"text":"USA: Richmond Mine at Iron Mountain, CA","tag":"attribute"}],"isolate":[{"text":"AMDSBA1","tag":"attribute"}],"isolation source":[{"text":"fungal streamer biofilms collected from the 5-way site of the Richmond Mine at Iron Mountain, California. The pH of the acid mine drainage the biomass was sampled from was 0.98, and the temperature was 38C","tag":"attribute"}],"lat lon":[{"text":"40.68 N 122.20 W","tag":"attribute"}],"metagenome source":[{"text":"mine drainage metagenome","tag":"attribute"}],"metagenomic":[{"text":"TRUE","tag":"attribute"}],"note":[{"text":"This BioSample is a metagenomic assembly obtained from the mine drainage metagenome BioSample: SAMN00262685.","tag":"attribute"}],"organism":[{"text":"Sulfobacillus benefaciens","ontologyTerms":["http://purl.obolibrary.org/obo/NCBITaxon_453960"]}],"reference":[{"text":"Justice et al 2014 DOI: 10.1186/1471-2164-15-1107","tag":"attribute"}],"sample-type":[{"text":"metagenomic assembly","tag":"attribute"}],"title":[{"text":"Sulfobacillus benefaciens AMDSBA1"}]},"submittedVia":"JSON_API","create":"2018-03-09T18:45:05.460Z","_links":{"self":{"href":"https://www.ebi.ac.uk/biosamples/samples/SAMN08683243"},"curationDomain":{"href":"https://www.ebi.ac.uk/biosamples/samples/SAMN08683243{?curationdomain}","templated":true},"curationLinks":{"href":"https://www.ebi.ac.uk/biosamples/samples/SAMN08683243/curationlinks"},"curationLink":{"href":"https://www.ebi.ac.uk/biosamples/samples/SAMN08683243/curationlinks/{hash}","templated":true},"structuredData":{"href":"https://www.ebi.ac.uk/biosamples/structureddata/SAMN08683243"}}}