{"name":"SAMN03771261","accession":"SAMN03771261","domain":"self.BiosampleImportNCBI","taxId":1408281,"release":"2015-06-12T00:00:00Z","update":"2022-03-29T11:31:13.170Z","submitted":"2015-06-12T10:06:17Z","characteristics":{"External Id":[{"text":"SAMN03771261","tag":"Namespace:BioSample"}],"INSDC center name":[{"text":"MPI, Biogeochemistry"}],"INSDC first public":[{"text":"2015-06-12T00:00:00Z"}],"INSDC last update":[{"text":"2019-06-20T17:16:16.962Z"}],"INSDC status":[{"text":"live"}],"NCBI submission model":[{"text":"Generic"}],"NCBI submission package":[{"text":"Generic.1.0"}],"common name":[{"text":"gb|CP009498"}],"culture-collection":[{"text":"JCM:30189","tag":"attribute"}],"organism":[{"text":"Endomicrobium proavitum","ontologyTerms":["http://purl.obolibrary.org/obo/NCBITaxon_1408281"]}],"strain":[{"text":"Rsa215","tag":"attribute"}],"title":[{"text":"Sample from Endomicrobium proavitum"}],"type material":[{"text":"type strain of Endomicrobium proavitum","tag":"attribute"}]},"submittedVia":"JSON_API","create":"2015-06-12T10:06:17Z","_links":{"self":{"href":"https://www.ebi.ac.uk/biosamples/samples/SAMN03771261"},"curationDomain":{"href":"https://www.ebi.ac.uk/biosamples/samples/SAMN03771261{?curationdomain}","templated":true},"curationLinks":{"href":"https://www.ebi.ac.uk/biosamples/samples/SAMN03771261/curationlinks"},"curationLink":{"href":"https://www.ebi.ac.uk/biosamples/samples/SAMN03771261/curationlinks/{hash}","templated":true},"structuredData":{"href":"https://www.ebi.ac.uk/biosamples/structureddata/SAMN03771261"}}}